-- phpMyAdmin SQL Dump
-- version 4.9.7
-- https://www.phpmyadmin.net/
--
-- Host: localhost:3306
-- Generation Time: Dec 09, 2022 at 12:23 AM
-- Server version: 10.5.15-MariaDB-cll-lve
-- PHP Version: 7.4.26

SET SQL_MODE = "NO_AUTO_VALUE_ON_ZERO";
SET AUTOCOMMIT = 0;
START TRANSACTION;
SET time_zone = "+00:00";


/*!40101 SET @OLD_CHARACTER_SET_CLIENT=@@CHARACTER_SET_CLIENT */;
/*!40101 SET @OLD_CHARACTER_SET_RESULTS=@@CHARACTER_SET_RESULTS */;
/*!40101 SET @OLD_COLLATION_CONNECTION=@@COLLATION_CONNECTION */;
/*!40101 SET NAMES utf8mb4 */;

--
-- Database: `nextecki_metaciti`
--

-- --------------------------------------------------------

--
-- Table structure for table `adhocs`
--

CREATE TABLE `adhocs` (
  `id` bigint(20) UNSIGNED NOT NULL,
  `created_at` timestamp NULL DEFAULT NULL,
  `updated_at` timestamp NULL DEFAULT NULL
) ENGINE=InnoDB DEFAULT CHARSET=utf8mb4 COLLATE=utf8mb4_unicode_ci;

-- --------------------------------------------------------

--
-- Table structure for table `adhoc_users`
--

CREATE TABLE `adhoc_users` (
  `id` int(10) UNSIGNED NOT NULL,
  `request_id` char(36) COLLATE utf8mb4_unicode_ci NOT NULL,
  `name` varchar(50) COLLATE utf8mb4_unicode_ci NOT NULL,
  `email` varchar(150) COLLATE utf8mb4_unicode_ci DEFAULT NULL,
  `mobile` varchar(14) COLLATE utf8mb4_unicode_ci DEFAULT NULL,
  `active` tinyint(1) NOT NULL DEFAULT 1,
  `created_at` timestamp NULL DEFAULT NULL,
  `updated_at` timestamp NULL DEFAULT NULL
) ENGINE=InnoDB DEFAULT CHARSET=utf8mb4 COLLATE=utf8mb4_unicode_ci;

-- --------------------------------------------------------

--
-- Table structure for table `admin_details`
--

CREATE TABLE `admin_details` (
  `id` char(36) COLLATE utf8mb4_unicode_ci NOT NULL,
  `user_id` int(10) UNSIGNED NOT NULL,
  `service_location_id` char(36) COLLATE utf8mb4_unicode_ci DEFAULT NULL,
  `first_name` varchar(191) COLLATE utf8mb4_unicode_ci NOT NULL,
  `last_name` varchar(191) COLLATE utf8mb4_unicode_ci DEFAULT NULL,
  `address` text COLLATE utf8mb4_unicode_ci DEFAULT NULL,
  `country` int(10) UNSIGNED DEFAULT NULL,
  `state` varchar(50) COLLATE utf8mb4_unicode_ci DEFAULT NULL,
  `city` varchar(50) COLLATE utf8mb4_unicode_ci DEFAULT NULL,
  `pincode` int(11) DEFAULT NULL,
  `email` varchar(150) COLLATE utf8mb4_unicode_ci NOT NULL,
  `mobile` varchar(14) COLLATE utf8mb4_unicode_ci NOT NULL,
  `created_by` int(10) UNSIGNED DEFAULT NULL,
  `created_at` timestamp NULL DEFAULT NULL,
  `updated_at` timestamp NULL DEFAULT NULL,
  `deleted_at` timestamp NULL DEFAULT NULL
) ENGINE=InnoDB DEFAULT CHARSET=utf8mb4 COLLATE=utf8mb4_unicode_ci;

--
-- Dumping data for table `admin_details`
--

INSERT INTO `admin_details` (`id`, `user_id`, `service_location_id`, `first_name`, `last_name`, `address`, `country`, `state`, `city`, `pincode`, `email`, `mobile`, `created_by`, `created_at`, `updated_at`, `deleted_at`) VALUES
('7e0c8845-f9cd-418c-aec3-6abba54b4115', 1, NULL, 'admin', NULL, 'banglore HSR Layout', 102, 'banglore', 'banglore', 560102, 'admin@admin.com', '9999999999', NULL, '2022-10-15 04:53:49', '2022-11-19 06:58:50', NULL),
('cb7e3a00-e004-4de1-89e1-473c2211672f', 15, '495241b1-10eb-4c2f-8548-b54660d8c695', 'admin', NULL, 'Try f f f f', 102, 'Karnataka', 'Bangalore', 560102, 'admin1@admin.com', '9999999990', 1, '2022-11-27 11:55:50', '2022-11-27 11:55:50', NULL);

-- --------------------------------------------------------

--
-- Table structure for table `airports`
--

CREATE TABLE `airports` (
  `id` char(36) COLLATE utf8mb4_unicode_ci NOT NULL,
  `service_location_id` char(36) COLLATE utf8mb4_unicode_ci NOT NULL,
  `name` varchar(191) COLLATE utf8mb4_unicode_ci NOT NULL,
  `coordinates` multipolygon DEFAULT NULL,
  `lat` double(15,8) DEFAULT NULL,
  `lng` double(15,8) DEFAULT NULL,
  `airport_surge_fee` double(10,2) NOT NULL DEFAULT 0.00,
  `company_key` varchar(191) COLLATE utf8mb4_unicode_ci DEFAULT NULL,
  `active` tinyint(1) NOT NULL DEFAULT 1,
  `created_at` timestamp NULL DEFAULT NULL,
  `updated_at` timestamp NULL DEFAULT NULL
) ENGINE=InnoDB DEFAULT CHARSET=utf8mb4 COLLATE=utf8mb4_unicode_ci;

--
-- Dumping data for table `airports`
--

INSERT INTO `airports` (`id`, `service_location_id`, `name`, `coordinates`, `lat`, `lng`, `airport_surge_fee`, `company_key`, `active`, `created_at`, `updated_at`) VALUES
('344af1cc-e453-4ee5-be2c-c75d84242564', '495241b1-10eb-4c2f-8548-b54660d8c695', 'Kempegowda Airport', 0x0000000001060000000100000001030000000100000005000000e99575cc9b6d534036f5be9055662a40c6957508336d5340b6a09bfe65662a40cf9575ae326d534091b97c77f8652a40c99575379a6d5340555587fdf2652a40e99575cc9b6d534036f5be9055662a40, 13.19987156, 77.71263420, 0.00, NULL, 1, '2022-11-28 05:28:33', '2022-11-28 05:28:33');

-- --------------------------------------------------------

--
-- Table structure for table `cancellation_reasons`
--

CREATE TABLE `cancellation_reasons` (
  `id` char(36) COLLATE utf8mb4_unicode_ci NOT NULL,
  `company_key` varchar(191) COLLATE utf8mb4_unicode_ci DEFAULT NULL,
  `user_type` enum('user','driver') COLLATE utf8mb4_unicode_ci NOT NULL,
  `payment_type` enum('free','compensate') COLLATE utf8mb4_unicode_ci NOT NULL,
  `arrival_status` enum('before','after') COLLATE utf8mb4_unicode_ci NOT NULL,
  `reason` text COLLATE utf8mb4_unicode_ci NOT NULL,
  `active` tinyint(1) NOT NULL DEFAULT 1,
  `created_at` timestamp NULL DEFAULT NULL,
  `updated_at` timestamp NULL DEFAULT NULL,
  `deleted_at` timestamp NULL DEFAULT NULL
) ENGINE=InnoDB DEFAULT CHARSET=utf8mb4 COLLATE=utf8mb4_unicode_ci;

--
-- Dumping data for table `cancellation_reasons`
--

INSERT INTO `cancellation_reasons` (`id`, `company_key`, `user_type`, `payment_type`, `arrival_status`, `reason`, `active`, `created_at`, `updated_at`, `deleted_at`) VALUES
('0654f73f-6e45-482c-9acb-95e3dec6f116', NULL, 'driver', 'compensate', '', 'User Too Late', 1, '2022-10-15 04:53:50', '2022-10-28 13:10:28', NULL),
('2dbb22ed-0135-43e7-a144-29fc998c8afe', NULL, 'user', 'compensate', '', 'Self Cancelation', 1, '2022-10-15 04:53:50', '2022-10-15 04:53:50', NULL),
('427cc8a1-7d8b-4081-b45e-0b859cb77992', NULL, 'user', 'compensate', '', 'Driver Too Late', 1, '2022-10-15 04:53:50', '2022-10-15 04:53:50', NULL),
('57f7d7e1-28e6-4fa7-b7cf-1164f9f2873b', NULL, 'user', 'free', '', 'Driver Drinked', 1, '2022-10-15 04:53:50', '2022-10-15 04:53:50', NULL),
('88bc3f38-3e5f-42d6-b4d7-2923de2dc0da', NULL, 'driver', 'free', '', 'User Not Receive Calls', 1, '2022-10-15 04:53:50', '2022-10-15 04:53:50', NULL),
('a53a666e-f695-42fa-8070-0f0c1b67fedf', NULL, 'driver', 'compensate', '', 'User Too Late', 1, '2022-10-15 04:53:50', '2022-10-15 04:53:50', NULL),
('d29b237f-f365-4ff3-a14c-c39a874a79a5', NULL, 'driver', 'compensate', '', 'Self Cancelation', 1, '2022-10-15 04:53:50', '2022-10-15 04:53:50', NULL),
('d9ab939d-be38-45da-a5d1-86bddbb89f9d', NULL, 'user', 'free', '', 'Waiting for driver long Time', 1, '2022-10-15 04:53:50', '2022-10-15 04:53:50', NULL);

-- --------------------------------------------------------

--
-- Table structure for table `card_info`
--

CREATE TABLE `card_info` (
  `id` char(36) COLLATE utf8mb4_unicode_ci NOT NULL,
  `customer_id` varchar(191) COLLATE utf8mb4_unicode_ci NOT NULL,
  `merchant_id` varchar(191) COLLATE utf8mb4_unicode_ci NOT NULL,
  `card_token` varchar(191) COLLATE utf8mb4_unicode_ci NOT NULL,
  `valid_through` varchar(191) COLLATE utf8mb4_unicode_ci NOT NULL,
  `last_number` int(11) NOT NULL,
  `card_type` varchar(191) COLLATE utf8mb4_unicode_ci NOT NULL,
  `user_id` int(10) UNSIGNED NOT NULL,
  `is_default` tinyint(1) NOT NULL DEFAULT 0,
  `user_role` varchar(191) COLLATE utf8mb4_unicode_ci NOT NULL,
  `created_at` timestamp NULL DEFAULT NULL,
  `updated_at` timestamp NULL DEFAULT NULL,
  `deleted_at` timestamp NULL DEFAULT NULL
) ENGINE=InnoDB DEFAULT CHARSET=utf8mb4 COLLATE=utf8mb4_unicode_ci;

-- --------------------------------------------------------

--
-- Table structure for table `car_makes`
--

CREATE TABLE `car_makes` (
  `id` int(10) UNSIGNED NOT NULL,
  `name` varchar(191) COLLATE utf8mb4_unicode_ci DEFAULT NULL,
  `active` tinyint(1) NOT NULL DEFAULT 1,
  `created_at` timestamp NULL DEFAULT NULL,
  `updated_at` timestamp NULL DEFAULT NULL
) ENGINE=InnoDB DEFAULT CHARSET=utf8mb4 COLLATE=utf8mb4_unicode_ci;

--
-- Dumping data for table `car_makes`
--

INSERT INTO `car_makes` (`id`, `name`, `active`, `created_at`, `updated_at`) VALUES
(1, 'Acura', 1, '2022-10-15 04:53:49', '2022-10-15 04:53:49'),
(2, 'Alfa Romeo', 1, '2022-10-15 04:53:49', '2022-10-15 04:53:49'),
(3, 'Aston Martin', 1, '2022-10-15 04:53:49', '2022-10-15 04:53:49'),
(4, 'Audi', 1, '2022-10-15 04:53:49', '2022-10-15 04:53:49'),
(5, 'BMW', 1, '2022-10-15 04:53:49', '2022-10-15 04:53:49'),
(6, 'Bentley', 1, '2022-10-15 04:53:49', '2022-10-15 04:53:49'),
(7, 'Buick', 1, '2022-10-15 04:53:49', '2022-10-15 04:53:49'),
(8, 'Cadillac', 1, '2022-10-15 04:53:49', '2022-10-15 04:53:49'),
(9, 'Chevrolet', 1, '2022-10-15 04:53:49', '2022-10-15 04:53:49'),
(10, 'Chrysler', 1, '2022-10-15 04:53:49', '2022-10-15 04:53:49'),
(11, 'Dodge', 1, '2022-10-15 04:53:49', '2022-10-15 04:53:49'),
(12, 'FIAT', 1, '2022-10-15 04:53:49', '2022-10-15 04:53:49'),
(13, 'Ferrari', 1, '2022-10-15 04:53:49', '2022-10-15 04:53:49'),
(14, 'Fisker', 1, '2022-10-15 04:53:49', '2022-10-15 04:53:49'),
(15, 'Ford', 1, '2022-10-15 04:53:49', '2022-10-15 04:53:49'),
(16, 'GMC', 1, '2022-10-15 04:53:49', '2022-10-15 04:53:49'),
(17, 'HUMMER', 1, '2022-10-15 04:53:50', '2022-10-15 04:53:50'),
(18, 'Honda', 1, '2022-10-15 04:53:50', '2022-10-15 04:53:50'),
(19, 'Hyundai', 1, '2022-10-15 04:53:50', '2022-10-15 04:53:50'),
(20, 'INFINITI', 1, '2022-10-15 04:53:50', '2022-10-15 04:53:50'),
(21, 'Isuzu', 1, '2022-10-15 04:53:50', '2022-10-15 04:53:50'),
(22, 'Jaguar', 1, '2022-10-15 04:53:50', '2022-10-15 04:53:50'),
(23, 'Jeep', 1, '2022-10-15 04:53:50', '2022-10-15 04:53:50'),
(24, 'Kia', 1, '2022-10-15 04:53:50', '2022-10-15 04:53:50'),
(25, 'Land Rover', 1, '2022-10-15 04:53:50', '2022-10-15 04:53:50'),
(26, 'Lexus', 1, '2022-10-15 04:53:50', '2022-10-15 04:53:50'),
(27, 'Lincoln', 1, '2022-10-15 04:53:50', '2022-10-15 04:53:50'),
(28, 'MINI', 1, '2022-10-15 04:53:50', '2022-10-15 04:53:50'),
(29, 'Maserati', 1, '2022-10-15 04:53:50', '2022-10-15 04:53:50'),
(30, 'Mazda', 1, '2022-10-15 04:53:50', '2022-10-15 04:53:50'),
(31, 'Mercedes-Benz', 1, '2022-10-15 04:53:50', '2022-10-15 04:53:50'),
(32, 'Mercury', 1, '2022-10-15 04:53:50', '2022-10-15 04:53:50'),
(33, 'Mitsubishi', 1, '2022-10-15 04:53:50', '2022-10-15 04:53:50'),
(34, 'Nissan', 1, '2022-10-15 04:53:50', '2022-10-15 04:53:50'),
(35, 'Oldsmobile', 1, '2022-10-15 04:53:50', '2022-10-15 04:53:50'),
(36, 'Plymouth', 1, '2022-10-15 04:53:50', '2022-10-15 04:53:50'),
(37, 'Pontiac', 1, '2022-10-15 04:53:50', '2022-10-15 04:53:50'),
(38, 'Porsche', 1, '2022-10-15 04:53:50', '2022-10-15 04:53:50'),
(39, 'Ram', 1, '2022-10-15 04:53:50', '2022-10-15 04:53:50'),
(40, 'Rolls-Royce', 1, '2022-10-15 04:53:50', '2022-10-15 04:53:50'),
(41, 'Saab', 1, '2022-10-15 04:53:50', '2022-10-15 04:53:50'),
(42, 'Saturn', 1, '2022-10-15 04:53:50', '2022-10-15 04:53:50'),
(43, 'Scion', 1, '2022-10-15 04:53:50', '2022-10-15 04:53:50'),
(44, 'Subaru', 1, '2022-10-15 04:53:50', '2022-10-15 04:53:50'),
(45, 'Suzuki', 1, '2022-10-15 04:53:50', '2022-10-15 04:53:50'),
(46, 'Tesla', 1, '2022-10-15 04:53:50', '2022-10-15 04:53:50'),
(47, 'Toyota', 1, '2022-10-15 04:53:50', '2022-10-15 04:53:50'),
(48, 'Volkswagen', 1, '2022-10-15 04:53:50', '2022-10-15 04:53:50'),
(49, 'Volvo', 1, '2022-10-15 04:53:50', '2022-10-15 04:53:50'),
(50, 'smart', 1, '2022-10-15 04:53:50', '2022-10-15 04:53:50'),
(51, 'Demo Make', 1, '2022-11-07 01:56:37', '2022-11-07 01:56:37');

-- --------------------------------------------------------

--
-- Table structure for table `car_models`
--

CREATE TABLE `car_models` (
  `id` int(10) UNSIGNED NOT NULL,
  `make_id` int(10) UNSIGNED NOT NULL,
  `name` varchar(191) COLLATE utf8mb4_unicode_ci DEFAULT NULL,
  `active` tinyint(1) NOT NULL DEFAULT 1,
  `created_at` timestamp NULL DEFAULT NULL,
  `updated_at` timestamp NULL DEFAULT NULL
) ENGINE=InnoDB DEFAULT CHARSET=utf8mb4 COLLATE=utf8mb4_unicode_ci;

--
-- Dumping data for table `car_models`
--

INSERT INTO `car_models` (`id`, `make_id`, `name`, `active`, `created_at`, `updated_at`) VALUES
(1, 1, 'CL', 1, '2022-10-15 04:53:49', '2022-10-15 04:53:49'),
(2, 1, 'ILX', 1, '2022-10-15 04:53:49', '2022-10-15 04:53:49'),
(3, 1, 'Integra', 1, '2022-10-15 04:53:49', '2022-10-15 04:53:49'),
(4, 1, 'Legend', 1, '2022-10-15 04:53:49', '2022-10-15 04:53:49'),
(5, 1, 'MDX', 1, '2022-10-15 04:53:49', '2022-10-15 04:53:49'),
(6, 1, 'NSX', 1, '2022-10-15 04:53:49', '2022-10-15 04:53:49'),
(7, 1, 'RDX', 1, '2022-10-15 04:53:49', '2022-10-15 04:53:49'),
(8, 1, 'RL', 1, '2022-10-15 04:53:49', '2022-10-15 04:53:49'),
(9, 1, 'RLX', 1, '2022-10-15 04:53:49', '2022-10-15 04:53:49'),
(10, 1, 'RSX', 1, '2022-10-15 04:53:49', '2022-10-15 04:53:49'),
(11, 1, 'TL', 1, '2022-10-15 04:53:49', '2022-10-15 04:53:49'),
(12, 1, 'TLX', 1, '2022-10-15 04:53:49', '2022-10-15 04:53:49'),
(13, 1, 'TSX', 1, '2022-10-15 04:53:49', '2022-10-15 04:53:49'),
(14, 2, '4C', 1, '2022-10-15 04:53:49', '2022-10-15 04:53:49'),
(15, 2, 'Giulia', 1, '2022-10-15 04:53:49', '2022-10-15 04:53:49'),
(16, 2, 'Stelvio', 1, '2022-10-15 04:53:49', '2022-10-15 04:53:49'),
(17, 3, 'V8 Vantage', 1, '2022-10-15 04:53:49', '2022-10-15 04:53:49'),
(18, 4, 'A3', 1, '2022-10-15 04:53:49', '2022-10-15 04:53:49'),
(19, 4, 'A4', 1, '2022-10-15 04:53:49', '2022-10-15 04:53:49'),
(20, 4, 'A5', 1, '2022-10-15 04:53:49', '2022-10-15 04:53:49'),
(21, 4, 'A6', 1, '2022-10-15 04:53:49', '2022-10-15 04:53:49'),
(22, 4, 'A7', 1, '2022-10-15 04:53:49', '2022-10-15 04:53:49'),
(23, 4, 'A8', 1, '2022-10-15 04:53:49', '2022-10-15 04:53:49'),
(24, 4, 'Allroad', 1, '2022-10-15 04:53:49', '2022-10-15 04:53:49'),
(25, 4, 'F250', 1, '2022-10-15 04:53:49', '2022-10-15 04:53:49'),
(26, 4, 'Q3', 1, '2022-10-15 04:53:49', '2022-10-15 04:53:49'),
(27, 4, 'Q5', 1, '2022-10-15 04:53:49', '2022-10-15 04:53:49'),
(28, 4, 'Q7', 1, '2022-10-15 04:53:49', '2022-10-15 04:53:49'),
(29, 4, 'Q8', 1, '2022-10-15 04:53:49', '2022-10-15 04:53:49'),
(30, 4, 'R8', 1, '2022-10-15 04:53:49', '2022-10-15 04:53:49'),
(31, 4, 'RS 3', 1, '2022-10-15 04:53:49', '2022-10-15 04:53:49'),
(32, 4, 'RS 5', 1, '2022-10-15 04:53:49', '2022-10-15 04:53:49'),
(33, 4, 'RS 7', 1, '2022-10-15 04:53:49', '2022-10-15 04:53:49'),
(34, 4, 'RS5', 1, '2022-10-15 04:53:49', '2022-10-15 04:53:49'),
(35, 4, 'S3', 1, '2022-10-15 04:53:49', '2022-10-15 04:53:49'),
(36, 4, 'S4', 1, '2022-10-15 04:53:49', '2022-10-15 04:53:49'),
(37, 4, 'S5', 1, '2022-10-15 04:53:49', '2022-10-15 04:53:49'),
(38, 4, 'S6', 1, '2022-10-15 04:53:49', '2022-10-15 04:53:49'),
(39, 4, 'S7', 1, '2022-10-15 04:53:49', '2022-10-15 04:53:49'),
(40, 4, 'S8', 1, '2022-10-15 04:53:49', '2022-10-15 04:53:49'),
(41, 4, 'SQ5', 1, '2022-10-15 04:53:49', '2022-10-15 04:53:49'),
(42, 4, 'TT', 1, '2022-10-15 04:53:49', '2022-10-15 04:53:49'),
(43, 4, 'TTS', 1, '2022-10-15 04:53:49', '2022-10-15 04:53:49'),
(44, 5, '1 Series', 1, '2022-10-15 04:53:49', '2022-10-15 04:53:49'),
(45, 5, '2 Series', 1, '2022-10-15 04:53:49', '2022-10-15 04:53:49'),
(46, 5, '230i', 1, '2022-10-15 04:53:49', '2022-10-15 04:53:49'),
(47, 5, '3 Series', 1, '2022-10-15 04:53:49', '2022-10-15 04:53:49'),
(48, 5, '330i', 1, '2022-10-15 04:53:49', '2022-10-15 04:53:49'),
(49, 5, '4 Series', 1, '2022-10-15 04:53:49', '2022-10-15 04:53:49'),
(50, 5, '440i', 1, '2022-10-15 04:53:49', '2022-10-15 04:53:49'),
(51, 5, '5 Series', 1, '2022-10-15 04:53:49', '2022-10-15 04:53:49'),
(52, 5, '530e', 1, '2022-10-15 04:53:49', '2022-10-15 04:53:49'),
(53, 5, '530i', 1, '2022-10-15 04:53:49', '2022-10-15 04:53:49'),
(54, 5, '540i', 1, '2022-10-15 04:53:49', '2022-10-15 04:53:49'),
(55, 5, '6 Series', 1, '2022-10-15 04:53:49', '2022-10-15 04:53:49'),
(56, 5, '640xi', 1, '2022-10-15 04:53:49', '2022-10-15 04:53:49'),
(57, 5, '7-Series', 1, '2022-10-15 04:53:49', '2022-10-15 04:53:49'),
(58, 5, '740e', 1, '2022-10-15 04:53:49', '2022-10-15 04:53:49'),
(59, 5, '740i', 1, '2022-10-15 04:53:49', '2022-10-15 04:53:49'),
(60, 5, '750XI', 1, '2022-10-15 04:53:49', '2022-10-15 04:53:49'),
(61, 5, 'M2', 1, '2022-10-15 04:53:49', '2022-10-15 04:53:49'),
(62, 5, 'M240i', 1, '2022-10-15 04:53:49', '2022-10-15 04:53:49'),
(63, 5, 'M3', 1, '2022-10-15 04:53:49', '2022-10-15 04:53:49'),
(64, 5, 'M340XI', 1, '2022-10-15 04:53:49', '2022-10-15 04:53:49'),
(65, 5, 'M340i', 1, '2022-10-15 04:53:49', '2022-10-15 04:53:49'),
(66, 5, 'M4', 1, '2022-10-15 04:53:49', '2022-10-15 04:53:49'),
(67, 5, 'M5', 1, '2022-10-15 04:53:49', '2022-10-15 04:53:49'),
(68, 5, 'M550i', 1, '2022-10-15 04:53:49', '2022-10-15 04:53:49'),
(69, 5, 'M6', 1, '2022-10-15 04:53:49', '2022-10-15 04:53:49'),
(70, 5, 'M760i', 1, '2022-10-15 04:53:49', '2022-10-15 04:53:49'),
(71, 5, 'M850i', 1, '2022-10-15 04:53:49', '2022-10-15 04:53:49'),
(72, 5, 'X1', 1, '2022-10-15 04:53:49', '2022-10-15 04:53:49'),
(73, 5, 'X2', 1, '2022-10-15 04:53:49', '2022-10-15 04:53:49'),
(74, 5, 'X3', 1, '2022-10-15 04:53:49', '2022-10-15 04:53:49'),
(75, 5, 'X4', 1, '2022-10-15 04:53:49', '2022-10-15 04:53:49'),
(76, 5, 'X5', 1, '2022-10-15 04:53:49', '2022-10-15 04:53:49'),
(77, 5, 'X5 M', 1, '2022-10-15 04:53:49', '2022-10-15 04:53:49'),
(78, 5, 'X5 eDrive', 1, '2022-10-15 04:53:49', '2022-10-15 04:53:49'),
(79, 5, 'X6', 1, '2022-10-15 04:53:49', '2022-10-15 04:53:49'),
(80, 5, 'X6 M', 1, '2022-10-15 04:53:49', '2022-10-15 04:53:49'),
(81, 5, 'X7', 1, '2022-10-15 04:53:49', '2022-10-15 04:53:49'),
(82, 5, 'Z3', 1, '2022-10-15 04:53:49', '2022-10-15 04:53:49'),
(83, 5, 'Z4', 1, '2022-10-15 04:53:49', '2022-10-15 04:53:49'),
(84, 5, 'i3', 1, '2022-10-15 04:53:49', '2022-10-15 04:53:49'),
(85, 5, 'i8', 1, '2022-10-15 04:53:49', '2022-10-15 04:53:49'),
(86, 6, 'Continental GT', 1, '2022-10-15 04:53:49', '2022-10-15 04:53:49'),
(87, 6, 'Continental GTC', 1, '2022-10-15 04:53:49', '2022-10-15 04:53:49'),
(88, 7, 'Cascada', 1, '2022-10-15 04:53:49', '2022-10-15 04:53:49'),
(89, 7, 'Century', 1, '2022-10-15 04:53:49', '2022-10-15 04:53:49'),
(90, 7, 'Enclave', 1, '2022-10-15 04:53:49', '2022-10-15 04:53:49'),
(91, 7, 'Encore', 1, '2022-10-15 04:53:49', '2022-10-15 04:53:49'),
(92, 7, 'Envision', 1, '2022-10-15 04:53:49', '2022-10-15 04:53:49'),
(93, 7, 'LaCrosse', 1, '2022-10-15 04:53:49', '2022-10-15 04:53:49'),
(94, 7, 'LeSabre', 1, '2022-10-15 04:53:49', '2022-10-15 04:53:49'),
(95, 7, 'Lucerne', 1, '2022-10-15 04:53:49', '2022-10-15 04:53:49'),
(96, 7, 'Park Avenue', 1, '2022-10-15 04:53:49', '2022-10-15 04:53:49'),
(97, 7, 'Rainier', 1, '2022-10-15 04:53:49', '2022-10-15 04:53:49'),
(98, 7, 'Regal', 1, '2022-10-15 04:53:49', '2022-10-15 04:53:49'),
(99, 7, 'Regal Sportback', 1, '2022-10-15 04:53:49', '2022-10-15 04:53:49'),
(100, 7, 'Regal Tourx', 1, '2022-10-15 04:53:49', '2022-10-15 04:53:49'),
(101, 7, 'Rendezvous', 1, '2022-10-15 04:53:49', '2022-10-15 04:53:49'),
(102, 7, 'Skylark', 1, '2022-10-15 04:53:49', '2022-10-15 04:53:49'),
(103, 7, 'Terraza', 1, '2022-10-15 04:53:49', '2022-10-15 04:53:49'),
(104, 7, 'Verano', 1, '2022-10-15 04:53:49', '2022-10-15 04:53:49'),
(105, 8, 'ATS', 1, '2022-10-15 04:53:49', '2022-10-15 04:53:49'),
(106, 8, 'ATS-V', 1, '2022-10-15 04:53:49', '2022-10-15 04:53:49'),
(107, 8, 'Brougham', 1, '2022-10-15 04:53:49', '2022-10-15 04:53:49'),
(108, 8, 'CT6', 1, '2022-10-15 04:53:49', '2022-10-15 04:53:49'),
(109, 8, 'CTS', 1, '2022-10-15 04:53:49', '2022-10-15 04:53:49'),
(110, 8, 'CTS-V', 1, '2022-10-15 04:53:49', '2022-10-15 04:53:49'),
(111, 8, 'DTS', 1, '2022-10-15 04:53:49', '2022-10-15 04:53:49'),
(112, 8, 'Deville', 1, '2022-10-15 04:53:49', '2022-10-15 04:53:49'),
(113, 8, 'ELR', 1, '2022-10-15 04:53:49', '2022-10-15 04:53:49'),
(114, 8, 'Eldorado', 1, '2022-10-15 04:53:49', '2022-10-15 04:53:49'),
(115, 8, 'Escalade', 1, '2022-10-15 04:53:49', '2022-10-15 04:53:49'),
(116, 8, 'SRX', 1, '2022-10-15 04:53:49', '2022-10-15 04:53:49'),
(117, 8, 'STS', 1, '2022-10-15 04:53:49', '2022-10-15 04:53:49'),
(118, 8, 'XT4', 1, '2022-10-15 04:53:49', '2022-10-15 04:53:49'),
(119, 8, 'XT5', 1, '2022-10-15 04:53:49', '2022-10-15 04:53:49'),
(120, 8, 'XTS', 1, '2022-10-15 04:53:49', '2022-10-15 04:53:49'),
(121, 9, '3500', 1, '2022-10-15 04:53:49', '2022-10-15 04:53:49'),
(122, 9, '4500', 1, '2022-10-15 04:53:49', '2022-10-15 04:53:49'),
(123, 9, '4500 HD', 1, '2022-10-15 04:53:49', '2022-10-15 04:53:49'),
(124, 9, '4500xd', 1, '2022-10-15 04:53:49', '2022-10-15 04:53:49'),
(125, 9, '5500XD', 1, '2022-10-15 04:53:49', '2022-10-15 04:53:49'),
(126, 9, '5500hd', 1, '2022-10-15 04:53:49', '2022-10-15 04:53:49'),
(127, 9, 'Astro', 1, '2022-10-15 04:53:49', '2022-10-15 04:53:49'),
(128, 9, 'Avalanche', 1, '2022-10-15 04:53:49', '2022-10-15 04:53:49'),
(129, 9, 'Aveo', 1, '2022-10-15 04:53:49', '2022-10-15 04:53:49'),
(130, 9, 'Black Diamond Avalanche', 1, '2022-10-15 04:53:49', '2022-10-15 04:53:49'),
(131, 9, 'Blazer', 1, '2022-10-15 04:53:49', '2022-10-15 04:53:49'),
(132, 9, 'Bolt EV', 1, '2022-10-15 04:53:49', '2022-10-15 04:53:49'),
(133, 9, 'C/K 10', 1, '2022-10-15 04:53:49', '2022-10-15 04:53:49'),
(134, 9, 'C/K 1500', 1, '2022-10-15 04:53:49', '2022-10-15 04:53:49'),
(135, 9, 'C/K 2500', 1, '2022-10-15 04:53:49', '2022-10-15 04:53:49'),
(136, 9, 'Camaro', 1, '2022-10-15 04:53:49', '2022-10-15 04:53:49'),
(137, 9, 'Captiva Sport', 1, '2022-10-15 04:53:49', '2022-10-15 04:53:49'),
(138, 9, 'Cavalier', 1, '2022-10-15 04:53:49', '2022-10-15 04:53:49'),
(139, 9, 'Celebrity', 1, '2022-10-15 04:53:49', '2022-10-15 04:53:49'),
(140, 9, 'Chevy Van', 1, '2022-10-15 04:53:49', '2022-10-15 04:53:49'),
(141, 9, 'City Express', 1, '2022-10-15 04:53:49', '2022-10-15 04:53:49'),
(142, 9, 'Classic', 1, '2022-10-15 04:53:49', '2022-10-15 04:53:49'),
(143, 9, 'Cobalt', 1, '2022-10-15 04:53:49', '2022-10-15 04:53:49'),
(144, 9, 'Colorado', 1, '2022-10-15 04:53:49', '2022-10-15 04:53:49'),
(145, 9, 'Corvette', 1, '2022-10-15 04:53:49', '2022-10-15 04:53:49'),
(146, 9, 'Corvette Stingray', 1, '2022-10-15 04:53:49', '2022-10-15 04:53:49'),
(147, 9, 'Cruze', 1, '2022-10-15 04:53:49', '2022-10-15 04:53:49'),
(148, 9, 'Cruze Limited', 1, '2022-10-15 04:53:49', '2022-10-15 04:53:49'),
(149, 9, 'Equinox', 1, '2022-10-15 04:53:49', '2022-10-15 04:53:49'),
(150, 9, 'Express', 1, '2022-10-15 04:53:49', '2022-10-15 04:53:49'),
(151, 9, 'Express 2500', 1, '2022-10-15 04:53:49', '2022-10-15 04:53:49'),
(152, 9, 'Express 3500', 1, '2022-10-15 04:53:49', '2022-10-15 04:53:49'),
(153, 9, 'Express 4500', 1, '2022-10-15 04:53:49', '2022-10-15 04:53:49'),
(154, 9, 'Express Cargo', 1, '2022-10-15 04:53:49', '2022-10-15 04:53:49'),
(155, 9, 'Gm515 - Silverado', 1, '2022-10-15 04:53:49', '2022-10-15 04:53:49'),
(156, 9, 'HHR', 1, '2022-10-15 04:53:49', '2022-10-15 04:53:49'),
(157, 9, 'Impala', 1, '2022-10-15 04:53:49', '2022-10-15 04:53:49'),
(158, 9, 'Impala Limited', 1, '2022-10-15 04:53:49', '2022-10-15 04:53:49'),
(159, 9, 'Lumina', 1, '2022-10-15 04:53:49', '2022-10-15 04:53:49'),
(160, 9, 'Malibu', 1, '2022-10-15 04:53:49', '2022-10-15 04:53:49'),
(161, 9, 'Malibu Classic', 1, '2022-10-15 04:53:49', '2022-10-15 04:53:49'),
(162, 9, 'Malibu Limited', 1, '2022-10-15 04:53:49', '2022-10-15 04:53:49'),
(163, 9, 'Malibu Maxx', 1, '2022-10-15 04:53:49', '2022-10-15 04:53:49'),
(164, 9, 'Monte Carlo', 1, '2022-10-15 04:53:49', '2022-10-15 04:53:49'),
(165, 9, 'Prizm', 1, '2022-10-15 04:53:49', '2022-10-15 04:53:49'),
(166, 9, 'S-10', 1, '2022-10-15 04:53:49', '2022-10-15 04:53:49'),
(167, 9, 'S10 Pickup', 1, '2022-10-15 04:53:49', '2022-10-15 04:53:49'),
(168, 9, 'SS', 1, '2022-10-15 04:53:49', '2022-10-15 04:53:49'),
(169, 9, 'SSR', 1, '2022-10-15 04:53:49', '2022-10-15 04:53:49'),
(170, 9, 'Silverado', 1, '2022-10-15 04:53:49', '2022-10-15 04:53:49'),
(171, 9, 'Silverado 1500', 1, '2022-10-15 04:53:49', '2022-10-15 04:53:49'),
(172, 9, 'Silverado 2500HD', 1, '2022-10-15 04:53:49', '2022-10-15 04:53:49'),
(173, 9, 'Silverado 3500', 1, '2022-10-15 04:53:49', '2022-10-15 04:53:49'),
(174, 9, 'Silverado 3500HD', 1, '2022-10-15 04:53:49', '2022-10-15 04:53:49'),
(175, 9, 'Silverado HD', 1, '2022-10-15 04:53:49', '2022-10-15 04:53:49'),
(176, 9, 'Silverado LD', 1, '2022-10-15 04:53:49', '2022-10-15 04:53:49'),
(177, 9, 'Silverado Legacy', 1, '2022-10-15 04:53:49', '2022-10-15 04:53:49'),
(178, 9, 'Sonic', 1, '2022-10-15 04:53:49', '2022-10-15 04:53:49'),
(179, 9, 'Spark', 1, '2022-10-15 04:53:49', '2022-10-15 04:53:49'),
(180, 9, 'Spark EV', 1, '2022-10-15 04:53:49', '2022-10-15 04:53:49'),
(181, 9, 'Suburban', 1, '2022-10-15 04:53:49', '2022-10-15 04:53:49'),
(182, 9, 'TRAVERSE', 1, '2022-10-15 04:53:49', '2022-10-15 04:53:49'),
(183, 9, 'Tahoe', 1, '2022-10-15 04:53:49', '2022-10-15 04:53:49'),
(184, 9, 'Tracker', 1, '2022-10-15 04:53:49', '2022-10-15 04:53:49'),
(185, 9, 'TrailBlazer', 1, '2022-10-15 04:53:49', '2022-10-15 04:53:49'),
(186, 9, 'TrailBlazer EXT', 1, '2022-10-15 04:53:49', '2022-10-15 04:53:49'),
(187, 9, 'Traverse', 1, '2022-10-15 04:53:49', '2022-10-15 04:53:49'),
(188, 9, 'Trax', 1, '2022-10-15 04:53:49', '2022-10-15 04:53:49'),
(189, 9, 'Uplander', 1, '2022-10-15 04:53:49', '2022-10-15 04:53:49'),
(190, 9, 'Venture', 1, '2022-10-15 04:53:49', '2022-10-15 04:53:49'),
(191, 9, 'Volt', 1, '2022-10-15 04:53:49', '2022-10-15 04:53:49'),
(192, 10, '200', 1, '2022-10-15 04:53:49', '2022-10-15 04:53:49'),
(193, 10, '300', 1, '2022-10-15 04:53:49', '2022-10-15 04:53:49'),
(194, 10, '300M', 1, '2022-10-15 04:53:49', '2022-10-15 04:53:49'),
(195, 10, 'Aspen', 1, '2022-10-15 04:53:49', '2022-10-15 04:53:49'),
(196, 10, 'Concorde', 1, '2022-10-15 04:53:49', '2022-10-15 04:53:49'),
(197, 10, 'Crossfire', 1, '2022-10-15 04:53:49', '2022-10-15 04:53:49'),
(198, 10, 'LHS', 1, '2022-10-15 04:53:49', '2022-10-15 04:53:49'),
(199, 10, 'PT Cruiser', 1, '2022-10-15 04:53:49', '2022-10-15 04:53:49'),
(200, 10, 'Pacifica', 1, '2022-10-15 04:53:49', '2022-10-15 04:53:49'),
(201, 10, 'Sebring', 1, '2022-10-15 04:53:49', '2022-10-15 04:53:49'),
(202, 10, 'Town & Country', 1, '2022-10-15 04:53:49', '2022-10-15 04:53:49'),
(203, 10, 'Town and Country', 1, '2022-10-15 04:53:49', '2022-10-15 04:53:49'),
(204, 10, 'Voyager', 1, '2022-10-15 04:53:49', '2022-10-15 04:53:49'),
(205, 11, 'Avenger', 1, '2022-10-15 04:53:49', '2022-10-15 04:53:49'),
(206, 11, 'Caliber', 1, '2022-10-15 04:53:49', '2022-10-15 04:53:49'),
(207, 11, 'Caravan', 1, '2022-10-15 04:53:49', '2022-10-15 04:53:49'),
(208, 11, 'Caravan/Grand Caravan', 1, '2022-10-15 04:53:49', '2022-10-15 04:53:49'),
(209, 11, 'Challenger', 1, '2022-10-15 04:53:49', '2022-10-15 04:53:49'),
(210, 11, 'Charger', 1, '2022-10-15 04:53:49', '2022-10-15 04:53:49'),
(211, 11, 'Dakota', 1, '2022-10-15 04:53:49', '2022-10-15 04:53:49'),
(212, 11, 'Dart', 1, '2022-10-15 04:53:49', '2022-10-15 04:53:49'),
(213, 11, 'Durango', 1, '2022-10-15 04:53:49', '2022-10-15 04:53:49'),
(214, 11, 'Grand Caravan', 1, '2022-10-15 04:53:49', '2022-10-15 04:53:49'),
(215, 11, 'Intrepid', 1, '2022-10-15 04:53:49', '2022-10-15 04:53:49'),
(216, 11, 'Journey', 1, '2022-10-15 04:53:49', '2022-10-15 04:53:49'),
(217, 11, 'Magnum', 1, '2022-10-15 04:53:49', '2022-10-15 04:53:49'),
(218, 11, 'Neon', 1, '2022-10-15 04:53:49', '2022-10-15 04:53:49'),
(219, 11, 'Nitro', 1, '2022-10-15 04:53:49', '2022-10-15 04:53:49'),
(220, 11, 'Ram 1500', 1, '2022-10-15 04:53:49', '2022-10-15 04:53:49'),
(221, 11, 'Ram 2500', 1, '2022-10-15 04:53:49', '2022-10-15 04:53:49'),
(222, 11, 'Ram 3500', 1, '2022-10-15 04:53:49', '2022-10-15 04:53:49'),
(223, 11, 'Stratus', 1, '2022-10-15 04:53:49', '2022-10-15 04:53:49'),
(224, 11, 'Viper', 1, '2022-10-15 04:53:49', '2022-10-15 04:53:49'),
(225, 12, '124 Spider', 1, '2022-10-15 04:53:49', '2022-10-15 04:53:49'),
(226, 12, '500', 1, '2022-10-15 04:53:49', '2022-10-15 04:53:49'),
(227, 12, '500L', 1, '2022-10-15 04:53:49', '2022-10-15 04:53:49'),
(228, 12, '500X', 1, '2022-10-15 04:53:49', '2022-10-15 04:53:49'),
(229, 12, '500e', 1, '2022-10-15 04:53:49', '2022-10-15 04:53:49'),
(230, 13, 'California', 1, '2022-10-15 04:53:49', '2022-10-15 04:53:49'),
(231, 14, 'Karma', 1, '2022-10-15 04:53:49', '2022-10-15 04:53:49'),
(232, 15, 'C-Max', 1, '2022-10-15 04:53:49', '2022-10-15 04:53:49'),
(233, 15, 'C-Max Energi', 1, '2022-10-15 04:53:49', '2022-10-15 04:53:49'),
(234, 15, 'Club Wagon', 1, '2022-10-15 04:53:49', '2022-10-15 04:53:49'),
(235, 15, 'Contour', 1, '2022-10-15 04:53:49', '2022-10-15 04:53:49'),
(236, 15, 'Crown Victoria', 1, '2022-10-15 04:53:49', '2022-10-15 04:53:49'),
(237, 15, 'E-350', 1, '2022-10-15 04:53:49', '2022-10-15 04:53:49'),
(238, 15, 'E-350SD', 1, '2022-10-15 04:53:49', '2022-10-15 04:53:49'),
(239, 15, 'E-Series Van', 1, '2022-10-15 04:53:49', '2022-10-15 04:53:49'),
(240, 15, 'E-Series Wagon', 1, '2022-10-15 04:53:49', '2022-10-15 04:53:49'),
(241, 15, 'EcoSport', 1, '2022-10-15 04:53:49', '2022-10-15 04:53:49'),
(242, 15, 'Econoline', 1, '2022-10-15 04:53:49', '2022-10-15 04:53:49'),
(243, 15, 'Econoline Cargo', 1, '2022-10-15 04:53:49', '2022-10-15 04:53:49'),
(244, 15, 'Econoline Wagon', 1, '2022-10-15 04:53:49', '2022-10-15 04:53:49'),
(245, 15, 'Edge', 1, '2022-10-15 04:53:49', '2022-10-15 04:53:49'),
(246, 15, 'Escape', 1, '2022-10-15 04:53:49', '2022-10-15 04:53:49'),
(247, 15, 'Escort', 1, '2022-10-15 04:53:49', '2022-10-15 04:53:49'),
(248, 15, 'Excursion', 1, '2022-10-15 04:53:49', '2022-10-15 04:53:49'),
(249, 15, 'Expedition', 1, '2022-10-15 04:53:49', '2022-10-15 04:53:49'),
(250, 15, 'Expedition MAX', 1, '2022-10-15 04:53:49', '2022-10-15 04:53:49'),
(251, 15, 'Explorer', 1, '2022-10-15 04:53:49', '2022-10-15 04:53:49'),
(252, 15, 'Explorer Sport', 1, '2022-10-15 04:53:49', '2022-10-15 04:53:49'),
(253, 15, 'Explorer Sport Trac', 1, '2022-10-15 04:53:49', '2022-10-15 04:53:49'),
(254, 15, 'F-150', 1, '2022-10-15 04:53:49', '2022-10-15 04:53:49'),
(255, 15, 'F-250', 1, '2022-10-15 04:53:49', '2022-10-15 04:53:49'),
(256, 15, 'F-250 SD', 1, '2022-10-15 04:53:49', '2022-10-15 04:53:49'),
(257, 15, 'F-350', 1, '2022-10-15 04:53:49', '2022-10-15 04:53:49'),
(258, 15, 'F-350 SD', 1, '2022-10-15 04:53:49', '2022-10-15 04:53:49'),
(259, 15, 'F-450', 1, '2022-10-15 04:53:49', '2022-10-15 04:53:49'),
(260, 15, 'F-450 SD', 1, '2022-10-15 04:53:49', '2022-10-15 04:53:49'),
(261, 15, 'F-550', 1, '2022-10-15 04:53:49', '2022-10-15 04:53:49'),
(262, 15, 'F650', 1, '2022-10-15 04:53:49', '2022-10-15 04:53:49'),
(263, 15, 'Fiesta', 1, '2022-10-15 04:53:49', '2022-10-15 04:53:49'),
(264, 15, 'Five Hundred', 1, '2022-10-15 04:53:49', '2022-10-15 04:53:49'),
(265, 15, 'Flex', 1, '2022-10-15 04:53:49', '2022-10-15 04:53:49'),
(266, 15, 'Focus', 1, '2022-10-15 04:53:49', '2022-10-15 04:53:49'),
(267, 15, 'Focus RS', 1, '2022-10-15 04:53:49', '2022-10-15 04:53:49'),
(268, 15, 'Focus ST', 1, '2022-10-15 04:53:49', '2022-10-15 04:53:49'),
(269, 15, 'Freestar', 1, '2022-10-15 04:53:49', '2022-10-15 04:53:49'),
(270, 15, 'Freestyle', 1, '2022-10-15 04:53:49', '2022-10-15 04:53:49'),
(271, 15, 'Fusion', 1, '2022-10-15 04:53:49', '2022-10-15 04:53:49'),
(272, 15, 'Fusion Energi', 1, '2022-10-15 04:53:49', '2022-10-15 04:53:49'),
(273, 15, 'Mustang', 1, '2022-10-15 04:53:49', '2022-10-15 04:53:49'),
(274, 15, 'Mustang SVT Cobra', 1, '2022-10-15 04:53:49', '2022-10-15 04:53:49'),
(275, 15, 'Ranger', 1, '2022-10-15 04:53:49', '2022-10-15 04:53:49'),
(276, 15, 'Shelby GT350', 1, '2022-10-15 04:53:49', '2022-10-15 04:53:49'),
(277, 15, 'Shelby GT500', 1, '2022-10-15 04:53:49', '2022-10-15 04:53:49'),
(278, 15, 'Taurus', 1, '2022-10-15 04:53:49', '2022-10-15 04:53:49'),
(279, 15, 'Thunderbird', 1, '2022-10-15 04:53:49', '2022-10-15 04:53:49'),
(280, 15, 'Transit Connect', 1, '2022-10-15 04:53:49', '2022-10-15 04:53:49'),
(281, 15, 'Transit Van', 1, '2022-10-15 04:53:49', '2022-10-15 04:53:49'),
(282, 15, 'Transit Wagon', 1, '2022-10-15 04:53:49', '2022-10-15 04:53:49'),
(283, 15, 'Windstar', 1, '2022-10-15 04:53:49', '2022-10-15 04:53:49'),
(284, 16, 'Acadia', 1, '2022-10-15 04:53:49', '2022-10-15 04:53:49'),
(285, 16, 'Acadia Limited', 1, '2022-10-15 04:53:49', '2022-10-15 04:53:49'),
(286, 16, 'Canyon', 1, '2022-10-15 04:53:49', '2022-10-15 04:53:49'),
(287, 16, 'Envoy', 1, '2022-10-15 04:53:49', '2022-10-15 04:53:49'),
(288, 16, 'Envoy XL', 1, '2022-10-15 04:53:49', '2022-10-15 04:53:49'),
(289, 16, 'Envoy XUV', 1, '2022-10-15 04:53:49', '2022-10-15 04:53:49'),
(290, 16, 'Jimmy', 1, '2022-10-15 04:53:49', '2022-10-15 04:53:49'),
(291, 16, 'Safari', 1, '2022-10-15 04:53:49', '2022-10-15 04:53:49'),
(292, 16, 'Savana', 1, '2022-10-15 04:53:50', '2022-10-15 04:53:50'),
(293, 16, 'Savana 2500', 1, '2022-10-15 04:53:50', '2022-10-15 04:53:50'),
(294, 16, 'Savana Cargo', 1, '2022-10-15 04:53:50', '2022-10-15 04:53:50'),
(295, 16, 'Savana VAN', 1, '2022-10-15 04:53:50', '2022-10-15 04:53:50'),
(296, 16, 'Sierra', 1, '2022-10-15 04:53:50', '2022-10-15 04:53:50'),
(297, 16, 'Sierra 1500', 1, '2022-10-15 04:53:50', '2022-10-15 04:53:50'),
(298, 16, 'Sierra 2500', 1, '2022-10-15 04:53:50', '2022-10-15 04:53:50'),
(299, 16, 'Sierra 2500HD', 1, '2022-10-15 04:53:50', '2022-10-15 04:53:50'),
(300, 16, 'Sierra 3500', 1, '2022-10-15 04:53:50', '2022-10-15 04:53:50'),
(301, 16, 'Sierra 3500HD', 1, '2022-10-15 04:53:50', '2022-10-15 04:53:50'),
(302, 16, 'Sierra C/K 1500', 1, '2022-10-15 04:53:50', '2022-10-15 04:53:50'),
(303, 16, 'Sierra C/K 2500', 1, '2022-10-15 04:53:50', '2022-10-15 04:53:50'),
(304, 16, 'Sierra Limited', 1, '2022-10-15 04:53:50', '2022-10-15 04:53:50'),
(305, 16, 'Sonoma', 1, '2022-10-15 04:53:50', '2022-10-15 04:53:50'),
(306, 16, 'Suburban', 1, '2022-10-15 04:53:50', '2022-10-15 04:53:50'),
(307, 16, 'Terrain', 1, '2022-10-15 04:53:50', '2022-10-15 04:53:50'),
(308, 16, 'Yukon', 1, '2022-10-15 04:53:50', '2022-10-15 04:53:50'),
(309, 16, 'Yukon Denali', 1, '2022-10-15 04:53:50', '2022-10-15 04:53:50'),
(310, 16, 'Yukon XL', 1, '2022-10-15 04:53:50', '2022-10-15 04:53:50'),
(311, 17, 'H1', 1, '2022-10-15 04:53:50', '2022-10-15 04:53:50'),
(312, 17, 'H2', 1, '2022-10-15 04:53:50', '2022-10-15 04:53:50'),
(313, 17, 'H2 SUT', 1, '2022-10-15 04:53:50', '2022-10-15 04:53:50'),
(314, 17, 'H3', 1, '2022-10-15 04:53:50', '2022-10-15 04:53:50'),
(315, 18, 'Accord', 1, '2022-10-15 04:53:50', '2022-10-15 04:53:50'),
(316, 18, 'Accord Crosstour', 1, '2022-10-15 04:53:50', '2022-10-15 04:53:50'),
(317, 18, 'CBR1000RR', 1, '2022-10-15 04:53:50', '2022-10-15 04:53:50'),
(318, 18, 'CR-V', 1, '2022-10-15 04:53:50', '2022-10-15 04:53:50'),
(319, 18, 'CR-Z', 1, '2022-10-15 04:53:50', '2022-10-15 04:53:50'),
(320, 18, 'Civic', 1, '2022-10-15 04:53:50', '2022-10-15 04:53:50'),
(321, 18, 'Clarity', 1, '2022-10-15 04:53:50', '2022-10-15 04:53:50'),
(322, 18, 'Crosstour', 1, '2022-10-15 04:53:50', '2022-10-15 04:53:50'),
(323, 18, 'Element', 1, '2022-10-15 04:53:50', '2022-10-15 04:53:50'),
(324, 18, 'Fit', 1, '2022-10-15 04:53:50', '2022-10-15 04:53:50'),
(325, 18, 'Goldwing', 1, '2022-10-15 04:53:50', '2022-10-15 04:53:50'),
(326, 18, 'HR-V', 1, '2022-10-15 04:53:50', '2022-10-15 04:53:50'),
(327, 18, 'Insight', 1, '2022-10-15 04:53:50', '2022-10-15 04:53:50'),
(328, 18, 'Odyssey', 1, '2022-10-15 04:53:50', '2022-10-15 04:53:50'),
(329, 18, 'Passport', 1, '2022-10-15 04:53:50', '2022-10-15 04:53:50'),
(330, 18, 'Passport UV', 1, '2022-10-15 04:53:50', '2022-10-15 04:53:50'),
(331, 18, 'Pilot', 1, '2022-10-15 04:53:50', '2022-10-15 04:53:50'),
(332, 18, 'Prelude', 1, '2022-10-15 04:53:50', '2022-10-15 04:53:50'),
(333, 18, 'Ridgeline', 1, '2022-10-15 04:53:50', '2022-10-15 04:53:50'),
(334, 18, 'S2000', 1, '2022-10-15 04:53:50', '2022-10-15 04:53:50'),
(335, 18, 'VT750C2B', 1, '2022-10-15 04:53:50', '2022-10-15 04:53:50'),
(336, 18, 'VT750CA', 1, '2022-10-15 04:53:50', '2022-10-15 04:53:50'),
(337, 19, 'Accent', 1, '2022-10-15 04:53:50', '2022-10-15 04:53:50'),
(338, 19, 'Azera', 1, '2022-10-15 04:53:50', '2022-10-15 04:53:50'),
(339, 19, 'Elantra', 1, '2022-10-15 04:53:50', '2022-10-15 04:53:50'),
(340, 19, 'Elantra GT', 1, '2022-10-15 04:53:50', '2022-10-15 04:53:50'),
(341, 19, 'Elantra Touring', 1, '2022-10-15 04:53:50', '2022-10-15 04:53:50'),
(342, 19, 'Entourage', 1, '2022-10-15 04:53:50', '2022-10-15 04:53:50'),
(343, 19, 'Equus', 1, '2022-10-15 04:53:50', '2022-10-15 04:53:50'),
(344, 19, 'Genesis', 1, '2022-10-15 04:53:50', '2022-10-15 04:53:50'),
(345, 19, 'Ioniq', 1, '2022-10-15 04:53:50', '2022-10-15 04:53:50'),
(346, 19, 'Ioniq Electric ', 1, '2022-10-15 04:53:50', '2022-10-15 04:53:50'),
(347, 19, 'Kona', 1, '2022-10-15 04:53:50', '2022-10-15 04:53:50'),
(348, 19, 'Santa', 1, '2022-10-15 04:53:50', '2022-10-15 04:53:50'),
(349, 19, 'Santa FE XL', 1, '2022-10-15 04:53:50', '2022-10-15 04:53:50'),
(350, 19, 'Santa Fe', 1, '2022-10-15 04:53:50', '2022-10-15 04:53:50'),
(351, 19, 'Santa Fe Sport', 1, '2022-10-15 04:53:50', '2022-10-15 04:53:50'),
(352, 19, 'Sonata', 1, '2022-10-15 04:53:50', '2022-10-15 04:53:50'),
(353, 19, 'Tiburon', 1, '2022-10-15 04:53:50', '2022-10-15 04:53:50'),
(354, 19, 'Tucson', 1, '2022-10-15 04:53:50', '2022-10-15 04:53:50'),
(355, 19, 'Veloster', 1, '2022-10-15 04:53:50', '2022-10-15 04:53:50'),
(356, 19, 'Veracruz', 1, '2022-10-15 04:53:50', '2022-10-15 04:53:50'),
(357, 20, 'EX', 1, '2022-10-15 04:53:50', '2022-10-15 04:53:50'),
(358, 20, 'EX35', 1, '2022-10-15 04:53:50', '2022-10-15 04:53:50'),
(359, 20, 'FX', 1, '2022-10-15 04:53:50', '2022-10-15 04:53:50'),
(360, 20, 'FX35', 1, '2022-10-15 04:53:50', '2022-10-15 04:53:50'),
(361, 20, 'G', 1, '2022-10-15 04:53:50', '2022-10-15 04:53:50'),
(362, 20, 'G Convertible', 1, '2022-10-15 04:53:50', '2022-10-15 04:53:50'),
(363, 20, 'G Sedan', 1, '2022-10-15 04:53:50', '2022-10-15 04:53:50'),
(364, 20, 'G20', 1, '2022-10-15 04:53:50', '2022-10-15 04:53:50'),
(365, 20, 'G35', 1, '2022-10-15 04:53:50', '2022-10-15 04:53:50'),
(366, 20, 'G37', 1, '2022-10-15 04:53:50', '2022-10-15 04:53:50'),
(367, 20, 'G37 Convertible', 1, '2022-10-15 04:53:50', '2022-10-15 04:53:50'),
(368, 20, 'G37 Sedan', 1, '2022-10-15 04:53:50', '2022-10-15 04:53:50'),
(369, 20, 'I30', 1, '2022-10-15 04:53:50', '2022-10-15 04:53:50'),
(370, 20, 'I35', 1, '2022-10-15 04:53:50', '2022-10-15 04:53:50'),
(371, 20, 'J30', 1, '2022-10-15 04:53:50', '2022-10-15 04:53:50'),
(372, 20, 'JX', 1, '2022-10-15 04:53:50', '2022-10-15 04:53:50'),
(373, 20, 'M', 1, '2022-10-15 04:53:50', '2022-10-15 04:53:50'),
(374, 20, 'M35', 1, '2022-10-15 04:53:50', '2022-10-15 04:53:50'),
(375, 20, 'M37', 1, '2022-10-15 04:53:50', '2022-10-15 04:53:50'),
(376, 20, 'M45', 1, '2022-10-15 04:53:50', '2022-10-15 04:53:50'),
(377, 20, 'M56', 1, '2022-10-15 04:53:50', '2022-10-15 04:53:50'),
(378, 20, 'Q40', 1, '2022-10-15 04:53:50', '2022-10-15 04:53:50'),
(379, 20, 'Q45', 1, '2022-10-15 04:53:50', '2022-10-15 04:53:50'),
(380, 20, 'Q50', 1, '2022-10-15 04:53:50', '2022-10-15 04:53:50'),
(381, 20, 'Q60', 1, '2022-10-15 04:53:50', '2022-10-15 04:53:50'),
(382, 20, 'Q70', 1, '2022-10-15 04:53:50', '2022-10-15 04:53:50'),
(383, 20, 'Q70L', 1, '2022-10-15 04:53:50', '2022-10-15 04:53:50'),
(384, 20, 'QX', 1, '2022-10-15 04:53:50', '2022-10-15 04:53:50'),
(385, 20, 'QX30', 1, '2022-10-15 04:53:50', '2022-10-15 04:53:50'),
(386, 20, 'QX4', 1, '2022-10-15 04:53:50', '2022-10-15 04:53:50'),
(387, 20, 'QX50', 1, '2022-10-15 04:53:50', '2022-10-15 04:53:50'),
(388, 20, 'QX56', 1, '2022-10-15 04:53:50', '2022-10-15 04:53:50'),
(389, 20, 'QX60', 1, '2022-10-15 04:53:50', '2022-10-15 04:53:50'),
(390, 20, 'QX70', 1, '2022-10-15 04:53:50', '2022-10-15 04:53:50'),
(391, 20, 'QX80', 1, '2022-10-15 04:53:50', '2022-10-15 04:53:50'),
(392, 21, 'Ascender', 1, '2022-10-15 04:53:50', '2022-10-15 04:53:50'),
(393, 21, 'Axiom', 1, '2022-10-15 04:53:50', '2022-10-15 04:53:50'),
(394, 21, 'NPR/ NPR-HD/ NPR-XD', 1, '2022-10-15 04:53:50', '2022-10-15 04:53:50'),
(395, 21, 'Rodeo', 1, '2022-10-15 04:53:50', '2022-10-15 04:53:50'),
(396, 21, 'Trooper', 1, '2022-10-15 04:53:50', '2022-10-15 04:53:50'),
(397, 22, 'E-Pace', 1, '2022-10-15 04:53:50', '2022-10-15 04:53:50'),
(398, 22, 'F-Pace', 1, '2022-10-15 04:53:50', '2022-10-15 04:53:50'),
(399, 22, 'F-Type', 1, '2022-10-15 04:53:50', '2022-10-15 04:53:50'),
(400, 22, 'S-Type', 1, '2022-10-15 04:53:50', '2022-10-15 04:53:50'),
(401, 22, 'X-Type', 1, '2022-10-15 04:53:50', '2022-10-15 04:53:50'),
(402, 22, 'XE', 1, '2022-10-15 04:53:50', '2022-10-15 04:53:50'),
(403, 22, 'XF', 1, '2022-10-15 04:53:50', '2022-10-15 04:53:50'),
(404, 22, 'XJ', 1, '2022-10-15 04:53:50', '2022-10-15 04:53:50'),
(405, 22, 'XK', 1, '2022-10-15 04:53:50', '2022-10-15 04:53:50'),
(406, 23, 'Cherokee', 1, '2022-10-15 04:53:50', '2022-10-15 04:53:50'),
(407, 23, 'Commander', 1, '2022-10-15 04:53:50', '2022-10-15 04:53:50'),
(408, 23, 'Compass', 1, '2022-10-15 04:53:50', '2022-10-15 04:53:50'),
(409, 23, 'Gladiator', 1, '2022-10-15 04:53:50', '2022-10-15 04:53:50'),
(410, 23, 'Grand Cherokee', 1, '2022-10-15 04:53:50', '2022-10-15 04:53:50'),
(411, 23, 'Grand Cherokee SRT', 1, '2022-10-15 04:53:50', '2022-10-15 04:53:50'),
(412, 23, 'Liberty', 1, '2022-10-15 04:53:50', '2022-10-15 04:53:50'),
(413, 23, 'Patriot', 1, '2022-10-15 04:53:50', '2022-10-15 04:53:50'),
(414, 23, 'Renegade', 1, '2022-10-15 04:53:50', '2022-10-15 04:53:50'),
(415, 23, 'Wrangler', 1, '2022-10-15 04:53:50', '2022-10-15 04:53:50'),
(416, 23, 'Wrangler JK', 1, '2022-10-15 04:53:50', '2022-10-15 04:53:50'),
(417, 24, 'Amanti', 1, '2022-10-15 04:53:50', '2022-10-15 04:53:50'),
(418, 24, 'Borrego', 1, '2022-10-15 04:53:50', '2022-10-15 04:53:50'),
(419, 24, 'Cadenza', 1, '2022-10-15 04:53:50', '2022-10-15 04:53:50'),
(420, 24, 'Forte', 1, '2022-10-15 04:53:50', '2022-10-15 04:53:50'),
(421, 24, 'K900', 1, '2022-10-15 04:53:50', '2022-10-15 04:53:50'),
(422, 24, 'Niro', 1, '2022-10-15 04:53:50', '2022-10-15 04:53:50'),
(423, 24, 'Optima', 1, '2022-10-15 04:53:50', '2022-10-15 04:53:50'),
(424, 24, 'Optima/Plug-In', 1, '2022-10-15 04:53:50', '2022-10-15 04:53:50'),
(425, 24, 'Rio', 1, '2022-10-15 04:53:50', '2022-10-15 04:53:50'),
(426, 24, 'Rondo', 1, '2022-10-15 04:53:50', '2022-10-15 04:53:50'),
(427, 24, 'SUV', 1, '2022-10-15 04:53:50', '2022-10-15 04:53:50'),
(428, 24, 'Sedona', 1, '2022-10-15 04:53:50', '2022-10-15 04:53:50'),
(429, 24, 'Sorento', 1, '2022-10-15 04:53:50', '2022-10-15 04:53:50'),
(430, 24, 'Soul', 1, '2022-10-15 04:53:50', '2022-10-15 04:53:50'),
(431, 24, 'Soul EV', 1, '2022-10-15 04:53:50', '2022-10-15 04:53:50'),
(432, 24, 'Spectra', 1, '2022-10-15 04:53:50', '2022-10-15 04:53:50'),
(433, 24, 'Sportage', 1, '2022-10-15 04:53:50', '2022-10-15 04:53:50'),
(434, 24, 'Stinger', 1, '2022-10-15 04:53:50', '2022-10-15 04:53:50'),
(435, 24, 'Telluride', 1, '2022-10-15 04:53:50', '2022-10-15 04:53:50'),
(436, 25, 'Discovery', 1, '2022-10-15 04:53:50', '2022-10-15 04:53:50'),
(437, 25, 'Discovery Sport', 1, '2022-10-15 04:53:50', '2022-10-15 04:53:50'),
(438, 25, 'LR2', 1, '2022-10-15 04:53:50', '2022-10-15 04:53:50'),
(439, 25, 'LR3', 1, '2022-10-15 04:53:50', '2022-10-15 04:53:50'),
(440, 25, 'LR4', 1, '2022-10-15 04:53:50', '2022-10-15 04:53:50'),
(441, 25, 'Range Rover', 1, '2022-10-15 04:53:50', '2022-10-15 04:53:50'),
(442, 25, 'Range Rover Evoque', 1, '2022-10-15 04:53:50', '2022-10-15 04:53:50'),
(443, 25, 'Range Rover Sport', 1, '2022-10-15 04:53:50', '2022-10-15 04:53:50'),
(444, 25, 'Range Rover Velar', 1, '2022-10-15 04:53:50', '2022-10-15 04:53:50'),
(445, 26, 'CT 200h', 1, '2022-10-15 04:53:50', '2022-10-15 04:53:50'),
(446, 26, 'ES', 1, '2022-10-15 04:53:50', '2022-10-15 04:53:50'),
(447, 26, 'ES 300', 1, '2022-10-15 04:53:50', '2022-10-15 04:53:50'),
(448, 26, 'ES 300h', 1, '2022-10-15 04:53:50', '2022-10-15 04:53:50'),
(449, 26, 'ES 330', 1, '2022-10-15 04:53:50', '2022-10-15 04:53:50'),
(450, 26, 'ES 350', 1, '2022-10-15 04:53:50', '2022-10-15 04:53:50'),
(451, 26, 'GS', 1, '2022-10-15 04:53:50', '2022-10-15 04:53:50'),
(452, 26, 'GS 200t', 1, '2022-10-15 04:53:50', '2022-10-15 04:53:50'),
(453, 26, 'GS 300', 1, '2022-10-15 04:53:50', '2022-10-15 04:53:50'),
(454, 26, 'GS 350', 1, '2022-10-15 04:53:50', '2022-10-15 04:53:50'),
(455, 26, 'GS 430', 1, '2022-10-15 04:53:50', '2022-10-15 04:53:50'),
(456, 26, 'GS 450h', 1, '2022-10-15 04:53:50', '2022-10-15 04:53:50'),
(457, 26, 'GX', 1, '2022-10-15 04:53:50', '2022-10-15 04:53:50'),
(458, 26, 'GX 460', 1, '2022-10-15 04:53:50', '2022-10-15 04:53:50'),
(459, 26, 'GX 470', 1, '2022-10-15 04:53:50', '2022-10-15 04:53:50'),
(460, 26, 'GX, LX', 1, '2022-10-15 04:53:50', '2022-10-15 04:53:50'),
(461, 26, 'HS 250h', 1, '2022-10-15 04:53:50', '2022-10-15 04:53:50'),
(462, 26, 'IS 200t', 1, '2022-10-15 04:53:50', '2022-10-15 04:53:50'),
(463, 26, 'IS 250', 1, '2022-10-15 04:53:50', '2022-10-15 04:53:50'),
(464, 26, 'IS 250 C', 1, '2022-10-15 04:53:50', '2022-10-15 04:53:50'),
(465, 26, 'IS 300', 1, '2022-10-15 04:53:50', '2022-10-15 04:53:50'),
(466, 26, 'IS 350', 1, '2022-10-15 04:53:50', '2022-10-15 04:53:50'),
(467, 26, 'IS 350 C', 1, '2022-10-15 04:53:50', '2022-10-15 04:53:50'),
(468, 26, 'LC 500', 1, '2022-10-15 04:53:50', '2022-10-15 04:53:50'),
(469, 26, 'LS 400', 1, '2022-10-15 04:53:50', '2022-10-15 04:53:50'),
(470, 26, 'LS 430', 1, '2022-10-15 04:53:50', '2022-10-15 04:53:50'),
(471, 26, 'LS 460', 1, '2022-10-15 04:53:50', '2022-10-15 04:53:50'),
(472, 26, 'LS 500', 1, '2022-10-15 04:53:50', '2022-10-15 04:53:50'),
(473, 26, 'LX 470', 1, '2022-10-15 04:53:50', '2022-10-15 04:53:50'),
(474, 26, 'LX 570', 1, '2022-10-15 04:53:50', '2022-10-15 04:53:50'),
(475, 26, 'NX 200t', 1, '2022-10-15 04:53:50', '2022-10-15 04:53:50'),
(476, 26, 'NX 300', 1, '2022-10-15 04:53:50', '2022-10-15 04:53:50'),
(477, 26, 'NX 300h', 1, '2022-10-15 04:53:50', '2022-10-15 04:53:50'),
(478, 26, 'RC 200t', 1, '2022-10-15 04:53:50', '2022-10-15 04:53:50'),
(479, 26, 'RC 300', 1, '2022-10-15 04:53:50', '2022-10-15 04:53:50'),
(480, 26, 'RC 350', 1, '2022-10-15 04:53:50', '2022-10-15 04:53:50'),
(481, 26, 'RC F', 1, '2022-10-15 04:53:50', '2022-10-15 04:53:50'),
(482, 26, 'RCF', 1, '2022-10-15 04:53:50', '2022-10-15 04:53:50'),
(483, 26, 'RX 300', 1, '2022-10-15 04:53:50', '2022-10-15 04:53:50'),
(484, 26, 'RX 330', 1, '2022-10-15 04:53:50', '2022-10-15 04:53:50'),
(485, 26, 'RX 350', 1, '2022-10-15 04:53:50', '2022-10-15 04:53:50'),
(486, 26, 'RX 350L', 1, '2022-10-15 04:53:50', '2022-10-15 04:53:50'),
(487, 26, 'RX 400h', 1, '2022-10-15 04:53:50', '2022-10-15 04:53:50'),
(488, 26, 'RX 450h', 1, '2022-10-15 04:53:50', '2022-10-15 04:53:50'),
(489, 26, 'SC 400', 1, '2022-10-15 04:53:50', '2022-10-15 04:53:50'),
(490, 26, 'SC 430', 1, '2022-10-15 04:53:50', '2022-10-15 04:53:50'),
(491, 26, 'UX', 1, '2022-10-15 04:53:50', '2022-10-15 04:53:50'),
(492, 27, 'Aviator', 1, '2022-10-15 04:53:50', '2022-10-15 04:53:50'),
(493, 27, 'Blackwood', 1, '2022-10-15 04:53:50', '2022-10-15 04:53:50'),
(494, 27, 'Continental', 1, '2022-10-15 04:53:50', '2022-10-15 04:53:50'),
(495, 27, 'LS', 1, '2022-10-15 04:53:50', '2022-10-15 04:53:50'),
(496, 27, 'MKC', 1, '2022-10-15 04:53:50', '2022-10-15 04:53:50'),
(497, 27, 'MKS', 1, '2022-10-15 04:53:50', '2022-10-15 04:53:50'),
(498, 27, 'MKT', 1, '2022-10-15 04:53:50', '2022-10-15 04:53:50'),
(499, 27, 'MKX', 1, '2022-10-15 04:53:50', '2022-10-15 04:53:50'),
(500, 27, 'MKZ', 1, '2022-10-15 04:53:50', '2022-10-15 04:53:50'),
(501, 27, 'Mark LT', 1, '2022-10-15 04:53:50', '2022-10-15 04:53:50'),
(502, 27, 'Mark VIII', 1, '2022-10-15 04:53:50', '2022-10-15 04:53:50'),
(503, 27, 'Nautilus', 1, '2022-10-15 04:53:50', '2022-10-15 04:53:50'),
(504, 27, 'Navigator', 1, '2022-10-15 04:53:50', '2022-10-15 04:53:50'),
(505, 27, 'Town Car', 1, '2022-10-15 04:53:50', '2022-10-15 04:53:50'),
(506, 27, 'Zephyr', 1, '2022-10-15 04:53:50', '2022-10-15 04:53:50'),
(507, 28, 'Clubman', 1, '2022-10-15 04:53:50', '2022-10-15 04:53:50'),
(508, 28, 'Convertible', 1, '2022-10-15 04:53:50', '2022-10-15 04:53:50'),
(509, 28, 'Cooper', 1, '2022-10-15 04:53:50', '2022-10-15 04:53:50'),
(510, 28, 'Countryman', 1, '2022-10-15 04:53:50', '2022-10-15 04:53:50'),
(511, 28, 'Countryman Plug-in', 1, '2022-10-15 04:53:50', '2022-10-15 04:53:50'),
(512, 28, 'Hardtop 2 Door', 1, '2022-10-15 04:53:50', '2022-10-15 04:53:50'),
(513, 28, 'Hardtop 4 Door', 1, '2022-10-15 04:53:50', '2022-10-15 04:53:50'),
(514, 28, 'Roadster', 1, '2022-10-15 04:53:50', '2022-10-15 04:53:50'),
(515, 29, 'Ghibli', 1, '2022-10-15 04:53:50', '2022-10-15 04:53:50'),
(516, 29, 'GranTurismo', 1, '2022-10-15 04:53:50', '2022-10-15 04:53:50'),
(517, 29, 'GranTurismo Convertible', 1, '2022-10-15 04:53:50', '2022-10-15 04:53:50'),
(518, 29, 'Levante', 1, '2022-10-15 04:53:50', '2022-10-15 04:53:50'),
(519, 29, 'Quattroporte', 1, '2022-10-15 04:53:50', '2022-10-15 04:53:50'),
(520, 30, 'B-Series Truck', 1, '2022-10-15 04:53:50', '2022-10-15 04:53:50'),
(521, 30, 'CX-3', 1, '2022-10-15 04:53:50', '2022-10-15 04:53:50'),
(522, 30, 'CX-5', 1, '2022-10-15 04:53:50', '2022-10-15 04:53:50'),
(523, 30, 'CX-7', 1, '2022-10-15 04:53:50', '2022-10-15 04:53:50'),
(524, 30, 'CX-9', 1, '2022-10-15 04:53:50', '2022-10-15 04:53:50'),
(525, 30, 'MPV', 1, '2022-10-15 04:53:50', '2022-10-15 04:53:50'),
(526, 30, 'MX-5 Miata', 1, '2022-10-15 04:53:50', '2022-10-15 04:53:50'),
(527, 30, 'Mazda3', 1, '2022-10-15 04:53:50', '2022-10-15 04:53:50'),
(528, 30, 'Mazda5', 1, '2022-10-15 04:53:50', '2022-10-15 04:53:50'),
(529, 30, 'Mazda6', 1, '2022-10-15 04:53:50', '2022-10-15 04:53:50'),
(530, 30, 'Mazdaspeed 3', 1, '2022-10-15 04:53:50', '2022-10-15 04:53:50'),
(531, 30, 'Mazdaspeed3', 1, '2022-10-15 04:53:50', '2022-10-15 04:53:50'),
(532, 30, 'Millenia', 1, '2022-10-15 04:53:50', '2022-10-15 04:53:50'),
(533, 30, 'Mx-5', 1, '2022-10-15 04:53:50', '2022-10-15 04:53:50'),
(534, 30, 'Protege', 1, '2022-10-15 04:53:50', '2022-10-15 04:53:50'),
(535, 30, 'Protege5', 1, '2022-10-15 04:53:50', '2022-10-15 04:53:50'),
(536, 30, 'RX-7', 1, '2022-10-15 04:53:50', '2022-10-15 04:53:50'),
(537, 30, 'RX-8', 1, '2022-10-15 04:53:50', '2022-10-15 04:53:50'),
(538, 30, 'Tribute', 1, '2022-10-15 04:53:50', '2022-10-15 04:53:50'),
(539, 31, '420-Class', 1, '2022-10-15 04:53:50', '2022-10-15 04:53:50'),
(540, 31, '560', 1, '2022-10-15 04:53:50', '2022-10-15 04:53:50'),
(541, 31, 'A-Class', 1, '2022-10-15 04:53:50', '2022-10-15 04:53:50'),
(542, 31, 'AMG GT', 1, '2022-10-15 04:53:50', '2022-10-15 04:53:50'),
(543, 31, 'C-Class', 1, '2022-10-15 04:53:50', '2022-10-15 04:53:50'),
(544, 31, 'CL-Class', 1, '2022-10-15 04:53:50', '2022-10-15 04:53:50'),
(545, 31, 'CLA-Class', 1, '2022-10-15 04:53:50', '2022-10-15 04:53:50'),
(546, 31, 'CLK-Class', 1, '2022-10-15 04:53:50', '2022-10-15 04:53:50'),
(547, 31, 'CLS', 1, '2022-10-15 04:53:50', '2022-10-15 04:53:50'),
(548, 31, 'CLS-Class', 1, '2022-10-15 04:53:50', '2022-10-15 04:53:50'),
(549, 31, 'E-Class', 1, '2022-10-15 04:53:50', '2022-10-15 04:53:50'),
(550, 31, 'G-Class', 1, '2022-10-15 04:53:50', '2022-10-15 04:53:50'),
(551, 31, 'GL-Class', 1, '2022-10-15 04:53:50', '2022-10-15 04:53:50'),
(552, 31, 'GLA-Class', 1, '2022-10-15 04:53:50', '2022-10-15 04:53:50'),
(553, 31, 'GLC', 1, '2022-10-15 04:53:50', '2022-10-15 04:53:50'),
(554, 31, 'GLC-Class', 1, '2022-10-15 04:53:50', '2022-10-15 04:53:50'),
(555, 31, 'GLE', 1, '2022-10-15 04:53:50', '2022-10-15 04:53:50'),
(556, 31, 'GLE 350', 1, '2022-10-15 04:53:50', '2022-10-15 04:53:50'),
(557, 31, 'GLE-Class', 1, '2022-10-15 04:53:50', '2022-10-15 04:53:50'),
(558, 31, 'GLK-Class', 1, '2022-10-15 04:53:50', '2022-10-15 04:53:50'),
(559, 31, 'GLS-Class', 1, '2022-10-15 04:53:50', '2022-10-15 04:53:50'),
(560, 31, 'M-Class', 1, '2022-10-15 04:53:50', '2022-10-15 04:53:50'),
(561, 31, 'Metris', 1, '2022-10-15 04:53:50', '2022-10-15 04:53:50'),
(562, 31, 'S-Class', 1, '2022-10-15 04:53:50', '2022-10-15 04:53:50'),
(563, 31, 'SL-Class', 1, '2022-10-15 04:53:50', '2022-10-15 04:53:50'),
(564, 31, 'SLC - Class', 1, '2022-10-15 04:53:50', '2022-10-15 04:53:50'),
(565, 31, 'SLC-Class', 1, '2022-10-15 04:53:50', '2022-10-15 04:53:50'),
(566, 31, 'SLK-Class', 1, '2022-10-15 04:53:50', '2022-10-15 04:53:50'),
(567, 31, 'Sprinter', 1, '2022-10-15 04:53:50', '2022-10-15 04:53:50'),
(568, 32, 'Cougar', 1, '2022-10-15 04:53:50', '2022-10-15 04:53:50'),
(569, 32, 'Grand Marquis', 1, '2022-10-15 04:53:50', '2022-10-15 04:53:50'),
(570, 32, 'Marauder', 1, '2022-10-15 04:53:50', '2022-10-15 04:53:50'),
(571, 32, 'Mariner', 1, '2022-10-15 04:53:50', '2022-10-15 04:53:50'),
(572, 32, 'Milan', 1, '2022-10-15 04:53:50', '2022-10-15 04:53:50'),
(573, 32, 'Montego', 1, '2022-10-15 04:53:50', '2022-10-15 04:53:50'),
(574, 32, 'Monterey', 1, '2022-10-15 04:53:50', '2022-10-15 04:53:50'),
(575, 32, 'Mountaineer', 1, '2022-10-15 04:53:50', '2022-10-15 04:53:50'),
(576, 32, 'Mystique', 1, '2022-10-15 04:53:50', '2022-10-15 04:53:50'),
(577, 32, 'Sable', 1, '2022-10-15 04:53:50', '2022-10-15 04:53:50'),
(578, 32, 'Villager', 1, '2022-10-15 04:53:50', '2022-10-15 04:53:50'),
(579, 33, 'Diamante', 1, '2022-10-15 04:53:50', '2022-10-15 04:53:50'),
(580, 33, 'Eclipse', 1, '2022-10-15 04:53:50', '2022-10-15 04:53:50'),
(581, 33, 'Eclipse Cross', 1, '2022-10-15 04:53:50', '2022-10-15 04:53:50'),
(582, 33, 'Eclipse Spyder', 1, '2022-10-15 04:53:50', '2022-10-15 04:53:50'),
(583, 33, 'Endeavor', 1, '2022-10-15 04:53:50', '2022-10-15 04:53:50'),
(584, 33, 'Galant', 1, '2022-10-15 04:53:50', '2022-10-15 04:53:50'),
(585, 33, 'Lancer', 1, '2022-10-15 04:53:50', '2022-10-15 04:53:50'),
(586, 33, 'Lancer Evolution', 1, '2022-10-15 04:53:50', '2022-10-15 04:53:50'),
(587, 33, 'Lancer Sportback', 1, '2022-10-15 04:53:50', '2022-10-15 04:53:50'),
(588, 33, 'Mirage', 1, '2022-10-15 04:53:50', '2022-10-15 04:53:50'),
(589, 33, 'Mirage G4', 1, '2022-10-15 04:53:50', '2022-10-15 04:53:50'),
(590, 33, 'Montero', 1, '2022-10-15 04:53:50', '2022-10-15 04:53:50'),
(591, 33, 'Montero Sport', 1, '2022-10-15 04:53:50', '2022-10-15 04:53:50'),
(592, 33, 'Outlander', 1, '2022-10-15 04:53:50', '2022-10-15 04:53:50'),
(593, 33, 'Outlander - PHEV', 1, '2022-10-15 04:53:50', '2022-10-15 04:53:50'),
(594, 33, 'Outlander Sport', 1, '2022-10-15 04:53:50', '2022-10-15 04:53:50'),
(595, 33, 'Raider', 1, '2022-10-15 04:53:50', '2022-10-15 04:53:50'),
(596, 34, '200SX', 1, '2022-10-15 04:53:50', '2022-10-15 04:53:50'),
(597, 34, '350Z', 1, '2022-10-15 04:53:50', '2022-10-15 04:53:50'),
(598, 34, '370Z', 1, '2022-10-15 04:53:50', '2022-10-15 04:53:50'),
(599, 34, 'Altima', 1, '2022-10-15 04:53:50', '2022-10-15 04:53:50'),
(600, 34, 'Armada', 1, '2022-10-15 04:53:50', '2022-10-15 04:53:50'),
(601, 34, 'Cube', 1, '2022-10-15 04:53:50', '2022-10-15 04:53:50'),
(602, 34, 'Frontier', 1, '2022-10-15 04:53:50', '2022-10-15 04:53:50'),
(603, 34, 'GT-R', 1, '2022-10-15 04:53:50', '2022-10-15 04:53:50'),
(604, 34, 'Juke', 1, '2022-10-15 04:53:50', '2022-10-15 04:53:50'),
(605, 34, 'Kicks', 1, '2022-10-15 04:53:50', '2022-10-15 04:53:50'),
(606, 34, 'Leaf', 1, '2022-10-15 04:53:50', '2022-10-15 04:53:50'),
(607, 34, 'Maxima', 1, '2022-10-15 04:53:50', '2022-10-15 04:53:50'),
(608, 34, 'Murano', 1, '2022-10-15 04:53:50', '2022-10-15 04:53:50'),
(609, 34, 'Murano CrossCabriolet', 1, '2022-10-15 04:53:50', '2022-10-15 04:53:50'),
(610, 34, 'NV', 1, '2022-10-15 04:53:50', '2022-10-15 04:53:50'),
(611, 34, 'NV Cargo', 1, '2022-10-15 04:53:50', '2022-10-15 04:53:50'),
(612, 34, 'NV Passenger', 1, '2022-10-15 04:53:50', '2022-10-15 04:53:50'),
(613, 34, 'NV200', 1, '2022-10-15 04:53:50', '2022-10-15 04:53:50'),
(614, 34, 'NV3500', 1, '2022-10-15 04:53:50', '2022-10-15 04:53:50'),
(615, 34, 'Pathfinder', 1, '2022-10-15 04:53:50', '2022-10-15 04:53:50'),
(616, 34, 'Pickup', 1, '2022-10-15 04:53:50', '2022-10-15 04:53:50'),
(617, 34, 'Quest', 1, '2022-10-15 04:53:50', '2022-10-15 04:53:50'),
(618, 34, 'Rogue', 1, '2022-10-15 04:53:50', '2022-10-15 04:53:50'),
(619, 34, 'Rogue Select', 1, '2022-10-15 04:53:50', '2022-10-15 04:53:50'),
(620, 34, 'Rogue Sport', 1, '2022-10-15 04:53:50', '2022-10-15 04:53:50'),
(621, 34, 'Rogue Sports', 1, '2022-10-15 04:53:50', '2022-10-15 04:53:50'),
(622, 34, 'Sentra', 1, '2022-10-15 04:53:50', '2022-10-15 04:53:50'),
(623, 34, 'Titan', 1, '2022-10-15 04:53:50', '2022-10-15 04:53:50'),
(624, 34, 'Titan XD', 1, '2022-10-15 04:53:50', '2022-10-15 04:53:50'),
(625, 34, 'Truck', 1, '2022-10-15 04:53:50', '2022-10-15 04:53:50'),
(626, 34, 'Versa', 1, '2022-10-15 04:53:50', '2022-10-15 04:53:50'),
(627, 34, 'Versa Note', 1, '2022-10-15 04:53:50', '2022-10-15 04:53:50'),
(628, 34, 'Xterra', 1, '2022-10-15 04:53:50', '2022-10-15 04:53:50'),
(629, 35, '88', 1, '2022-10-15 04:53:50', '2022-10-15 04:53:50'),
(630, 35, 'Achieva', 1, '2022-10-15 04:53:50', '2022-10-15 04:53:50'),
(631, 35, 'Alero', 1, '2022-10-15 04:53:50', '2022-10-15 04:53:50'),
(632, 35, 'Bravada', 1, '2022-10-15 04:53:50', '2022-10-15 04:53:50'),
(633, 35, 'Intrigue', 1, '2022-10-15 04:53:50', '2022-10-15 04:53:50'),
(634, 35, 'Silhouette', 1, '2022-10-15 04:53:50', '2022-10-15 04:53:50'),
(635, 36, 'Grand Voyager', 1, '2022-10-15 04:53:50', '2022-10-15 04:53:50'),
(636, 36, 'Neon', 1, '2022-10-15 04:53:50', '2022-10-15 04:53:50'),
(637, 36, 'Voyager', 1, '2022-10-15 04:53:50', '2022-10-15 04:53:50'),
(638, 37, 'Aztek', 1, '2022-10-15 04:53:50', '2022-10-15 04:53:50'),
(639, 37, 'Bonneville', 1, '2022-10-15 04:53:50', '2022-10-15 04:53:50'),
(640, 37, 'Firebird', 1, '2022-10-15 04:53:50', '2022-10-15 04:53:50'),
(641, 37, 'G5', 1, '2022-10-15 04:53:50', '2022-10-15 04:53:50'),
(642, 37, 'G6', 1, '2022-10-15 04:53:50', '2022-10-15 04:53:50'),
(643, 37, 'G8', 1, '2022-10-15 04:53:50', '2022-10-15 04:53:50'),
(644, 37, 'Grand Am', 1, '2022-10-15 04:53:50', '2022-10-15 04:53:50'),
(645, 37, 'Grand Prix', 1, '2022-10-15 04:53:50', '2022-10-15 04:53:50'),
(646, 37, 'Montana', 1, '2022-10-15 04:53:50', '2022-10-15 04:53:50'),
(647, 37, 'Montana SV6', 1, '2022-10-15 04:53:50', '2022-10-15 04:53:50'),
(648, 37, 'Solstice', 1, '2022-10-15 04:53:50', '2022-10-15 04:53:50'),
(649, 37, 'Sunfire', 1, '2022-10-15 04:53:50', '2022-10-15 04:53:50'),
(650, 37, 'Torrent', 1, '2022-10-15 04:53:50', '2022-10-15 04:53:50'),
(651, 37, 'Trans Sport', 1, '2022-10-15 04:53:50', '2022-10-15 04:53:50'),
(652, 37, 'Vibe', 1, '2022-10-15 04:53:50', '2022-10-15 04:53:50'),
(653, 38, '718', 1, '2022-10-15 04:53:50', '2022-10-15 04:53:50'),
(654, 38, '718 Boxster', 1, '2022-10-15 04:53:50', '2022-10-15 04:53:50'),
(655, 38, '718 Cayman', 1, '2022-10-15 04:53:50', '2022-10-15 04:53:50'),
(656, 38, '911', 1, '2022-10-15 04:53:50', '2022-10-15 04:53:50'),
(657, 38, '944', 1, '2022-10-15 04:53:50', '2022-10-15 04:53:50'),
(658, 38, 'Boxster', 1, '2022-10-15 04:53:50', '2022-10-15 04:53:50'),
(659, 38, 'Cayenne', 1, '2022-10-15 04:53:50', '2022-10-15 04:53:50'),
(660, 38, 'Cayman', 1, '2022-10-15 04:53:50', '2022-10-15 04:53:50'),
(661, 38, 'Cayman S', 1, '2022-10-15 04:53:50', '2022-10-15 04:53:50'),
(662, 38, 'Macan', 1, '2022-10-15 04:53:50', '2022-10-15 04:53:50'),
(663, 38, 'Panamera', 1, '2022-10-15 04:53:50', '2022-10-15 04:53:50'),
(664, 39, '1500', 1, '2022-10-15 04:53:50', '2022-10-15 04:53:50'),
(665, 39, '2500', 1, '2022-10-15 04:53:50', '2022-10-15 04:53:50'),
(666, 39, '2500 P', 1, '2022-10-15 04:53:50', '2022-10-15 04:53:50'),
(667, 39, '3500', 1, '2022-10-15 04:53:50', '2022-10-15 04:53:50'),
(668, 39, '4500', 1, '2022-10-15 04:53:50', '2022-10-15 04:53:50'),
(669, 39, '5500', 1, '2022-10-15 04:53:50', '2022-10-15 04:53:50'),
(670, 39, 'C/V Tradesman', 1, '2022-10-15 04:53:50', '2022-10-15 04:53:50'),
(671, 39, 'CV Tradesman', 1, '2022-10-15 04:53:50', '2022-10-15 04:53:50'),
(672, 39, 'Dakota', 1, '2022-10-15 04:53:50', '2022-10-15 04:53:50'),
(673, 39, 'Laramie', 1, '2022-10-15 04:53:50', '2022-10-15 04:53:50'),
(674, 39, 'ProMaster 1500', 1, '2022-10-15 04:53:50', '2022-10-15 04:53:50'),
(675, 39, 'ProMaster 2500', 1, '2022-10-15 04:53:50', '2022-10-15 04:53:50'),
(676, 39, 'Promaster Cargo Van', 1, '2022-10-15 04:53:50', '2022-10-15 04:53:50'),
(677, 39, 'Promaster City', 1, '2022-10-15 04:53:50', '2022-10-15 04:53:50'),
(678, 40, 'Phantom', 1, '2022-10-15 04:53:50', '2022-10-15 04:53:50'),
(679, 41, '3-Sep', 1, '2022-10-15 04:53:50', '2022-10-15 04:53:50'),
(680, 41, '5-Sep', 1, '2022-10-15 04:53:50', '2022-10-15 04:53:50'),
(681, 41, '9-7X', 1, '2022-10-15 04:53:50', '2022-10-15 04:53:50'),
(682, 42, 'Aura', 1, '2022-10-15 04:53:50', '2022-10-15 04:53:50'),
(683, 42, 'ION', 1, '2022-10-15 04:53:50', '2022-10-15 04:53:50'),
(684, 42, 'L-Series', 1, '2022-10-15 04:53:50', '2022-10-15 04:53:50'),
(685, 42, 'L300', 1, '2022-10-15 04:53:50', '2022-10-15 04:53:50'),
(686, 42, 'Outlook', 1, '2022-10-15 04:53:50', '2022-10-15 04:53:50'),
(687, 42, 'S-Series', 1, '2022-10-15 04:53:50', '2022-10-15 04:53:50'),
(688, 42, 'SL', 1, '2022-10-15 04:53:50', '2022-10-15 04:53:50'),
(689, 42, 'Sky', 1, '2022-10-15 04:53:50', '2022-10-15 04:53:50'),
(690, 42, 'VUE', 1, '2022-10-15 04:53:50', '2022-10-15 04:53:50'),
(691, 43, 'FR-S', 1, '2022-10-15 04:53:50', '2022-10-15 04:53:50'),
(692, 43, 'iA', 1, '2022-10-15 04:53:50', '2022-10-15 04:53:50'),
(693, 43, 'iM', 1, '2022-10-15 04:53:50', '2022-10-15 04:53:50'),
(694, 43, 'iQ', 1, '2022-10-15 04:53:50', '2022-10-15 04:53:50'),
(695, 43, 'tC', 1, '2022-10-15 04:53:50', '2022-10-15 04:53:50'),
(696, 43, 'xA', 1, '2022-10-15 04:53:50', '2022-10-15 04:53:50'),
(697, 43, 'xB', 1, '2022-10-15 04:53:50', '2022-10-15 04:53:50'),
(698, 43, 'xD', 1, '2022-10-15 04:53:50', '2022-10-15 04:53:50'),
(699, 44, 'Ascent', 1, '2022-10-15 04:53:50', '2022-10-15 04:53:50'),
(700, 44, 'B9 Tribeca', 1, '2022-10-15 04:53:50', '2022-10-15 04:53:50'),
(701, 44, 'BRZ', 1, '2022-10-15 04:53:50', '2022-10-15 04:53:50'),
(702, 44, 'Crosstrek', 1, '2022-10-15 04:53:50', '2022-10-15 04:53:50'),
(703, 44, 'Forester', 1, '2022-10-15 04:53:50', '2022-10-15 04:53:50'),
(704, 44, 'Impreza', 1, '2022-10-15 04:53:50', '2022-10-15 04:53:50'),
(705, 44, 'Impreza WRX', 1, '2022-10-15 04:53:50', '2022-10-15 04:53:50'),
(706, 44, 'Legacy', 1, '2022-10-15 04:53:50', '2022-10-15 04:53:50'),
(707, 44, 'Legacy Wagon', 1, '2022-10-15 04:53:50', '2022-10-15 04:53:50'),
(708, 44, 'Outback', 1, '2022-10-15 04:53:50', '2022-10-15 04:53:50'),
(709, 44, 'Tribeca', 1, '2022-10-15 04:53:50', '2022-10-15 04:53:50'),
(710, 44, 'WRX', 1, '2022-10-15 04:53:50', '2022-10-15 04:53:50'),
(711, 44, 'XV Crosstrek', 1, '2022-10-15 04:53:50', '2022-10-15 04:53:50'),
(712, 45, 'Forenza', 1, '2022-10-15 04:53:50', '2022-10-15 04:53:50'),
(713, 45, 'GSX-R1000', 1, '2022-10-15 04:53:50', '2022-10-15 04:53:50'),
(714, 45, 'GSX600F', 1, '2022-10-15 04:53:50', '2022-10-15 04:53:50'),
(715, 45, 'Grand Vitara', 1, '2022-10-15 04:53:50', '2022-10-15 04:53:50'),
(716, 45, 'Kizashi', 1, '2022-10-15 04:53:50', '2022-10-15 04:53:50'),
(717, 45, 'Reno', 1, '2022-10-15 04:53:50', '2022-10-15 04:53:50'),
(718, 45, 'SX4', 1, '2022-10-15 04:53:50', '2022-10-15 04:53:50'),
(719, 45, 'Sidekick', 1, '2022-10-15 04:53:50', '2022-10-15 04:53:50'),
(720, 45, 'XL7', 1, '2022-10-15 04:53:50', '2022-10-15 04:53:50'),
(721, 46, 'Model 3', 1, '2022-10-15 04:53:50', '2022-10-15 04:53:50'),
(722, 46, 'Model S', 1, '2022-10-15 04:53:50', '2022-10-15 04:53:50'),
(723, 46, 'Model X', 1, '2022-10-15 04:53:50', '2022-10-15 04:53:50'),
(724, 47, '4-Runner', 1, '2022-10-15 04:53:50', '2022-10-15 04:53:50'),
(725, 47, '4Runner', 1, '2022-10-15 04:53:50', '2022-10-15 04:53:50'),
(726, 47, '86', 1, '2022-10-15 04:53:50', '2022-10-15 04:53:50'),
(727, 47, 'Avalon', 1, '2022-10-15 04:53:50', '2022-10-15 04:53:50'),
(728, 47, 'C-HR', 1, '2022-10-15 04:53:50', '2022-10-15 04:53:50');
INSERT INTO `car_models` (`id`, `make_id`, `name`, `active`, `created_at`, `updated_at`) VALUES
(729, 47, 'Camry', 1, '2022-10-15 04:53:50', '2022-10-15 04:53:50'),
(730, 47, 'Camry Solara', 1, '2022-10-15 04:53:50', '2022-10-15 04:53:50'),
(731, 47, 'Celica', 1, '2022-10-15 04:53:50', '2022-10-15 04:53:50'),
(732, 47, 'Corolla', 1, '2022-10-15 04:53:50', '2022-10-15 04:53:50'),
(733, 47, 'Corolla iM', 1, '2022-10-15 04:53:50', '2022-10-15 04:53:50'),
(734, 47, 'ECHO', 1, '2022-10-15 04:53:50', '2022-10-15 04:53:50'),
(735, 47, 'FJ Cruiser', 1, '2022-10-15 04:53:50', '2022-10-15 04:53:50'),
(736, 47, 'Highlander', 1, '2022-10-15 04:53:50', '2022-10-15 04:53:50'),
(737, 47, 'Land Cruiser', 1, '2022-10-15 04:53:50', '2022-10-15 04:53:50'),
(738, 47, 'MR2 Spyder', 1, '2022-10-15 04:53:50', '2022-10-15 04:53:50'),
(739, 47, 'Matrix', 1, '2022-10-15 04:53:50', '2022-10-15 04:53:50'),
(740, 47, 'Pickup', 1, '2022-10-15 04:53:50', '2022-10-15 04:53:50'),
(741, 47, 'Prius', 1, '2022-10-15 04:53:50', '2022-10-15 04:53:50'),
(742, 47, 'Prius Plug-in', 1, '2022-10-15 04:53:50', '2022-10-15 04:53:50'),
(743, 47, 'Prius Prime', 1, '2022-10-15 04:53:50', '2022-10-15 04:53:50'),
(744, 47, 'Prius V', 1, '2022-10-15 04:53:50', '2022-10-15 04:53:50'),
(745, 47, 'Prius c', 1, '2022-10-15 04:53:50', '2022-10-15 04:53:50'),
(746, 47, 'RAV4', 1, '2022-10-15 04:53:50', '2022-10-15 04:53:50'),
(747, 47, 'Sequoia', 1, '2022-10-15 04:53:50', '2022-10-15 04:53:50'),
(748, 47, 'Sienna', 1, '2022-10-15 04:53:50', '2022-10-15 04:53:50'),
(749, 47, 'Supra', 1, '2022-10-15 04:53:50', '2022-10-15 04:53:50'),
(750, 47, 'T100', 1, '2022-10-15 04:53:50', '2022-10-15 04:53:50'),
(751, 47, 'Tacoma', 1, '2022-10-15 04:53:50', '2022-10-15 04:53:50'),
(752, 47, 'Tundra', 1, '2022-10-15 04:53:50', '2022-10-15 04:53:50'),
(753, 47, 'Venza', 1, '2022-10-15 04:53:50', '2022-10-15 04:53:50'),
(754, 47, 'Yaris', 1, '2022-10-15 04:53:50', '2022-10-15 04:53:50'),
(755, 47, 'Yaris iA', 1, '2022-10-15 04:53:50', '2022-10-15 04:53:50'),
(756, 47, 'tC', 1, '2022-10-15 04:53:50', '2022-10-15 04:53:50'),
(757, 48, 'Arteon', 1, '2022-10-15 04:53:50', '2022-10-15 04:53:50'),
(758, 48, 'Arteon 2.0T', 1, '2022-10-15 04:53:50', '2022-10-15 04:53:50'),
(759, 48, 'Atlas', 1, '2022-10-15 04:53:50', '2022-10-15 04:53:50'),
(760, 48, 'Beetle', 1, '2022-10-15 04:53:50', '2022-10-15 04:53:50'),
(761, 48, 'Beetle Convertible', 1, '2022-10-15 04:53:50', '2022-10-15 04:53:50'),
(762, 48, 'CC', 1, '2022-10-15 04:53:50', '2022-10-15 04:53:50'),
(763, 48, 'Eos', 1, '2022-10-15 04:53:50', '2022-10-15 04:53:50'),
(764, 48, 'GLI', 1, '2022-10-15 04:53:50', '2022-10-15 04:53:50'),
(765, 48, 'GTI', 1, '2022-10-15 04:53:50', '2022-10-15 04:53:50'),
(766, 48, 'Golf', 1, '2022-10-15 04:53:50', '2022-10-15 04:53:50'),
(767, 48, 'Golf Alltrack', 1, '2022-10-15 04:53:50', '2022-10-15 04:53:50'),
(768, 48, 'Golf GTI', 1, '2022-10-15 04:53:50', '2022-10-15 04:53:50'),
(769, 48, 'Golf R', 1, '2022-10-15 04:53:50', '2022-10-15 04:53:50'),
(770, 48, 'Golf SportWagen', 1, '2022-10-15 04:53:50', '2022-10-15 04:53:50'),
(771, 48, 'Jetta', 1, '2022-10-15 04:53:50', '2022-10-15 04:53:50'),
(772, 48, 'Jetta SportWagen', 1, '2022-10-15 04:53:50', '2022-10-15 04:53:50'),
(773, 48, 'New Beetle', 1, '2022-10-15 04:53:50', '2022-10-15 04:53:50'),
(774, 48, 'Passat', 1, '2022-10-15 04:53:50', '2022-10-15 04:53:50'),
(775, 48, 'R32', 1, '2022-10-15 04:53:50', '2022-10-15 04:53:50'),
(776, 48, 'Rabbit', 1, '2022-10-15 04:53:50', '2022-10-15 04:53:50'),
(777, 48, 'Routan', 1, '2022-10-15 04:53:50', '2022-10-15 04:53:50'),
(778, 48, 'Tiguan', 1, '2022-10-15 04:53:50', '2022-10-15 04:53:50'),
(779, 48, 'Tiguan Limited', 1, '2022-10-15 04:53:50', '2022-10-15 04:53:50'),
(780, 48, 'Touareg', 1, '2022-10-15 04:53:50', '2022-10-15 04:53:50'),
(781, 48, 'Touareg 2', 1, '2022-10-15 04:53:50', '2022-10-15 04:53:50'),
(782, 49, '940', 1, '2022-10-15 04:53:50', '2022-10-15 04:53:50'),
(783, 49, 'C30', 1, '2022-10-15 04:53:50', '2022-10-15 04:53:50'),
(784, 49, 'C70', 1, '2022-10-15 04:53:50', '2022-10-15 04:53:50'),
(785, 49, 'S40', 1, '2022-10-15 04:53:50', '2022-10-15 04:53:50'),
(786, 49, 'S60', 1, '2022-10-15 04:53:50', '2022-10-15 04:53:50'),
(787, 49, 'S80', 1, '2022-10-15 04:53:50', '2022-10-15 04:53:50'),
(788, 49, 'S90', 1, '2022-10-15 04:53:50', '2022-10-15 04:53:50'),
(789, 49, 'V50', 1, '2022-10-15 04:53:50', '2022-10-15 04:53:50'),
(790, 49, 'V60', 1, '2022-10-15 04:53:50', '2022-10-15 04:53:50'),
(791, 49, 'V60 Cross Country', 1, '2022-10-15 04:53:50', '2022-10-15 04:53:50'),
(792, 49, 'V70', 1, '2022-10-15 04:53:50', '2022-10-15 04:53:50'),
(793, 49, 'V90', 1, '2022-10-15 04:53:50', '2022-10-15 04:53:50'),
(794, 49, 'V90 Cross Country', 1, '2022-10-15 04:53:50', '2022-10-15 04:53:50'),
(795, 49, 'XC60', 1, '2022-10-15 04:53:50', '2022-10-15 04:53:50'),
(796, 49, 'XC70', 1, '2022-10-15 04:53:50', '2022-10-15 04:53:50'),
(797, 49, 'XC90', 1, '2022-10-15 04:53:50', '2022-10-15 04:53:50'),
(798, 50, 'Fortwo', 1, '2022-10-15 04:53:50', '2022-10-15 04:53:50'),
(799, 51, 'Demo Model', 1, '2022-11-07 01:56:55', '2022-11-07 01:56:55');

-- --------------------------------------------------------

--
-- Table structure for table `chats`
--

CREATE TABLE `chats` (
  `id` char(36) COLLATE utf8mb4_unicode_ci NOT NULL,
  `message` varchar(191) COLLATE utf8mb4_unicode_ci NOT NULL,
  `from_type` int(11) NOT NULL COMMENT '1:user,2:driver',
  `request_id` char(36) COLLATE utf8mb4_unicode_ci NOT NULL,
  `user_id` int(10) UNSIGNED NOT NULL,
  `delivered` tinyint(1) NOT NULL DEFAULT 0,
  `seen` int(11) NOT NULL DEFAULT 0,
  `created_at` timestamp NULL DEFAULT NULL,
  `updated_at` timestamp NULL DEFAULT NULL
) ENGINE=InnoDB DEFAULT CHARSET=utf8mb4 COLLATE=utf8mb4_unicode_ci;

-- --------------------------------------------------------

--
-- Table structure for table `cities`
--

CREATE TABLE `cities` (
  `id` char(36) COLLATE utf8mb4_unicode_ci NOT NULL,
  `slug` varchar(50) COLLATE utf8mb4_unicode_ci NOT NULL,
  `name` varchar(50) COLLATE utf8mb4_unicode_ci NOT NULL,
  `alias` varchar(50) COLLATE utf8mb4_unicode_ci DEFAULT NULL,
  `display_order` int(10) UNSIGNED DEFAULT NULL,
  `active` tinyint(1) NOT NULL DEFAULT 1,
  `state_id` char(36) COLLATE utf8mb4_unicode_ci NOT NULL
) ENGINE=InnoDB DEFAULT CHARSET=utf8mb4 COLLATE=utf8mb4_unicode_ci;

-- --------------------------------------------------------

--
-- Table structure for table `companies`
--

CREATE TABLE `companies` (
  `id` char(36) COLLATE utf8mb4_unicode_ci NOT NULL,
  `admin_id` int(10) UNSIGNED NOT NULL,
  `name` varchar(191) COLLATE utf8mb4_unicode_ci NOT NULL,
  `owner_name` varchar(191) COLLATE utf8mb4_unicode_ci NOT NULL,
  `vat_number` varchar(191) COLLATE utf8mb4_unicode_ci DEFAULT NULL,
  `mobile` varchar(191) COLLATE utf8mb4_unicode_ci NOT NULL,
  `landline` varchar(14) COLLATE utf8mb4_unicode_ci DEFAULT NULL,
  `email` varchar(150) COLLATE utf8mb4_unicode_ci NOT NULL,
  `address` varchar(500) COLLATE utf8mb4_unicode_ci DEFAULT NULL,
  `postal_code` varchar(500) COLLATE utf8mb4_unicode_ci DEFAULT NULL,
  `state` varchar(50) COLLATE utf8mb4_unicode_ci DEFAULT NULL,
  `city` varchar(50) COLLATE utf8mb4_unicode_ci DEFAULT NULL,
  `country` int(10) UNSIGNED NOT NULL,
  `icon` varchar(191) COLLATE utf8mb4_unicode_ci DEFAULT NULL,
  `active` tinyint(1) NOT NULL DEFAULT 1,
  `created_at` timestamp NULL DEFAULT NULL,
  `updated_at` timestamp NULL DEFAULT NULL,
  `deleted_at` timestamp NULL DEFAULT NULL
) ENGINE=InnoDB DEFAULT CHARSET=utf8mb4 COLLATE=utf8mb4_unicode_ci;

-- --------------------------------------------------------

--
-- Table structure for table `complaints`
--

CREATE TABLE `complaints` (
  `id` char(36) COLLATE utf8mb4_unicode_ci NOT NULL,
  `user_id` int(10) UNSIGNED DEFAULT NULL,
  `driver_id` int(10) UNSIGNED DEFAULT NULL,
  `owner_id` char(36) COLLATE utf8mb4_unicode_ci DEFAULT NULL,
  `request_id` char(36) COLLATE utf8mb4_unicode_ci DEFAULT NULL,
  `complaint_type` varchar(191) COLLATE utf8mb4_unicode_ci NOT NULL DEFAULT 'general',
  `complaint_title_id` char(36) COLLATE utf8mb4_unicode_ci NOT NULL,
  `description` longtext COLLATE utf8mb4_unicode_ci NOT NULL,
  `status` varchar(191) COLLATE utf8mb4_unicode_ci NOT NULL,
  `created_at` timestamp NULL DEFAULT NULL,
  `updated_at` timestamp NULL DEFAULT NULL,
  `deleted_at` timestamp NULL DEFAULT NULL
) ENGINE=InnoDB DEFAULT CHARSET=utf8mb4 COLLATE=utf8mb4_unicode_ci;

-- --------------------------------------------------------

--
-- Table structure for table `complaint_titles`
--

CREATE TABLE `complaint_titles` (
  `id` char(36) COLLATE utf8mb4_unicode_ci NOT NULL,
  `company_key` varchar(191) COLLATE utf8mb4_unicode_ci DEFAULT NULL,
  `user_type` enum('user','driver','owner') COLLATE utf8mb4_unicode_ci NOT NULL,
  `complaint_type` varchar(191) COLLATE utf8mb4_unicode_ci NOT NULL DEFAULT 'dispute',
  `title` text COLLATE utf8mb4_unicode_ci NOT NULL,
  `active` tinyint(1) NOT NULL DEFAULT 1,
  `created_at` timestamp NULL DEFAULT NULL,
  `updated_at` timestamp NULL DEFAULT NULL,
  `deleted_at` timestamp NULL DEFAULT NULL
) ENGINE=InnoDB DEFAULT CHARSET=utf8mb4 COLLATE=utf8mb4_unicode_ci;

--
-- Dumping data for table `complaint_titles`
--

INSERT INTO `complaint_titles` (`id`, `company_key`, `user_type`, `complaint_type`, `title`, `active`, `created_at`, `updated_at`, `deleted_at`) VALUES
('33e8e39a-d1f2-4f56-889e-395ce0d5f6f8', NULL, 'driver', 'Request Help', 'User Not In PickUp Point', 1, '2022-10-15 04:53:50', '2022-10-28 13:10:28', NULL),
('5b7bb1ec-a006-427c-beec-4037c1ddc130', NULL, 'user', 'General', 'Vehicle Not Clean', 1, '2022-10-15 04:53:50', '2022-10-15 04:53:50', NULL),
('9b67fb65-9f13-414b-a580-872699799b54', NULL, 'user', 'Request Help', 'Driver Rash Driving', 1, '2022-10-15 04:53:50', '2022-10-15 04:53:50', NULL),
('c6ee7a6c-aa71-44db-b0cd-a643cc80e6cd', NULL, 'driver', 'Request Help', 'User Not In PickUp Point', 1, '2022-10-15 04:53:50', '2022-10-15 04:53:50', NULL);

-- --------------------------------------------------------

--
-- Table structure for table `countries`
--

CREATE TABLE `countries` (
  `id` int(10) UNSIGNED NOT NULL,
  `name` varchar(255) COLLATE utf8mb4_unicode_ci NOT NULL,
  `dial_code` varchar(255) COLLATE utf8mb4_unicode_ci NOT NULL,
  `dial_min_length` int(11) NOT NULL DEFAULT 0,
  `dial_max_length` int(11) NOT NULL DEFAULT 0,
  `code` varchar(255) COLLATE utf8mb4_unicode_ci DEFAULT NULL,
  `currency_name` varchar(191) COLLATE utf8mb4_unicode_ci DEFAULT NULL,
  `currency_code` varchar(191) COLLATE utf8mb4_unicode_ci DEFAULT NULL,
  `currency_symbol` varchar(191) COLLATE utf8mb4_unicode_ci DEFAULT NULL,
  `flag` varchar(255) COLLATE utf8mb4_unicode_ci DEFAULT NULL,
  `active` tinyint(1) NOT NULL DEFAULT 1,
  `created_at` timestamp NULL DEFAULT NULL,
  `updated_at` timestamp NULL DEFAULT NULL
) ENGINE=InnoDB DEFAULT CHARSET=utf8mb4 COLLATE=utf8mb4_unicode_ci;

--
-- Dumping data for table `countries`
--

INSERT INTO `countries` (`id`, `name`, `dial_code`, `dial_min_length`, `dial_max_length`, `code`, `currency_name`, `currency_code`, `currency_symbol`, `flag`, `active`, `created_at`, `updated_at`) VALUES
(1, 'Afghanistan', '+93', 9, 9, 'AF', 'afghani', 'AFN', '', 'AF.png', 1, NULL, NULL),
(2, 'Albania', '+355', 9, 9, 'AL', 'lek', 'ALL', 'Lek', 'AL.png', 1, NULL, NULL),
(3, 'Antarctica', '+672', 6, 6, 'AQ', '', '', '', 'AQ.png', 1, NULL, NULL),
(4, 'Algeria', '+213', 9, 9, 'DZ', 'Algerian dinar', 'DZD', 'DZD', 'DZ.png', 1, NULL, NULL),
(5, 'American Samoa', '+1', 7, 7, 'AS', 'US dollar', 'USD', '$', 'AS.png', 1, NULL, NULL),
(6, 'Andorra', '+376', 9, 9, 'AD', 'euro', 'EUR', '', 'AD.png', 1, NULL, NULL),
(7, 'Angola', '+244', 9, 9, 'AO', 'kwanza', 'AOA', 'Kz', 'AO.png', 1, NULL, NULL),
(8, 'Antigua and Barbuda', '+1', 7, 7, 'AG', 'East Caribbean dollar', 'XCD', '$', 'AG.png', 1, NULL, NULL),
(9, 'Azerbaijan', '+994', 9, 9, 'AZ', 'Azerbaijani manat', 'AZN', '', 'AZ.png', 1, NULL, NULL),
(10, 'Argentina', '+54', 10, 12, 'AR', 'Argentine peso', 'ARS', '$', 'AR.png', 1, NULL, NULL),
(11, 'Australia', '+61', 9, 9, 'AU', 'Australian dollar', 'AUD', '$', 'AU.png', 1, NULL, NULL),
(12, 'Austria', '+43', 13, 13, 'AT', 'euro', 'EUR', '', 'AT.png', 1, NULL, NULL),
(13, 'Bahamas', '+1', 7, 7, 'BS', 'Bahamian dollar', 'BSD', '$', 'BS.png', 1, NULL, NULL),
(14, 'Bahrain', '+973', 8, 8, 'BH', 'Bahraini dinar', 'BHD', 'BHD', 'BH.png', 1, NULL, NULL),
(15, 'Bangladesh', '+880', 10, 10, 'BD', 'taka (inv.)', 'BDT', 'BDT', 'BD.png', 1, NULL, NULL),
(16, 'Armenia', '+374', 8, 8, 'AM', 'dram (inv.)', 'AMD', 'AMD', 'AM.png', 1, NULL, NULL),
(17, 'Barbados', '+1', 7, 7, 'BB', 'Barbados dollar', 'BBD', '$', 'BB.png', 1, NULL, NULL),
(18, 'Belgium', '+32', 9, 9, 'BE', 'euro', 'EUR', '', 'BE.png', 1, NULL, NULL),
(19, 'Bermuda', '+1', 7, 7, 'BM', 'Bermuda dollar', 'BMD', '$', 'BM.png', 1, NULL, NULL),
(20, 'Bhutan', '+975', 8, 8, 'BT', 'ngultrum (inv.)', 'BTN', 'BTN', 'BT.png', 1, NULL, NULL),
(21, 'Bolivia, Plurinational State of', '+591', 8, 8, 'BO', 'boliviano', 'BOB', '$b', 'BO.png', 1, NULL, NULL),
(22, 'Bosnia and Herzegovina', '+387', 9, 9, 'BA', 'convertible mark', 'BAM', 'KM', 'BA.png', 1, NULL, NULL),
(23, 'Botswana', '+267', 8, 8, 'BW', 'pula (inv.)', 'BWP', 'P', 'BW.png', 1, NULL, NULL),
(24, 'Bouvet Island', '+47', 15, 15, 'BV', '', '', 'kr', 'BV.png', 1, NULL, NULL),
(25, 'Brazil', '+55', 11, 11, 'BR', 'real (pl. reais)', 'BRL', 'R$', 'BR.png', 1, NULL, NULL),
(26, 'Belize', '+501', 7, 7, 'BZ', 'Belize dollar', 'BZD', 'BZ$', 'BZ.png', 1, NULL, NULL),
(27, 'British Indian Ocean Territory', '+246', 7, 7, 'IO', 'US dollar', 'USD', '$', 'IO.png', 1, NULL, NULL),
(28, 'Solomon Islands', '+677', 5, 5, 'SB', 'Solomon Islands dollar', 'SBD', '$', 'SB.png', 1, NULL, NULL),
(29, 'Virgin Islands, British', '+1', 7, 7, 'VG', 'US dollar', 'USD', '$', 'VG.png', 1, NULL, NULL),
(30, 'Brunei Darussalam', '+673', 7, 7, 'BN', 'Brunei dollar', 'BND', '$', 'BN.png', 1, NULL, NULL),
(31, 'Bulgaria', '+359', 9, 9, 'BG', 'lev (pl. leva)', 'BGN', '', 'BG.png', 1, NULL, NULL),
(32, 'Myanmar', '+95', 9, 9, 'MM', 'kyat', 'MMK', 'K', 'MM.png', 1, NULL, NULL),
(33, 'Burundi', '+257', 8, 8, 'BI', 'Burundi franc', 'BIF', 'BIF', 'BI.png', 1, NULL, NULL),
(34, 'Belarus', '+375', 10, 10, 'BY', 'Belarusian rouble', 'BYR', 'p.', 'BY.png', 1, NULL, NULL),
(35, 'Cambodia', '+855', 9, 9, 'KH', 'riel', 'KHR', '', 'KH.png', 1, NULL, NULL),
(36, 'Cameroon', '+237', 9, 9, 'CM', 'CFA franc (BEAC)', 'XAF', 'FCF', 'CM.png', 1, NULL, NULL),
(37, 'Canada', '+1', 10, 10, 'CA', 'Canadian dollar', 'CAD', '$', 'CA.png', 1, NULL, NULL),
(38, 'Cape Verde', '+238', 7, 7, 'CV', 'Cape Verde escudo', 'CVE', 'CVE', 'CV.png', 1, NULL, NULL),
(39, 'Cayman Islands', '+1', 7, 7, 'KY', 'Cayman Islands dollar', 'KYD', '$', 'KY.png', 1, NULL, NULL),
(40, 'Central African Republic', '+236', 8, 8, 'CF', 'CFA franc (BEAC)', 'XAF', 'CFA', 'CF.png', 1, NULL, NULL),
(41, 'Sri Lanka', '+94', 9, 9, 'LK', 'Sri Lankan rupee', 'LKR', '', 'LK.png', 1, NULL, NULL),
(42, 'Chad', '+235', 7, 7, 'TD', 'CFA franc (BEAC)', 'XAF', 'XAF', 'TD.png', 1, NULL, NULL),
(43, 'Chile', '+56', 9, 9, 'CL', 'Chilean peso', 'CLP', 'CLP', 'CL.png', 1, NULL, NULL),
(44, 'China', '+86', 12, 12, 'CN', 'renminbi-yuan (inv.)', 'CNY', '', 'CN.png', 1, NULL, NULL),
(45, 'Taiwan, Province of China', '+886', 12, 12, 'TW', 'new Taiwan dollar', 'TWD', 'NT$', 'TW.png', 1, NULL, NULL),
(46, 'Christmas Island', '+61', 15, 15, 'CX', 'Australian dollar', 'AUD', '$', 'CX.png', 1, NULL, NULL),
(47, 'Cocos (Keeling) Islands', '+61', 15, 15, 'CC', 'Australian dollar', 'AUD', '$', 'CC.png', 1, NULL, NULL),
(48, 'Colombia', '+57', 10, 10, 'CO', 'Colombian peso', 'COP', '$', 'CO.png', 1, NULL, NULL),
(49, 'Comoros', '+269', 7, 7, 'KM', 'Comorian franc', 'KMF', 'KMF', 'KM.png', 1, NULL, NULL),
(50, 'Mayotte', '+262', 9, 9, 'YT', 'euro', 'EUR', '', 'YT.png', 1, NULL, NULL),
(51, 'Congo', '+242', 7, 7, 'CG', 'CFA franc (BEAC)', 'XAF', 'FCF', 'CG.png', 1, NULL, NULL),
(52, 'Congo, the Democratic Republic of the Congo', '+243', 9, 9, 'CD', 'Congolese franc', 'CDF', 'CDF', 'CD.png', 1, NULL, NULL),
(53, 'Cook Islands', '+682', 5, 5, 'CK', 'New Zealand dollar', 'NZD', '$', 'CK.png', 1, NULL, NULL),
(54, 'Costa Rica', '+506', 8, 8, 'CR', 'Costa Rican coln (pl. colones)', 'CRC', '', 'CR.png', 1, NULL, NULL),
(55, 'Croatia', '+385', 12, 12, 'HR', 'kuna (inv.)', 'HRK', 'kn', 'HR.png', 1, NULL, NULL),
(56, 'Cuba', '+53', 8, 8, 'CU', 'Cuban peso', 'CUP', '', 'CU.png', 1, NULL, NULL),
(57, 'Cyprus', '+357', 8, 8, 'CY', 'euro', 'EUR', 'CYP', 'CY.png', 1, NULL, NULL),
(58, 'Czech Republic', '+420', 9, 9, 'CZ', 'Czech koruna (pl. koruny)', 'CZK', 'K', 'CZ.png', 1, NULL, NULL),
(59, 'Benin', '+229', 8, 8, 'BJ', 'CFA franc (BCEAO)', 'XOF', 'XOF', 'BJ.png', 1, NULL, NULL),
(60, 'Denmark', '+45', 8, 8, 'DK', 'Danish krone', 'DKK', 'kr', 'DK.png', 1, NULL, NULL),
(61, 'Dominica', '+1', 7, 7, 'DM', 'East Caribbean dollar', 'XCD', '$', 'DM.png', 1, NULL, NULL),
(62, 'Dominican Republic', '+1', 12, 12, 'DO', 'Dominican peso', 'DOP', 'RD$', 'DO.png', 1, NULL, NULL),
(63, 'Ecuador', '+593', 8, 8, 'EC', 'US dollar', 'USD', '$', 'EC.png', 1, NULL, NULL),
(64, 'El Salvador', '+503', 11, 11, 'SV', 'Salvadorian coln (pl. colones)', 'SVC', '$', 'SV.png', 1, NULL, NULL),
(65, 'Equatorial Guinea', '+240', 6, 6, 'GQ', 'CFA franc (BEAC)', 'XAF', 'FCF', 'GQ.png', 1, NULL, NULL),
(66, 'Ethiopia', '+251', 9, 9, 'ET', 'birr (inv.)', 'ETB', 'ETB', 'ET.png', 1, NULL, NULL),
(67, 'Eritrea', '+291', 7, 7, 'ER', 'nakfa', 'ERN', 'Nfk', 'ER.png', 1, NULL, NULL),
(68, 'Estonia', '+372', 10, 10, 'EE', 'euro', 'EUR', 'kr', 'EE.png', 1, NULL, NULL),
(69, 'Faroe Islands', '+298', 6, 6, 'FO', 'Danish krone', 'DKK', 'kr', 'FO.png', 1, NULL, NULL),
(70, 'Falkland Islands (Malvinas)', '+500', 5, 5, 'FK', 'Falkland Islands pound', 'FKP', '', 'FK.png', 1, NULL, NULL),
(71, 'South Georgia and the South Sandwich Islands', '+44', 15, 15, 'GS', '', '', '', 'GS.png', 1, NULL, NULL),
(72, 'Fiji', '+679', 7, 7, 'FJ', 'Fiji dollar', 'FJD', '$', 'FJ.png', 1, NULL, NULL),
(73, 'Finland', '+358', 12, 12, 'FI', 'euro', 'EUR', '', 'FI.png', 1, NULL, NULL),
(74, 'France', '+33', 9, 9, 'FR', 'euro', 'EUR', '', 'FR.png', 1, NULL, NULL),
(75, 'French Guiana', '+594', 15, 15, 'GF', 'euro', 'EUR', '', 'GF.png', 1, NULL, NULL),
(76, 'French Polynesia', '+689', 6, 6, 'PF', 'CFP franc', 'XPF', 'XPF', 'PF.png', 1, NULL, NULL),
(77, 'French Southern Territories', '+33', 15, 15, 'TF', 'euro', 'EUR', '', 'TF.png', 1, NULL, NULL),
(78, 'Djibouti', '+253', 6, 6, 'DJ', 'Djibouti franc', 'DJF', 'DJF', 'DJ.png', 1, NULL, NULL),
(79, 'Gabon', '+241', 9, 9, 'GA', 'CFA franc (BEAC)', 'XAF', 'FCF', 'GA.png', 1, NULL, NULL),
(80, 'Georgia', '+995', 8, 8, 'GE', 'lari', 'GEL', 'GEL', 'GE.png', 1, NULL, NULL),
(81, 'Gambia', '+220', 7, 7, 'GM', 'dalasi (inv.)', 'GMD', 'D', 'GM.png', 1, NULL, NULL),
(82, 'Palestinian Territory, Occupied', '+970', 9, 9, 'PS', NULL, NULL, '', 'PS.png', 1, NULL, NULL),
(83, 'Germany', '+49', 9, 13, 'DE', 'euro', 'EUR', '', 'DE.png', 1, NULL, NULL),
(84, 'Ghana', '+233', 10, 10, 'GH', 'Ghana cedi', 'GHS', '', 'GH.png', 1, NULL, NULL),
(85, 'Gibraltar', '+350', 8, 8, 'GI', 'Gibraltar pound', 'GIP', '', 'GI.png', 1, NULL, NULL),
(86, 'Kiribati', '+686', 5, 5, 'KI', 'Australian dollar', 'AUD', '$', 'KI.png', 1, NULL, NULL),
(87, 'Greece', '+30', 10, 10, 'GR', 'euro', 'EUR', '', 'GR.png', 1, NULL, NULL),
(88, 'Greenland', '+299', 6, 6, 'GL', 'Danish krone', 'DKK', 'kr', 'GL.png', 1, NULL, NULL),
(89, 'Grenada', '+1', 7, 7, 'GD', 'East Caribbean dollar', 'XCD', '$', 'GD.png', 1, NULL, NULL),
(90, 'Guadeloupe', '+590', 15, 15, 'GP', 'euro', 'EUR ', '', 'GP.png', 1, NULL, NULL),
(91, 'Guam', '+1', 7, 7, 'GU', 'US dollar', 'USD', '$', 'GU.png', 1, NULL, NULL),
(92, 'Guatemala', '+502', 8, 8, 'GT', 'quetzal (pl. quetzales)', 'GTQ', 'Q', 'GT.png', 1, NULL, NULL),
(93, 'Guinea', '+224', 8, 8, 'GN', 'Guinean franc', 'GNF', 'GNF', 'GN.png', 1, NULL, NULL),
(94, 'Guyana', '+592', 7, 7, 'GY', 'Guyana dollar', 'GYD', '$', 'GY.png', 1, NULL, NULL),
(95, 'Haiti', '+509', 8, 8, 'HT', 'gourde', 'HTG', 'G', 'HT.png', 1, NULL, NULL),
(96, 'Heard Island and McDonald Islands', '+61', 15, 15, 'HM', '', '', '$', 'HM.png', 1, NULL, NULL),
(97, 'Holy See (Vatican City State)', '+39', 10, 10, 'VA', 'euro', 'EUR', '', 'VA.png', 1, NULL, NULL),
(98, 'Honduras', '+504', 8, 8, 'HN', 'lempira', 'HNL', 'L', 'HN.png', 1, NULL, NULL),
(99, 'Hong Kong', '+852', 8, 8, 'HK', 'Hong Kong dollar', 'HKD', '$', 'HK.png', 1, NULL, NULL),
(100, 'Hungary', '+36', 9, 9, 'HU', 'forint (inv.)', 'HUF', 'Ft', 'HU.png', 1, NULL, NULL),
(101, 'Iceland', '+354', 9, 9, 'IS', 'krna (pl. krnur)', 'ISK', 'kr', 'IS.png', 1, NULL, NULL),
(102, 'India', '+91', 10, 10, 'IN', 'Indian rupee', 'INR', '', 'IN.png', 1, NULL, NULL),
(103, 'Indonesia', '+62', 13, 13, 'ID', 'Indonesian rupiah (inv.)', 'IDR', 'Rp', 'ID.png', 1, NULL, NULL),
(104, 'Iran, Islamic Republic of', '+98', 10, 10, 'IR', 'Iranian rial', 'IRR', '', 'IR.png', 1, NULL, NULL),
(105, 'Iraq', '+964', 10, 10, 'IQ', 'Iraqi dinar', 'IQD', 'IQD', 'IQ.png', 1, NULL, NULL),
(106, 'Ireland', '+353', 7, 9, 'IE', 'euro', 'EUR', '', 'IE.png', 1, NULL, NULL),
(107, 'Israel', '+972', 9, 9, 'IL', 'shekel', 'ILS', '', 'IL.png', 1, NULL, NULL),
(108, 'Italy', '+39', 13, 13, 'IT', 'euro', 'EUR', '', 'IT.png', 1, NULL, NULL),
(109, 'Cte d\'Ivoire', '+225', 10, 10, 'CI', 'CFA franc (BCEAO)', 'XOF', 'XOF', 'CI.png', 1, NULL, NULL),
(110, 'Jamaica', '+1', 7, 7, 'JM', 'Jamaica dollar', 'JMD', '$', 'JM.png', 1, NULL, NULL),
(111, 'Japan', '+81', 10, 10, 'JP', 'yen (inv.)', 'JPY', '', 'JP.png', 1, NULL, NULL),
(112, 'Kazakhstan', '+7', 10, 10, 'KZ', 'tenge (inv.)', 'KZT', '', 'KZ.png', 1, NULL, NULL),
(113, 'Jordan', '+962', 9, 9, 'JO', 'Jordanian dinar', 'JOD', 'JOD', 'JO.png', 1, NULL, NULL),
(114, 'Kenya', '+254', 10, 10, 'KE', 'Kenyan shilling', 'KES', 'KES', 'KE.png', 1, NULL, NULL),
(115, 'Korea, Democratic People\'s Republic of', '+850', 10, 10, 'KP', 'North Korean won (inv.)', 'KPW', '', 'KP.png', 1, NULL, NULL),
(116, 'Korea, Republic of', '+82', 11, 11, 'KR', 'South Korean won (inv.)', 'KRW', '', 'KR.png', 1, NULL, NULL),
(117, 'Kuwait', '+965', 8, 8, 'KW', 'Kuwaiti dinar', 'KWD', 'KWD', 'KW.png', 1, NULL, NULL),
(118, 'Kyrgyzstan', '+996', 9, 9, 'KG', 'som', 'KGS', '', 'KG.png', 1, NULL, NULL),
(119, 'Lao People\'s Democratic Republic', '+856', 9, 9, 'LA', 'kip (inv.)', 'LAK', '', 'LA.png', 1, NULL, NULL),
(120, 'Lebanon', '+961', 8, 8, 'LB', 'Lebanese pound', 'LBP', '', 'LB.png', 1, NULL, NULL),
(121, 'Lesotho', '+266', 8, 8, 'LS', 'loti (pl. maloti)', 'LSL', 'L', 'LS.png', 1, NULL, NULL),
(122, 'Latvia', '+371', 8, 8, 'LV', 'euro', 'EUR', 'Ls', 'LV.png', 1, NULL, NULL),
(123, 'Liberia', '+231', 8, 8, 'LR', 'Liberian dollar', 'LRD', '$', 'LR.png', 1, NULL, NULL),
(124, 'Libya', '+218', 9, 9, 'LY', 'Libyan dinar', 'LYD', 'LYD', 'LY.png', 1, NULL, NULL),
(125, 'Liechtenstein', '+423', 9, 9, 'LI', 'Swiss franc', 'CHF', 'CHF', 'LI.png', 1, NULL, NULL),
(126, 'Lithuania', '+370', 8, 8, 'LT', 'euro', 'EUR', 'Lt', 'LT.png', 1, NULL, NULL),
(127, 'Luxembourg', '+352', 11, 11, 'LU', 'euro', 'EUR', '', 'LU.png', 1, NULL, NULL),
(128, 'Macao', '+853', 8, 8, 'MO', 'pataca', 'MOP', 'MOP', 'MO.png', 1, NULL, NULL),
(129, 'Madagascar', '+261', 10, 10, 'MG', 'ariary', 'MGA', 'MGA', 'MG.png', 1, NULL, NULL),
(130, 'Malawi', '+265', 7, 9, 'MW', 'Malawian kwacha (inv.)', 'MWK', 'MK', 'MW.png', 1, NULL, NULL),
(131, 'Malaysia', '+60', 11, 11, 'MY', 'ringgit (inv.)', 'MYR', 'RM', 'MY.png', 1, NULL, NULL),
(132, 'Maldives', '+960', 7, 7, 'MV', 'rufiyaa', 'MVR', 'Rf', 'MV.png', 1, NULL, NULL),
(133, 'Mali', '+223', 8, 8, 'ML', 'CFA franc (BCEAO)', 'XOF', 'XOF', 'ML.png', 1, NULL, NULL),
(134, 'Malta', '+356', 8, 8, 'MT', 'euro', 'EUR', 'MTL', 'MT.png', 1, NULL, NULL),
(135, 'Martinique', '+596', 15, 15, 'MQ', 'euro', 'EUR', '', 'MQ.png', 1, NULL, NULL),
(136, 'Mauritania', '+222', 8, 8, 'MR', 'ouguiya', 'MRO', 'UM', 'MR.png', 1, NULL, NULL),
(137, 'Mauritius', '+230', 7, 8, 'MU', 'Mauritian rupee', 'MUR', '', 'MU.png', 1, NULL, NULL),
(138, 'Mexico', '+52', 10, 10, 'MX', 'Mexican peso', 'MXN', '$', 'MX.png', 1, NULL, NULL),
(139, 'Monaco', '+377', 9, 9, 'MC', 'euro', 'EUR', '', 'MC.png', 1, NULL, NULL),
(140, 'Mongolia', '+976', 8, 8, 'MN', 'tugrik', 'MNT', '', 'MN.png', 1, NULL, NULL),
(141, 'Moldova, Republic of', '+373', 8, 8, 'MD', 'Moldovan leu (pl. lei)', 'MDL', 'MDL', 'MD.png', 1, NULL, NULL),
(142, 'Montenegro', '+382', 12, 12, 'ME', 'euro', 'EUR', '', 'ME.png', 1, NULL, NULL),
(143, 'Montserrat', '+1', 7, 7, 'MS', 'East Caribbean dollar', 'XCD', '$', 'MS.png', 1, NULL, NULL),
(144, 'Morocco', '+212', 9, 9, 'MA', 'Moroccan dirham', 'MAD', 'MAD', 'MA.png', 1, NULL, NULL),
(145, 'Mozambique', '+258', 9, 9, 'MZ', 'metical', 'MZN', 'MT', 'MZ.png', 1, NULL, NULL),
(146, 'Oman', '+968', 8, 8, 'OM', 'Omani rial', 'OMR', '', 'OM.png', 1, NULL, NULL),
(147, 'Namibia', '+264', 10, 10, 'NA', 'Namibian dollar', 'NAD', '$', 'NA.png', 1, NULL, NULL),
(148, 'Nauru', '+674', 7, 7, 'NR', 'Australian dollar', 'AUD', '$', 'NR.png', 1, NULL, NULL),
(149, 'Nepal', '+977', 10, 10, 'NP', 'Nepalese rupee', 'NPR', '', 'NP.png', 1, NULL, NULL),
(150, 'Netherlands', '+31', 9, 9, 'NL', 'euro', 'EUR', '', 'NL.png', 1, NULL, NULL),
(151, 'Curaao', '+599', 9, 9, 'CW', 'Netherlands Antillean guilder (CW1)', 'ANG', NULL, NULL, 1, NULL, NULL),
(152, 'Aruba', '+297', 7, 7, 'AW', 'Aruban guilder', 'AWG', '', 'AW.png', 1, NULL, NULL),
(153, 'New Caledonia', '+687', 6, 6, 'NC', 'CFP franc', 'XPF', 'XPF', 'NC.png', 1, NULL, NULL),
(154, 'Vanuatu', '+678', 7, 7, 'VU', 'vatu (inv.)', 'VUV', 'Vt', 'VU.png', 1, NULL, NULL),
(155, 'New Zealand', '+64', 10, 10, 'NZ', 'New Zealand dollar', 'NZD', '$', 'NZ.png', 1, NULL, NULL),
(156, 'Nicaragua', '+505', 8, 8, 'NI', 'crdoba oro', 'NIO', 'C$', 'NI.png', 1, NULL, NULL),
(157, 'Niger', '+227', 8, 8, 'NE', 'CFA franc (BCEAO)', 'XOF', 'XOF', 'NE.png', 1, NULL, NULL),
(158, 'Nigeria', '+234', 10, 11, 'NG', 'naira (inv.)', 'NGN', '', 'NG.png', 1, NULL, NULL),
(159, 'Niue', '+683', 4, 4, 'NU', 'New Zealand dollar', 'NZD', '$', 'NU.png', 1, NULL, NULL),
(160, 'Norfolk Island', '+672', 15, 15, 'NF', 'Australian dollar', 'AUD', '$', 'NF.png', 1, NULL, NULL),
(161, 'Norway', '+47', 8, 8, 'NO', 'Norwegian krone (pl. kroner)', 'NOK', 'kr', 'NO.png', 1, NULL, NULL),
(162, 'Northern Mariana Islands', '+1', 7, 7, 'MP', 'US dollar', 'USD', '$', 'MP.png', 1, NULL, NULL),
(163, 'United States Minor Outlying Islands', '+1', 7, 7, 'UM', 'US dollar', 'USD', '$', 'UM.png', 1, NULL, NULL),
(164, 'Micronesia, Federated States of Micronesia', '+691', 7, 7, 'FM', 'US dollar', 'USD', '$', 'FM.png', 1, NULL, NULL),
(165, 'Marshall Islands', '+692', 7, 7, 'MH', 'US dollar', 'USD', '$', 'MH.png', 1, NULL, NULL),
(166, 'Palau', '+680', 7, 7, 'PW', 'US dollar', 'USD', '$', 'PW.png', 1, NULL, NULL),
(167, 'Pakistan', '+92', 10, 10, 'PK', 'Pakistani rupee', 'PKR', '', 'PK.png', 1, NULL, NULL),
(168, 'Panama', '+507', 8, 8, 'PA', 'balboa', 'PAB', 'B/.', 'PA.png', 1, NULL, NULL),
(169, 'Papua New Guinea', '+675', 11, 11, 'PG', 'kina (inv.)', 'PGK', 'PGK', 'PG.png', 1, NULL, NULL),
(170, 'Paraguay', '+595', 10, 10, 'PY', 'guaran', 'PYG', 'Gs', 'PY.png', 1, NULL, NULL),
(171, 'Peru', '+51', 11, 11, 'PE', 'new sol', 'PEN', 'S/.', 'PE.png', 1, NULL, NULL),
(172, 'Philippines', '+63', 10, 10, 'PH', 'Philippine peso', 'PHP', 'Php', 'PH.png', 1, NULL, NULL),
(173, 'Pitcairn', '+649', 10, 10, 'PN', 'New Zealand dollar', 'NZD', '$', 'PN.png', 1, NULL, NULL),
(174, 'Poland', '+48', 9, 9, 'PL', 'zloty', 'PLN', 'z', 'PL.png', 1, NULL, NULL),
(175, 'Portugal', '+351', 9, 9, 'PT', 'euro', 'EUR', '', 'PT.png', 1, NULL, NULL),
(176, 'Guinea-Bissau', '+245', 7, 7, 'GW', 'CFA franc (BCEAO)', 'XOF', 'XOF', 'GW.png', 1, NULL, NULL),
(177, 'Timor-Leste', '+670', 7, 7, 'TL', 'US dollar', 'USD', '$', 'TL.png', 1, NULL, NULL),
(178, 'Puerto Rico', '+1', 15, 15, 'PR', 'US dollar', 'USD', '$', 'PR.png', 1, NULL, NULL),
(179, 'Qatar', '+974', 8, 8, 'QA', 'Qatari riyal', 'QAR', '', 'QA.png', 1, NULL, NULL),
(180, 'Reunion', '+262', 9, 9, 'RE', 'euro', 'EUR', '', 'RE.png', 1, NULL, NULL),
(181, 'Romania', '+40', 9, 9, 'RO', 'Romanian leu (pl. lei)', 'RON', 'lei', 'RO.png', 1, NULL, NULL),
(182, 'Russian Federation', '+7', 10, 10, 'RU', 'Russian rouble', 'RUB', '', 'RU.png', 1, NULL, NULL),
(183, 'Rwanda', '+250', 9, 9, 'RW', 'Rwandese franc', 'RWF', 'RWF', 'RW.png', 1, NULL, NULL),
(184, 'Saint Barthelemy', '+590', 9, 9, 'BL', 'euro', 'EUR', NULL, NULL, 1, NULL, NULL),
(185, 'Saint Helena, Ascension and Tristan da Cunha', '+290', 4, 4, 'SH', 'Saint Helena pound', 'SHP', '', 'SH.png', 1, NULL, NULL),
(186, 'Saint Kitts and Nevis', '+1', 7, 7, 'KN', 'East Caribbean dollar', 'XCD', '$', 'KN.png', 1, NULL, NULL),
(187, 'Anguilla', '+1', 7, 7, 'AI', 'East Caribbean dollar', 'XCD', '$', 'AI.png', 1, NULL, NULL),
(188, 'Saint Lucia', '+1', 7, 7, 'LC', 'East Caribbean dollar', 'XCD', '$', 'LC.png', 1, NULL, NULL),
(189, 'Saint Martin (French part)', '+590', 7, 7, 'MF', 'euro', 'EUR', NULL, NULL, 1, NULL, NULL),
(190, 'Saint Pierre and Miquelon', '+508', 6, 6, 'PM', 'euro', 'EUR', '', 'PM.png', 1, NULL, NULL),
(191, 'Saint Vincent and the Grenadines', '+1', 7, 7, 'VC', 'East Caribbean dollar', 'XCD', '$', 'VC.png', 1, NULL, NULL),
(192, 'San Marino', '+378', 10, 10, 'SM', 'euro', 'EUR ', '', 'SM.png', 1, NULL, NULL),
(193, 'Sao Tome and Principe', '+239', 7, 7, 'ST', 'dobra', 'STD', 'Db', 'ST.png', 1, NULL, NULL),
(194, 'Saudi Arabia', '+966', 9, 9, 'SA', 'riyal', 'SAR', '', 'SA.png', 1, NULL, NULL),
(195, 'Senegal', '+221', 9, 9, 'SN', 'CFA franc (BCEAO)', 'XOF', 'XOF', 'SN.png', 1, NULL, NULL),
(196, 'Serbia', '+381', 12, 12, 'RS', 'Serbian dinar', 'RSD', NULL, NULL, 1, NULL, NULL),
(197, 'Seychelles', '+248', 6, 6, 'SC', 'Seychelles rupee', 'SCR', '', 'SC.png', 1, NULL, NULL),
(198, 'Sierra Leone', '+232', 8, 8, 'SL', 'leone', 'SLL', 'Le', 'SL.png', 1, NULL, NULL),
(199, 'Singapore', '+65', 12, 12, 'SG', 'Singapore dollar', 'SGD', '$', 'SG.png', 1, NULL, NULL),
(200, 'Slovakia', '+421', 9, 9, 'SK', 'euro', 'EUR', 'Sk', 'SK.png', 1, NULL, NULL),
(201, 'VietNam', '+84', 11, 11, 'VN', 'dong', 'VND', '', 'VN.png', 1, NULL, NULL),
(202, 'Slovenia', '+386', 8, 8, 'SI', 'euro', 'EUR', '', 'SI.png', 1, NULL, NULL),
(203, 'Somalia', '+252', 8, 8, 'SO', 'Somali shilling', 'SOS', 'S', 'SO.png', 1, NULL, NULL),
(204, 'South Africa', '+27', 9, 9, 'ZA', 'rand', 'ZAR', 'R', 'ZA.png', 1, NULL, NULL),
(205, 'Zimbabwe', '+263', 9, 9, 'ZW', 'Zimbabwe dollar (ZW1)', 'ZWL', 'Z$', 'ZW.png', 1, NULL, NULL),
(206, 'Spain', '+34', 9, 9, 'ES', 'euro', 'EUR', '', 'ES.png', 1, NULL, NULL),
(207, 'South Sudan', '+211', 9, 9, 'SS', 'South Sudanese pound', 'SSP', NULL, NULL, 1, NULL, NULL),
(208, 'Sudan', '+249', 9, 9, 'SD', 'Sudanese pound', 'SDG', NULL, NULL, 1, NULL, NULL),
(209, 'Western Sahara', '+212', 9, 9, 'EH', 'Moroccan dirham', 'MAD', 'MAD', 'EH.png', 1, NULL, NULL),
(210, 'Suriname', '+597', 7, 7, 'SR', 'Surinamese dollar', 'SRD', '$', 'SR.png', 1, NULL, NULL),
(211, 'Svalbard and Jan Mayen', '+47', 8, 8, 'SJ', 'Norwegian krone (pl. kroner)', 'NOK', 'kr', 'SJ.png', 1, NULL, NULL),
(212, 'Swaziland', '+268', 8, 8, 'SZ', 'lilangeni', 'SZL', 'SZL', 'SZ.png', 1, NULL, NULL),
(213, 'Sweden', '+46', 13, 13, 'SE', 'krona (pl. kronor)', 'SEK', 'kr', 'SE.png', 1, NULL, NULL),
(214, 'Switzerland', '+41', 12, 12, 'CH', 'Swiss franc', 'CHF', 'CHF', 'CH.png', 1, NULL, NULL),
(215, 'Syrian Arab Republic', '+963', 10, 10, 'SY', 'Syrian pound', 'SYP', '', 'SY.png', 1, NULL, NULL),
(216, 'Tajikistan', '+992', 9, 9, 'TJ', 'somoni', 'TJS', 'TJS', 'TJ.png', 1, NULL, NULL),
(217, 'Thailand', '+66', 9, 9, 'TH', 'baht (inv.)', 'THB', '', 'TH.png', 1, NULL, NULL),
(218, 'Togo', '+228', 8, 8, 'TG', 'CFA franc (BCEAO)', 'XOF', 'XOF', 'TG.png', 1, NULL, NULL),
(219, 'Tokelau', '+690', 4, 4, 'TK', 'New Zealand dollar', 'NZD', '$', 'TK.png', 1, NULL, NULL),
(220, 'Tonga', '+676', 7, 7, 'TO', 'paanga (inv.)', 'TOP', 'T$', 'TO.png', 1, NULL, NULL),
(221, 'Trinidad and Tobago', '+1', 7, 7, 'TT', 'Trinidad and Tobago dollar', 'TTD', 'TT$', 'TT.png', 1, NULL, NULL),
(222, 'United Arab Emirates', '+971', 9, 9, 'AE', 'UAE dirham', 'AED', 'AED', 'AE.png', 1, NULL, NULL),
(223, 'Tunisia', '+216', 8, 8, 'TN', 'Tunisian dinar', 'TND', 'TND', 'TN.png', 1, NULL, NULL),
(224, 'Turkey', '+90', 10, 10, 'TR', 'Turkish lira (inv.)', 'TRY', '', 'TR.png', 1, NULL, NULL),
(225, 'Turkmenistan', '+993', 8, 8, 'TM', 'Turkmen manat (inv.)', 'TMT', 'm', 'TM.png', 1, NULL, NULL),
(226, 'Turks and Caicos Islands', '+1', 7, 7, 'TC', 'US dollar', 'USD', '$', 'TC.png', 1, NULL, NULL),
(227, 'Tuvalu', '+688', 6, 6, 'TV', 'Australian dollar', 'AUD', '$', 'TV.png', 1, NULL, NULL),
(228, 'Uganda', '+256', 9, 9, 'UG', 'Uganda shilling', 'UGX', 'UGX', 'UG.png', 1, NULL, NULL),
(229, 'Ukraine', '+380', 9, 9, 'UA', 'hryvnia', 'UAH', '', 'UA.png', 1, NULL, NULL),
(230, 'Macedonia, the former Yugoslav Republic of', '+389', 9, 9, 'MK', 'denar (pl. denars)', 'MKD', '', 'MK.png', 1, NULL, NULL),
(231, 'Egypt', '+20', 10, 10, 'EG', 'Egyptian pound', 'EGP', '', 'EG.png', 1, NULL, NULL),
(232, 'United Kingdom', '+44', 10, 10, 'GB', 'pound sterling', 'GBP', '', 'GB.png', 1, NULL, NULL),
(233, 'Guernsey', '+44', 6, 6, 'GG', 'Guernsey pound (GG2)', 'GGP (GG2)', NULL, NULL, 1, NULL, NULL),
(234, 'Jersey', '+44', 6, 6, 'JE', 'Jersey pound (JE2)', 'JEP (JE2)', NULL, NULL, 1, NULL, NULL),
(235, 'Isle of Man', '+44', 6, 6, 'IM', 'Manx pound (IM2)', 'IMP (IM2)', NULL, NULL, 1, NULL, NULL),
(236, 'Tanzania, United Republic of', '+255', 9, 9, 'TZ', 'Tanzanian shilling', 'TZS', 'TZS', 'TZ.png', 1, NULL, NULL),
(237, 'United States', '+1', 10, 10, 'US', 'US dollar', 'USD', '$', 'US.png', 1, NULL, NULL),
(238, 'Virgin Islands, U.S.', '+1', 7, 7, 'VI', 'US dollar', 'USD', '$', 'VI.png', 1, NULL, NULL),
(239, 'Burkina Faso', '+226', 8, 8, 'BF', 'CFA franc (BCEAO)', 'XOF', 'XOF', 'BF.png', 1, NULL, NULL),
(240, 'Uruguay', '+598', 11, 11, 'UY', 'Uruguayan peso', 'UYU', '$U', 'UY.png', 1, NULL, NULL),
(241, 'Uzbekistan', '+998', 9, 9, 'UZ', 'sum (inv.)', 'UZS', '', 'UZ.png', 1, NULL, NULL),
(242, 'Venezuela, Bolivarian Republic of', '+58', 10, 10, 'VE', 'bolvar fuerte (pl. bolvares fuertes)', 'VEF', 'Bs', 'VE.png', 1, NULL, NULL),
(243, 'Wallis and Futuna', '+681', 6, 6, 'WF', 'CFP franc', 'XPF', 'XPF', 'WF.png', 1, NULL, NULL),
(244, 'Samoa', '+685', 7, 7, 'WS', 'tala (inv.)', 'WST', 'WS$', 'WS.png', 1, NULL, NULL),
(245, 'Yemen', '+967', 9, 9, 'YE', 'Yemeni rial', 'YER', '', 'YE.png', 1, NULL, NULL),
(246, 'Zambia', '+260', 9, 9, 'ZM', 'Zambian kwacha (inv.)', 'ZMW', 'ZK', 'ZM.png', 1, NULL, NULL);

-- --------------------------------------------------------

--
-- Table structure for table `developers`
--

CREATE TABLE `developers` (
  `id` char(36) COLLATE utf8mb4_unicode_ci NOT NULL,
  `user_id` int(10) UNSIGNED NOT NULL,
  `first_name` varchar(191) COLLATE utf8mb4_unicode_ci NOT NULL,
  `last_name` varchar(191) COLLATE utf8mb4_unicode_ci DEFAULT NULL,
  `address` text COLLATE utf8mb4_unicode_ci DEFAULT NULL,
  `country` int(10) UNSIGNED NOT NULL,
  `state` varchar(50) COLLATE utf8mb4_unicode_ci DEFAULT NULL,
  `city` varchar(50) COLLATE utf8mb4_unicode_ci DEFAULT NULL,
  `pincode` int(11) NOT NULL,
  `email` varchar(150) COLLATE utf8mb4_unicode_ci NOT NULL,
  `mobile` varchar(14) COLLATE utf8mb4_unicode_ci NOT NULL,
  `team` enum('android','ios','designing','server','testing') COLLATE utf8mb4_unicode_ci NOT NULL,
  `created_at` timestamp NULL DEFAULT NULL,
  `updated_at` timestamp NULL DEFAULT NULL
) ENGINE=InnoDB DEFAULT CHARSET=utf8mb4 COLLATE=utf8mb4_unicode_ci;

-- --------------------------------------------------------

--
-- Table structure for table `distance_matrixes`
--

CREATE TABLE `distance_matrixes` (
  `id` int(10) UNSIGNED NOT NULL,
  `origin_addresses` varchar(191) COLLATE utf8mb4_unicode_ci NOT NULL,
  `origin_lat` double(15,8) NOT NULL DEFAULT 0.00000000,
  `origin_lng` double(15,8) NOT NULL DEFAULT 0.00000000,
  `destination_addresses` varchar(191) COLLATE utf8mb4_unicode_ci NOT NULL,
  `destination_lat` double(15,8) NOT NULL DEFAULT 0.00000000,
  `destination_lng` double(15,8) NOT NULL DEFAULT 0.00000000,
  `distance` varchar(191) COLLATE utf8mb4_unicode_ci NOT NULL,
  `duration` varchar(191) COLLATE utf8mb4_unicode_ci NOT NULL,
  `json_result` text COLLATE utf8mb4_unicode_ci NOT NULL,
  `created_at` timestamp NULL DEFAULT NULL,
  `updated_at` timestamp NULL DEFAULT NULL
) ENGINE=InnoDB DEFAULT CHARSET=utf8mb4 COLLATE=utf8mb4_unicode_ci;

--
-- Dumping data for table `distance_matrixes`
--

INSERT INTO `distance_matrixes` (`id`, `origin_addresses`, `origin_lat`, `origin_lng`, `destination_addresses`, `destination_lat`, `destination_lng`, `distance`, `duration`, `json_result`, `created_at`, `updated_at`) VALUES
(1, 'WJF8+3X4 Arumugam, Old Madiwala, Madiwala, 1st Stage, BTM Layout, Bengaluru, Karnataka 560068, India', 12.92263730, 77.61744420, 'XHHC+2WR, Kempegowda, Sevashrama, Bengaluru, Karnataka 560009, India', 12.97761460, 77.57225040, '6.0 mi', '30 mins', '{\"destination_addresses\":[\"XHHC+2WR, Kempegowda, Sevashrama, Bengaluru, Karnataka 560009, India\"],\"origin_addresses\":[\"WJF8+3X4 Arumugam, Old Madiwala, Madiwala, 1st Stage, BTM Layout, Bengaluru, Karnataka 560068, India\"],\"rows\":[{\"elements\":[{\"distance\":{\"text\":\"6.0 mi\",\"value\":9650},\"duration\":{\"text\":\"34 mins\",\"value\":2036},\"duration_in_traffic\":{\"text\":\"30 mins\",\"value\":1826},\"status\":\"OK\"}]}],\"status\":\"OK\"}', '2022-11-28 10:27:29', '2022-11-28 10:27:29'),
(2, '4/1,Popular Residency, 2nd Cross Rd, behind Ayyappa Temple, Old Madiwala, 1st Stage, BTM Layout, Bengaluru, Karnataka 560068, India', 12.92424887, 77.61744361, 'Kempegowda International Airport Bengaluru (BLR), KIAL Rd, Devanahalli, Bengaluru, Karnataka 560300, India', 13.19890890, 77.70681310, '25.6 mi', '1 hour 2 mins', '{\"destination_addresses\":[\"Kempegowda International Airport Bengaluru (BLR), KIAL Rd, Devanahalli, Bengaluru, Karnataka 560300, India\"],\"origin_addresses\":[\"4\\/1,Popular Residency, 2nd Cross Rd, behind Ayyappa Temple, Old Madiwala, 1st Stage, BTM Layout, Bengaluru, Karnataka 560068, India\"],\"rows\":[{\"elements\":[{\"distance\":{\"text\":\"25.6 mi\",\"value\":41162},\"duration\":{\"text\":\"1 hour 12 mins\",\"value\":4325},\"duration_in_traffic\":{\"text\":\"1 hour 2 mins\",\"value\":3712},\"status\":\"OK\"}]}],\"status\":\"OK\"}', '2022-11-28 11:34:16', '2022-11-28 11:34:16'),
(3, '4/1,Popular Residency, 2nd Cross Rd, behind Ayyappa Temple, Old Madiwala, 1st Stage, BTM Layout, Bengaluru, Karnataka 560068, India', 12.92425083, 77.61744495, 'Kempegowda International Airport Bengaluru (BLR), KIAL Rd, Devanahalli, Bengaluru, Karnataka 560300, India', 13.19890890, 77.70681310, '25.6 mi', '57 mins', '{\"destination_addresses\":[\"Kempegowda International Airport Bengaluru (BLR), KIAL Rd, Devanahalli, Bengaluru, Karnataka 560300, India\"],\"origin_addresses\":[\"4\\/1,Popular Residency, 2nd Cross Rd, behind Ayyappa Temple, Old Madiwala, 1st Stage, BTM Layout, Bengaluru, Karnataka 560068, India\"],\"rows\":[{\"elements\":[{\"distance\":{\"text\":\"25.6 mi\",\"value\":41161},\"duration\":{\"text\":\"1 hour 12 mins\",\"value\":4325},\"duration_in_traffic\":{\"text\":\"57 mins\",\"value\":3439},\"status\":\"OK\"}]}],\"status\":\"OK\"}', '2022-11-28 12:22:42', '2022-11-28 12:22:42'),
(4, 'H S R Layout 38 Cross 1 Th, E Main Rd, near ICICI Bank, 1st Sector, HSR Layout, Bengaluru, Karnataka 560102, India', 12.91879677, 77.65192341, 'Kempegowda International Airport Bengaluru (BLR), KIAL Rd, Devanahalli, Bengaluru, Karnataka 560300, India', 13.19890890, 77.70681310, '33.4 mi', '1 hour 27 mins', '{\"destination_addresses\":[\"Kempegowda International Airport Bengaluru (BLR), KIAL Rd, Devanahalli, Bengaluru, Karnataka 560300, India\"],\"origin_addresses\":[\"H S R Layout 38 Cross 1 Th, E Main Rd, near ICICI Bank, 1st Sector, HSR Layout, Bengaluru, Karnataka 560102, India\"],\"rows\":[{\"elements\":[{\"distance\":{\"text\":\"33.4 mi\",\"value\":53824},\"duration\":{\"text\":\"1 hour 24 mins\",\"value\":5067},\"duration_in_traffic\":{\"text\":\"1 hour 27 mins\",\"value\":5204},\"status\":\"OK\"}]}],\"status\":\"OK\"}', '2022-12-04 06:51:15', '2022-12-04 06:51:15'),
(5, '116, 4th Main Rd, Old Madiwala, 1st Stage, BTM Layout, Bengaluru, Karnataka 560068, India', 12.92417502, 77.61748955, 'Kempegowda International Airport Bengaluru (BLR), KIAL Rd, Devanahalli, Bengaluru, Karnataka 560300, India', 13.19890890, 77.70681310, '25.6 mi', '55 mins', '{\"destination_addresses\":[\"Kempegowda International Airport Bengaluru (BLR), KIAL Rd, Devanahalli, Bengaluru, Karnataka 560300, India\"],\"origin_addresses\":[\"116, 4th Main Rd, Old Madiwala, 1st Stage, BTM Layout, Bengaluru, Karnataka 560068, India\"],\"rows\":[{\"elements\":[{\"distance\":{\"text\":\"25.6 mi\",\"value\":41138},\"duration\":{\"text\":\"1 hour 11 mins\",\"value\":4270},\"duration_in_traffic\":{\"text\":\"55 mins\",\"value\":3304},\"status\":\"OK\"}]}],\"status\":\"OK\"}', '2022-12-05 12:16:58', '2022-12-05 12:16:58');

-- --------------------------------------------------------

--
-- Table structure for table `drivers`
--

CREATE TABLE `drivers` (
  `id` int(10) UNSIGNED NOT NULL,
  `uuid` char(36) COLLATE utf8mb4_unicode_ci DEFAULT NULL,
  `user_id` int(10) UNSIGNED NOT NULL,
  `owner_id` char(36) COLLATE utf8mb4_unicode_ci DEFAULT NULL,
  `service_location_id` char(36) COLLATE utf8mb4_unicode_ci NOT NULL,
  `name` varchar(191) COLLATE utf8mb4_unicode_ci NOT NULL,
  `mobile` varchar(191) COLLATE utf8mb4_unicode_ci NOT NULL,
  `email` varchar(150) COLLATE utf8mb4_unicode_ci NOT NULL,
  `address` varchar(500) COLLATE utf8mb4_unicode_ci DEFAULT NULL,
  `state` varchar(50) COLLATE utf8mb4_unicode_ci DEFAULT NULL,
  `city` varchar(50) COLLATE utf8mb4_unicode_ci DEFAULT NULL,
  `country` int(10) UNSIGNED DEFAULT NULL,
  `postal_code` varchar(191) COLLATE utf8mb4_unicode_ci DEFAULT NULL,
  `gender` enum('male','fe-male','others') COLLATE utf8mb4_unicode_ci NOT NULL,
  `vehicle_type` char(36) COLLATE utf8mb4_unicode_ci DEFAULT NULL,
  `vehicle_year` int(11) DEFAULT NULL,
  `fleet_id` char(36) COLLATE utf8mb4_unicode_ci DEFAULT NULL,
  `car_make` int(10) UNSIGNED DEFAULT NULL,
  `car_model` int(10) UNSIGNED DEFAULT NULL,
  `car_color` varchar(191) COLLATE utf8mb4_unicode_ci DEFAULT NULL,
  `car_number` varchar(191) COLLATE utf8mb4_unicode_ci DEFAULT NULL,
  `today_trip_count` int(11) NOT NULL DEFAULT 0,
  `total_accept` int(11) NOT NULL DEFAULT 0,
  `total_reject` int(11) NOT NULL DEFAULT 0,
  `acceptance_ratio` int(11) NOT NULL DEFAULT 0,
  `last_trip_date` timestamp NULL DEFAULT NULL,
  `active` tinyint(1) NOT NULL DEFAULT 0,
  `approve` tinyint(1) NOT NULL DEFAULT 0,
  `available` tinyint(1) NOT NULL DEFAULT 0,
  `reason` varchar(191) COLLATE utf8mb4_unicode_ci DEFAULT NULL,
  `created_at` timestamp NULL DEFAULT NULL,
  `updated_at` timestamp NULL DEFAULT NULL,
  `deleted_at` timestamp NULL DEFAULT NULL
) ENGINE=InnoDB DEFAULT CHARSET=utf8mb4 COLLATE=utf8mb4_unicode_ci;

--
-- Dumping data for table `drivers`
--

INSERT INTO `drivers` (`id`, `uuid`, `user_id`, `owner_id`, `service_location_id`, `name`, `mobile`, `email`, `address`, `state`, `city`, `country`, `postal_code`, `gender`, `vehicle_type`, `vehicle_year`, `fleet_id`, `car_make`, `car_model`, `car_color`, `car_number`, `today_trip_count`, `total_accept`, `total_reject`, `acceptance_ratio`, `last_trip_date`, `active`, `approve`, `available`, `reason`, `created_at`, `updated_at`, `deleted_at`) VALUES
(1, 'w9MBjVjzt8', 2, NULL, '495241b1-10eb-4c2f-8548-b54660d8c695', 'Demo Driver', '7004920897', 'driver@gmail.com', NULL, NULL, NULL, NULL, NULL, 'male', 'e6caad35-0bbd-4106-978e-2041c0670518', NULL, NULL, 1, 1, 'Black', 'KA-01-EQ-0001', 0, 0, 0, 0, NULL, 1, 1, 0, 'profile-info-updated', '2022-10-16 13:55:59', '2022-11-28 09:02:04', NULL),
(2, 'DYLLTzzqrn', 3, NULL, '495241b1-10eb-4c2f-8548-b54660d8c695', 'sd sfd df', '9898989898', 'nancy@gmail.com', NULL, NULL, NULL, NULL, NULL, 'male', 'eaa6f45a-2b88-4cbb-8b4a-f58b532be918', NULL, NULL, 18, 332, 'Black', 'KA-01-EQ-0001', 0, 0, 0, 0, NULL, 0, 1, 0, NULL, '2022-10-28 13:18:37', '2022-11-21 02:22:13', NULL),
(3, 'DWfxdZhhCg', 8, NULL, '495241b1-10eb-4c2f-8548-b54660d8c695', 'dededede', '098765432', 'deepesh@dgl.biz', NULL, NULL, NULL, NULL, NULL, 'male', 'eaa6f45a-2b88-4cbb-8b4a-f58b532be918', NULL, NULL, 1, 11, '1111', '221', 0, 0, 0, 0, NULL, 0, 1, 0, NULL, '2022-11-21 01:45:46', '2022-11-21 02:58:58', NULL),
(5, 'LuYRqVrDbq', 10, NULL, '495241b1-10eb-4c2f-8548-b54660d8c695', 'Jose', '8088352708', 'infostalin@gmail.com', NULL, NULL, NULL, 102, NULL, 'male', 'eaa6f45a-2b88-4cbb-8b4a-f58b532be918', 2020, NULL, 1, 8, 'red', 'TN39Ad6904', 0, 0, 0, 0, NULL, 0, 1, 1, NULL, '2022-11-25 02:10:55', '2022-11-25 04:30:58', NULL),
(6, '1VynyVio1T', 11, NULL, '495241b1-10eb-4c2f-8548-b54660d8c695', 'stalin', '9677956853', 'stalin@gouremt.in', NULL, NULL, NULL, 102, NULL, 'male', 'eaa6f45a-2b88-4cbb-8b4a-f58b532be918', 2021, NULL, 1, 2, 'red', 'tn34ad5467', 0, 0, 0, 0, NULL, 0, 1, 0, NULL, '2022-11-25 07:34:50', '2022-11-25 07:37:24', NULL),
(7, 'ffD6YZEKJq', 12, NULL, '495241b1-10eb-4c2f-8548-b54660d8c695', 'joe', '1234567899', 'joe@gm.com', NULL, NULL, NULL, 102, NULL, 'male', 'eaa6f45a-2b88-4cbb-8b4a-f58b532be918', 2021, NULL, 2, 15, 'red', 'tn39ad6410', 0, 0, 0, 0, NULL, 1, 1, 1, NULL, '2022-11-25 12:25:55', '2022-12-05 12:23:05', NULL),
(8, 'copn0NmHr0', 13, NULL, '495241b1-10eb-4c2f-8548-b54660d8c695', 'deepu', '9876543210', 'deepeshinfo22@gmail.com', NULL, NULL, NULL, 102, NULL, 'male', 'eaa6f45a-2b88-4cbb-8b4a-f58b532be918', 2022, NULL, 1, 1, 'red', '2012493', 0, 0, 0, 0, NULL, 0, 1, 1, NULL, '2022-11-25 13:18:50', '2022-11-25 13:21:45', NULL),
(9, 'bUnd1qWNhz', 14, NULL, '495241b1-10eb-4c2f-8548-b54660d8c695', 'Mohammed Nasar', '8884446570', 'nasarfaridi@hotmail.com', NULL, NULL, NULL, 102, NULL, 'male', 'eaa6f45a-2b88-4cbb-8b4a-f58b532be918', 2003, NULL, 31, 544, 'Black', 'Kllllllawwe', 0, 0, 0, 0, NULL, 0, 1, 1, NULL, '2022-11-27 11:12:21', '2022-11-30 11:07:52', NULL),
(10, 'FYDiHfq6IS', 17, NULL, '495241b1-10eb-4c2f-8548-b54660d8c695', 'j', '8088352707', 'g@gm.in', NULL, NULL, NULL, 102, NULL, 'male', 'eaa6f45a-2b88-4cbb-8b4a-f58b532be918', 2001, NULL, 1, 2, 'red', 'tb53n4578', 0, 0, 0, 0, NULL, 0, 0, 0, NULL, '2022-11-28 06:20:43', '2022-11-28 06:20:43', NULL),
(11, '1GA2cJBzfq', 18, NULL, '4aed39ce-63e5-47bf-8a01-ca940f2737d9', 'test', '1234567897', 'absd@def.com', NULL, NULL, NULL, 102, NULL, 'male', 'eaa6f45a-2b88-4cbb-8b4a-f58b532be918', 2012, NULL, 1, 1, 'red', 'djsisjsj3', 0, 0, 0, 0, NULL, 1, 1, 1, NULL, '2022-11-28 09:27:26', '2022-11-28 12:25:08', NULL),
(12, 'KIMb2Lkx2m', 20, NULL, '495241b1-10eb-4c2f-8548-b54660d8c695', 'bzkz', '1234567891', 'hxxkkd@gmail.com', NULL, NULL, NULL, 102, NULL, 'male', 'eaa6f45a-2b88-4cbb-8b4a-f58b532be918', 2010, NULL, 1, 1, 'black', 'eq012019se', 0, 0, 0, 0, NULL, 1, 1, 1, NULL, '2022-11-28 12:03:07', '2022-12-04 06:50:49', NULL),
(13, 'sGqW1LrvlG', 21, NULL, '495241b1-10eb-4c2f-8548-b54660d8c695', 'gjj', '12345678922', 'gui@gjj.vom', NULL, NULL, NULL, 102, NULL, 'male', 'eaa6f45a-2b88-4cbb-8b4a-f58b532be918', 2011, NULL, 19, 338, 'red', '58644', 0, 0, 0, 0, NULL, 0, 0, 0, NULL, '2022-11-28 12:29:23', '2022-11-28 12:29:23', NULL),
(14, 'UfHQrD1a9Z', 22, NULL, '495241b1-10eb-4c2f-8548-b54660d8c695', 'gjj', '12345678922', 'gui@gjj.vom', NULL, NULL, NULL, 102, NULL, 'male', 'eaa6f45a-2b88-4cbb-8b4a-f58b532be918', 2011, NULL, 19, 338, 'red', '58644', 0, 0, 0, 0, NULL, 0, 0, 0, NULL, '2022-11-28 12:29:23', '2022-11-28 12:29:23', NULL),
(15, '9n9VCk4Mhj', 23, NULL, '495241b1-10eb-4c2f-8548-b54660d8c695', 'joe', '1236547890', 'gft@gmail.com', NULL, NULL, NULL, 102, NULL, 'male', 'eaa6f45a-2b88-4cbb-8b4a-f58b532be918', 2013, NULL, 3, 17, 're', 'tb56d4432', 0, 0, 0, 0, NULL, 0, 0, 0, NULL, '2022-11-29 00:47:55', '2022-11-29 00:47:55', NULL),
(16, 'QTOvsGQpF7', 24, NULL, '495241b1-10eb-4c2f-8548-b54660d8c695', 'joi', '1472583690', 'ji@gmail.com', NULL, NULL, NULL, 102, NULL, 'male', 'eaa6f45a-2b88-4cbb-8b4a-f58b532be918', 2019, NULL, 2, 15, 'red', 'tn45d4321', 0, 0, 0, 0, NULL, 0, 0, 0, NULL, '2022-11-29 00:58:17', '2022-11-29 00:58:17', NULL),
(17, 'SdEBS2rm5S', 25, NULL, '495241b1-10eb-4c2f-8548-b54660d8c695', 'joi', '1472580369', 'tnc@gmail.com', NULL, NULL, NULL, 102, NULL, 'male', 'eaa6f45a-2b88-4cbb-8b4a-f58b532be918', 2022, NULL, 3, 17, 'red', 'tn65d3214', 0, 0, 0, 0, NULL, 0, 0, 0, NULL, '2022-11-29 01:01:22', '2022-11-29 01:01:22', NULL),
(18, '5ucLV8ZHLu', 26, NULL, '495241b1-10eb-4c2f-8548-b54660d8c695', 'goi', '9630852741', 'goi@gmail.com', NULL, NULL, NULL, 102, NULL, 'male', 'eaa6f45a-2b88-4cbb-8b4a-f58b532be918', 2012, NULL, 2, 15, 'red', 'tb54h547', 0, 0, 0, 0, NULL, 0, 0, 0, NULL, '2022-11-29 01:12:51', '2022-11-29 01:12:51', NULL),
(19, 'ldr0SdYPap', 27, NULL, '495241b1-10eb-4c2f-8548-b54660d8c695', 'joi', '9677956852', 'jiu@gmail.com', NULL, NULL, NULL, 102, NULL, 'male', 'eaa6f45a-2b88-4cbb-8b4a-f58b532be918', 2022, NULL, 3, 17, 'red', 'th65h554', 0, 0, 0, 0, NULL, 0, 0, 0, NULL, '2022-11-29 01:42:17', '2022-11-29 01:42:17', NULL),
(20, 'K8i6USVJQK', 28, NULL, '495241b1-10eb-4c2f-8548-b54660d8c695', 'joi', '9677956851', 'in@gmail.com', NULL, NULL, NULL, 102, NULL, 'male', 'eaa6f45a-2b88-4cbb-8b4a-f58b532be918', 2012, NULL, 7, 90, 'red', 'gd543ghj', 0, 0, 0, 0, NULL, 0, 0, 0, NULL, '2022-11-29 01:53:33', '2022-11-29 01:53:33', NULL),
(21, '6Zgbij7Y9j', 29, NULL, '495241b1-10eb-4c2f-8548-b54660d8c695', 'test', '1234567893', 'hzksnsns@hekdms.djdms', NULL, NULL, NULL, 102, NULL, 'male', 'eaa6f45a-2b88-4cbb-8b4a-f58b532be918', 1234, NULL, 1, 1, 'ttt', '7w8wu282', 0, 0, 0, 0, NULL, 0, 1, 1, NULL, '2022-11-29 03:06:59', '2022-12-05 12:23:23', NULL),
(22, 'MpgNus1nQs', 30, NULL, '495241b1-10eb-4c2f-8548-b54660d8c695', 'ryu', '1234567894', 'fuijfxxgi@fhuj.cgu', NULL, NULL, NULL, 102, NULL, 'male', 'eaa6f45a-2b88-4cbb-8b4a-f58b532be918', 2010, NULL, 1, 1, 'xhdu', '636336', 0, 0, 0, 0, NULL, 0, 1, 0, NULL, '2022-11-29 03:15:45', '2022-11-29 03:20:25', NULL);

-- --------------------------------------------------------

--
-- Table structure for table `driver_availabilities`
--

CREATE TABLE `driver_availabilities` (
  `id` int(10) UNSIGNED NOT NULL,
  `driver_id` int(10) UNSIGNED NOT NULL,
  `is_online` tinyint(1) NOT NULL,
  `online_at` timestamp NULL DEFAULT NULL,
  `offline_at` timestamp NULL DEFAULT NULL,
  `duration` double(8,2) NOT NULL DEFAULT 0.00,
  `created_at` timestamp NULL DEFAULT NULL,
  `updated_at` timestamp NULL DEFAULT NULL
) ENGINE=InnoDB DEFAULT CHARSET=utf8mb4 COLLATE=utf8mb4_unicode_ci;

--
-- Dumping data for table `driver_availabilities`
--

INSERT INTO `driver_availabilities` (`id`, `driver_id`, `is_online`, `online_at`, `offline_at`, `duration`, `created_at`, `updated_at`) VALUES
(1, 4, 0, '2022-11-23 11:28:16', '2022-11-23 11:28:17', 0.00, '2022-11-23 11:28:16', '2022-11-23 11:28:17'),
(2, 4, 0, '2022-11-23 11:28:18', '2022-11-23 11:28:20', 0.00, '2022-11-23 11:28:18', '2022-11-23 11:28:20'),
(3, 4, 0, '2022-11-23 11:28:22', '2022-11-23 11:32:38', 4.00, '2022-11-23 11:28:22', '2022-11-23 11:32:38'),
(4, 4, 0, '2022-11-23 11:32:41', '2022-11-23 11:33:42', 1.00, '2022-11-23 11:32:41', '2022-11-23 11:33:42'),
(5, 4, 1, '2022-11-23 11:33:44', '2022-11-23 12:03:44', 30.00, '2022-11-23 11:33:44', '2022-11-24 00:54:09'),
(6, 4, 0, '2022-11-24 00:24:09', '2022-11-23 23:54:09', 29.00, '2022-11-24 00:54:09', '2022-11-24 00:54:09'),
(7, 4, 0, '2022-11-24 00:54:11', '2022-11-24 05:27:20', 273.00, '2022-11-24 00:54:11', '2022-11-24 05:27:20'),
(8, 4, 1, '2022-11-24 05:27:21', '2022-11-24 05:57:21', 30.00, '2022-11-24 05:27:21', '2022-11-25 02:46:36'),
(9, 4, 0, '2022-11-25 02:16:36', '2022-11-25 01:46:36', 29.00, '2022-11-25 02:46:36', '2022-11-25 02:46:36'),
(10, 4, 0, '2022-11-25 02:46:37', '2022-11-25 02:46:38', 0.00, '2022-11-25 02:46:37', '2022-11-25 02:46:38'),
(11, 4, 0, '2022-11-25 02:46:39', '2022-11-25 02:46:41', 0.00, '2022-11-25 02:46:39', '2022-11-25 02:46:41'),
(12, 4, 0, '2022-11-25 02:46:43', '2022-11-25 09:21:09', 394.00, '2022-11-25 02:46:43', '2022-11-25 09:21:09'),
(13, 5, 0, '2022-11-25 04:30:32', '2022-11-25 04:30:58', 0.00, '2022-11-25 04:30:32', '2022-11-25 04:30:58'),
(14, 4, 0, '2022-11-25 09:21:21', '2022-11-25 09:27:12', 5.00, '2022-11-25 09:21:21', '2022-11-25 09:27:12'),
(15, 4, 0, '2022-11-25 11:23:00', '2022-11-25 11:23:02', 0.00, '2022-11-25 11:23:00', '2022-11-25 11:23:02'),
(16, 4, 0, '2022-11-25 11:23:23', '2022-11-25 11:23:26', 0.00, '2022-11-25 11:23:23', '2022-11-25 11:23:26'),
(17, 4, 0, '2022-11-25 11:23:27', '2022-11-25 11:23:31', 0.00, '2022-11-25 11:23:27', '2022-11-25 11:23:31'),
(18, 8, 0, '2022-11-25 13:21:43', '2022-11-25 13:21:45', 0.00, '2022-11-25 13:21:43', '2022-11-25 13:21:45'),
(19, 4, 0, '2022-11-28 09:21:44', '2022-11-28 09:21:45', 0.00, '2022-11-28 09:21:44', '2022-11-28 09:21:45'),
(20, 11, 0, '2022-11-28 09:28:46', '2022-11-28 09:28:47', 0.00, '2022-11-28 09:28:46', '2022-11-28 09:28:47'),
(21, 11, 0, '2022-11-28 10:50:43', '2022-11-28 10:50:45', 0.00, '2022-11-28 10:50:43', '2022-11-28 10:50:45'),
(22, 11, 0, '2022-11-28 11:29:46', '2022-11-28 11:47:08', 17.00, '2022-11-28 11:29:46', '2022-11-28 11:47:08'),
(23, 11, 0, '2022-11-28 11:47:15', '2022-11-28 11:47:19', 0.00, '2022-11-28 11:47:15', '2022-11-28 11:47:19'),
(24, 11, 0, '2022-11-28 11:47:21', '2022-11-28 12:23:22', 36.00, '2022-11-28 11:47:21', '2022-11-28 12:23:22'),
(25, 12, 0, '2022-11-28 12:05:27', '2022-11-28 12:05:28', 0.00, '2022-11-28 12:05:27', '2022-11-28 12:05:28'),
(26, 12, 0, '2022-11-28 12:05:34', '2022-11-28 12:31:46', 26.00, '2022-11-28 12:05:34', '2022-11-28 12:31:46'),
(27, 11, 1, '2022-11-28 12:23:27', NULL, 0.00, '2022-11-28 12:23:27', '2022-11-28 12:23:27'),
(28, 12, 0, '2022-11-28 12:31:46', '2022-11-28 12:31:48', 0.00, '2022-11-28 12:31:46', '2022-11-28 12:31:48'),
(29, 12, 1, '2022-11-28 12:31:49', '2022-11-28 13:01:49', 30.00, '2022-11-28 12:31:49', '2022-12-04 06:47:59'),
(30, 7, 1, '2022-11-28 12:34:03', '2022-11-28 13:04:03', 30.00, '2022-11-28 12:34:03', '2022-11-29 03:04:30'),
(31, 7, 0, '2022-11-29 02:34:30', '2022-11-29 02:04:30', 29.00, '2022-11-29 03:04:30', '2022-11-29 03:04:30'),
(32, 7, 0, '2022-11-29 03:04:31', '2022-11-29 03:04:35', 0.00, '2022-11-29 03:04:31', '2022-11-29 03:04:35'),
(33, 7, 1, '2022-11-29 03:04:38', '2022-11-29 03:34:38', 30.00, '2022-11-29 03:04:38', '2022-12-04 06:49:45'),
(34, 21, 0, '2022-11-29 03:19:40', '2022-11-29 03:19:45', 0.00, '2022-11-29 03:19:40', '2022-11-29 03:19:45'),
(35, 21, 0, '2022-11-29 03:21:49', '2022-11-29 03:21:55', 0.00, '2022-11-29 03:21:49', '2022-11-29 03:21:55'),
(36, 21, 1, '2022-11-29 03:21:56', '2022-11-29 03:51:56', 30.00, '2022-11-29 03:21:56', '2022-12-05 12:23:23'),
(37, 9, 0, '2022-11-30 11:07:20', '2022-11-30 11:07:52', 0.00, '2022-11-30 11:07:20', '2022-11-30 11:07:52'),
(38, 12, 0, '2022-12-04 06:17:59', '2022-12-04 05:47:59', 29.00, '2022-12-04 06:47:59', '2022-12-04 06:47:59'),
(39, 12, 0, '2022-12-04 06:48:01', '2022-12-04 06:50:42', 2.00, '2022-12-04 06:48:01', '2022-12-04 06:50:42'),
(40, 7, 0, '2022-12-04 06:19:45', '2022-12-04 05:49:45', 29.00, '2022-12-04 06:49:45', '2022-12-04 06:49:45'),
(41, 7, 0, '2022-12-04 06:49:45', '2022-12-04 06:49:46', 0.00, '2022-12-04 06:49:45', '2022-12-04 06:49:46'),
(42, 7, 0, '2022-12-04 06:49:48', '2022-12-04 06:50:54', 1.00, '2022-12-04 06:49:48', '2022-12-04 06:50:54'),
(43, 12, 1, '2022-12-04 06:50:49', NULL, 0.00, '2022-12-04 06:50:49', '2022-12-04 06:50:49'),
(44, 7, 0, '2022-12-04 06:51:02', '2022-12-04 06:51:28', 0.00, '2022-12-04 06:51:02', '2022-12-04 06:51:28'),
(45, 7, 0, '2022-12-04 06:52:26', '2022-12-04 06:53:50', 1.00, '2022-12-04 06:52:26', '2022-12-04 06:53:50'),
(46, 7, 0, '2022-12-04 06:53:55', '2022-12-04 06:55:45', 1.00, '2022-12-04 06:53:55', '2022-12-04 06:55:45'),
(47, 7, 0, '2022-12-04 06:56:49', '2022-12-04 07:00:34', 3.00, '2022-12-04 06:56:49', '2022-12-04 07:00:34'),
(48, 7, 0, '2022-12-04 07:00:43', '2022-12-04 07:01:23', 0.00, '2022-12-04 07:00:43', '2022-12-04 07:01:23'),
(49, 7, 1, '2022-12-04 07:01:48', NULL, 0.00, '2022-12-04 07:01:48', '2022-12-04 07:01:48'),
(50, 21, 0, '2022-12-05 11:53:23', '2022-12-05 11:23:23', 29.00, '2022-12-05 12:23:23', '2022-12-05 12:23:23');

-- --------------------------------------------------------

--
-- Table structure for table `driver_details`
--

CREATE TABLE `driver_details` (
  `id` char(36) COLLATE utf8mb4_unicode_ci NOT NULL,
  `driver_id` int(10) UNSIGNED NOT NULL,
  `latitude` double(15,8) DEFAULT NULL,
  `longitude` double(15,8) DEFAULT NULL,
  `bearing` double(15,2) DEFAULT NULL,
  `is_socket_connected` tinyint(1) NOT NULL DEFAULT 0,
  `current_zone` char(36) COLLATE utf8mb4_unicode_ci DEFAULT NULL,
  `rating` double(10,2) NOT NULL DEFAULT 0.00,
  `rated_by` int(11) NOT NULL DEFAULT 0,
  `is_company_driver` tinyint(1) NOT NULL DEFAULT 0,
  `company` char(36) COLLATE utf8mb4_unicode_ci DEFAULT NULL,
  `created_at` timestamp NULL DEFAULT NULL,
  `updated_at` timestamp NULL DEFAULT NULL,
  `deleted_at` timestamp NULL DEFAULT NULL
) ENGINE=InnoDB DEFAULT CHARSET=utf8mb4 COLLATE=utf8mb4_unicode_ci;

--
-- Dumping data for table `driver_details`
--

INSERT INTO `driver_details` (`id`, `driver_id`, `latitude`, `longitude`, `bearing`, `is_socket_connected`, `current_zone`, `rating`, `rated_by`, `is_company_driver`, `company`, `created_at`, `updated_at`, `deleted_at`) VALUES
('70ce1173-c19c-4a00-a3cc-3ab31ac66e86', 1, 123456.00000000, 23456.00000000, NULL, 0, NULL, 0.00, 0, 0, NULL, '2022-10-16 13:55:59', '2022-10-16 13:55:59', NULL),
('a7ee68df-031f-4d2c-a030-798f505c55a5', 2, 45678.00000000, 4567.00000000, NULL, 0, NULL, 0.00, 0, 0, NULL, '2022-10-28 13:18:37', '2022-10-28 13:18:37', NULL),
('d0db6b0a-5c7a-4be4-aa9b-fbba2db31c68', 3, NULL, NULL, NULL, 0, NULL, 0.00, 0, 0, NULL, '2022-11-21 01:45:46', '2022-11-21 01:45:46', NULL);

-- --------------------------------------------------------

--
-- Table structure for table `driver_documents`
--

CREATE TABLE `driver_documents` (
  `id` char(36) COLLATE utf8mb4_unicode_ci NOT NULL,
  `driver_id` int(10) UNSIGNED NOT NULL,
  `document_id` int(10) UNSIGNED NOT NULL,
  `image` varchar(191) COLLATE utf8mb4_unicode_ci NOT NULL,
  `identify_number` varchar(191) COLLATE utf8mb4_unicode_ci DEFAULT NULL,
  `expiry_date` timestamp NULL DEFAULT NULL,
  `comment` text COLLATE utf8mb4_unicode_ci DEFAULT NULL,
  `document_status` int(11) NOT NULL DEFAULT 2,
  `created_at` timestamp NULL DEFAULT NULL,
  `updated_at` timestamp NULL DEFAULT NULL,
  `deleted_at` timestamp NULL DEFAULT NULL
) ENGINE=InnoDB DEFAULT CHARSET=utf8mb4 COLLATE=utf8mb4_unicode_ci;

--
-- Dumping data for table `driver_documents`
--

INSERT INTO `driver_documents` (`id`, `driver_id`, `document_id`, `image`, `identify_number`, `expiry_date`, `comment`, `document_status`, `created_at`, `updated_at`, `deleted_at`) VALUES
('0090d73f-f77b-43f9-8939-b36500a5d37a', 11, 1, 'OsDo8cOifv7rx1LwbbkwkZhLRdoyS7u9vJClqWqc.jpg', NULL, NULL, NULL, 1, '2022-11-28 09:27:47', '2022-11-28 09:28:39', NULL),
('0dcdf64b-e663-4025-98b2-67863a84b279', 9, 2, 'Jfsl2pSu4YOK7lidrjC8DT2HC9VMA7oYw9VhP4Ou.jpg', 'fhjdvshs', '2023-11-22 18:30:00', NULL, 3, '2022-11-30 11:06:41', '2022-11-30 11:06:41', NULL),
('1c85f2c2-fc21-43db-b89e-771300fd30a6', 2, 1, 'NqtlfJaOIWSOWwJI0F6OixDboPQLmgag33iI9NFF.jpg', NULL, NULL, NULL, 1, '2022-11-05 04:58:06', '2022-11-05 04:58:11', NULL),
('2096295b-6d44-4b13-a447-b42983ca4ef2', 9, 1, 'TFLI7kIJsWVjoZAAZQyj2Glqj2Ua2mCcVcdNpjVD.jpg', NULL, NULL, NULL, 4, '2022-11-27 11:14:38', '2022-11-30 11:05:14', NULL),
('3914f314-012f-4852-b70f-775f79b55162', 7, 1, 'wD2RqqrpQDzK93uHn5sR6hkXufZCHKmUV7rsx0Fj.jpg', NULL, NULL, NULL, 1, '2022-11-25 12:26:19', '2022-11-28 06:14:06', NULL),
('3d6c3752-10be-46d4-a0dd-b1cda2830cc7', 1, 1, 'jNTR0BZhipTVBst3YWqTD4HCHzVZGRWlMo7pVVPH.jpg', NULL, NULL, NULL, 1, '2022-11-03 03:02:59', '2022-11-03 03:03:04', NULL),
('5b570945-8ef3-4572-afd1-4ce619d589f1', 8, 1, 'HT7Ysm6uEF2JEwcygFADMQ6qmF8NO2uIhocNcOcw.jpg', NULL, NULL, NULL, 1, '2022-11-25 13:19:39', '2022-11-25 13:21:31', NULL),
('7594367e-bf34-495b-9912-d0c808fceb87', 7, 2, 'pAl14wwzmhSx3m9K4IsAsc8HcvZMytGNWxeAW7uq.jpg', '238384884', '2022-11-27 18:30:00', NULL, 1, '2022-11-28 06:11:10', '2022-11-28 06:14:06', NULL),
('78551624-3dbb-4d6f-ae69-629dc504859f', 11, 2, 'rhoql7ICBADAMIUxDop4UgCFozroyxNbJSNHaNmn.jpg', 'suissj', '2022-11-27 18:30:00', NULL, 1, '2022-11-28 09:28:04', '2022-11-28 09:28:39', NULL),
('7a6d8806-6a20-4a2b-8475-33cf03a2c8fb', 5, 1, 'a3z2drNMyI42AyXSzhFD1CkqUw9gKpe3LyxsQTqb.jpg', NULL, NULL, NULL, 4, '2022-11-25 04:22:11', '2022-11-29 08:11:18', NULL),
('7f53b5ee-2a14-417f-9529-2a05da560fc6', 12, 2, 'lWDSXBMFRkDHXELqOM3l772J4HxChaKQZCE0kgX7.jpg', 'duodek', '2022-11-27 18:30:00', NULL, 1, '2022-11-28 12:04:46', '2022-11-28 12:05:19', NULL),
('821a63fb-1ce3-425b-be7a-f145a4d41656', 3, 1, 'C17qCffa6AFvFQTS7rXoXdpNnLfkN3fkt4GoONdf.jpg', NULL, NULL, NULL, 1, '2022-11-21 02:58:53', '2022-11-21 02:58:57', NULL),
('9ff3b85c-6e34-41c3-ac3f-25f94be9e8dd', 21, 2, 'cCHWGZhhFgkPQrqacJEcqp3IHzcIVCGHKG79WHbz.jpg', '627822', '2022-11-28 18:30:00', NULL, 1, '2022-11-29 03:09:09', '2022-11-29 03:19:19', NULL),
('af1e1855-2179-47c5-a354-8f571ead0bbe', 21, 1, 'Xopp0PcyapIO5HoaaTvqQEBn9GGoYDiHpMHhOrqO.jpg', NULL, NULL, NULL, 1, '2022-11-29 03:08:10', '2022-11-29 03:19:19', NULL),
('bf29b41d-2f07-49d3-b6a3-6c204bbf5c66', 22, 1, 'NbnNBGJBSZa1UZpuAbu3UjQovnHYRYeBFVsZqq6p.jpg', NULL, NULL, NULL, 1, '2022-11-29 03:16:18', '2022-11-29 03:20:25', NULL),
('de965031-4b9e-470c-b0dd-b92dd86108d6', 1, 2, 'z7YjsrxQW83DvuY5cLjR0jpQDwZyohFQHDTTZJe9.jpg', '739393i3', '2022-11-27 18:30:00', NULL, 1, '2022-11-28 04:13:57', '2022-11-28 09:02:04', NULL),
('e2443606-ec8d-4cc3-949b-efc9c59ec362', 22, 2, 'GA5X18z1UlWd5MCkXEQ2UKtoKPQVTzmb6QBwUotb.jpg', 'yujhhu', '2022-11-28 18:30:00', NULL, 1, '2022-11-29 03:16:32', '2022-11-29 03:20:25', NULL),
('e4004a13-655f-47af-8a33-fb5bf241399d', 12, 1, 'z8d2IzJCn1PGNpRSsPgGX5zoabakuiDRcXqzx9px.jpg', NULL, NULL, NULL, 1, '2022-11-28 12:04:29', '2022-11-28 12:05:19', NULL),
('e537d585-ac90-4a21-9ab3-5bb45f52e37e', 20, 2, '2dPveotLBWcFcT2iBKYuryXM9GWsWOhbWX52fvoG.jpg', 'tnyt765', '2022-11-29 18:30:00', NULL, 3, '2022-11-29 01:55:46', '2022-11-29 01:55:46', NULL),
('e8dfa814-3454-4158-8efc-802dfbed5180', 20, 1, 'jNLWzmVEw39LL1BrhbWPRWCJ6MOIvz98jxkwqNAf.jpg', NULL, NULL, NULL, 3, '2022-11-29 01:55:25', '2022-11-29 01:55:25', NULL),
('ee0ae5b5-bd27-48a3-99bd-ffb3fde3d51d', 6, 1, 'lDjuBpoRs3WfUnAv69MIWOs4mwsbdlPVx1cGlqk8.jpg', NULL, NULL, NULL, 1, '2022-11-25 07:36:50', '2022-11-25 07:37:24', NULL);

-- --------------------------------------------------------

--
-- Table structure for table `driver_needed_documents`
--

CREATE TABLE `driver_needed_documents` (
  `id` int(10) UNSIGNED NOT NULL,
  `name` varchar(191) COLLATE utf8mb4_unicode_ci NOT NULL,
  `doc_type` varchar(191) COLLATE utf8mb4_unicode_ci NOT NULL DEFAULT 'image',
  `has_identify_number` tinyint(1) NOT NULL DEFAULT 0,
  `identify_number_locale_key` varchar(191) COLLATE utf8mb4_unicode_ci DEFAULT NULL,
  `has_expiry_date` tinyint(1) NOT NULL DEFAULT 0,
  `active` tinyint(1) NOT NULL DEFAULT 0,
  `created_at` timestamp NULL DEFAULT NULL,
  `updated_at` timestamp NULL DEFAULT NULL,
  `is_individual` tinyint(1) DEFAULT NULL
) ENGINE=InnoDB DEFAULT CHARSET=utf8mb4 COLLATE=utf8mb4_unicode_ci;

--
-- Dumping data for table `driver_needed_documents`
--

INSERT INTO `driver_needed_documents` (`id`, `name`, `doc_type`, `has_identify_number`, `identify_number_locale_key`, `has_expiry_date`, `active`, `created_at`, `updated_at`, `is_individual`) VALUES
(1, 'Aadhar Card', 'image', 0, NULL, 0, 1, '2022-10-29 05:09:15', '2022-10-29 05:09:15', 1),
(2, 'Driving License', 'image', 1, 'Driving License Number', 1, 1, '2022-11-27 11:34:03', '2022-11-27 11:34:03', 1);

-- --------------------------------------------------------

--
-- Table structure for table `driver_privileged_vehicles`
--

CREATE TABLE `driver_privileged_vehicles` (
  `id` bigint(20) UNSIGNED NOT NULL,
  `owner_id` char(36) COLLATE utf8mb4_unicode_ci NOT NULL,
  `driver_id` int(10) UNSIGNED NOT NULL,
  `fleet_id` char(36) COLLATE utf8mb4_unicode_ci NOT NULL,
  `created_at` timestamp NULL DEFAULT NULL,
  `updated_at` timestamp NULL DEFAULT NULL
) ENGINE=InnoDB DEFAULT CHARSET=utf8mb4 COLLATE=utf8mb4_unicode_ci;

-- --------------------------------------------------------

--
-- Table structure for table `driver_rejected_requests`
--

CREATE TABLE `driver_rejected_requests` (
  `id` int(10) UNSIGNED NOT NULL,
  `request_id` char(36) COLLATE utf8mb4_unicode_ci NOT NULL,
  `driver_id` int(10) UNSIGNED NOT NULL,
  `is_after_accept` tinyint(1) NOT NULL DEFAULT 0,
  `reason` char(36) COLLATE utf8mb4_unicode_ci DEFAULT NULL,
  `custom_reason` varchar(191) COLLATE utf8mb4_unicode_ci DEFAULT NULL,
  `created_at` timestamp NULL DEFAULT NULL,
  `updated_at` timestamp NULL DEFAULT NULL
) ENGINE=InnoDB DEFAULT CHARSET=utf8mb4 COLLATE=utf8mb4_unicode_ci;

--
-- Dumping data for table `driver_rejected_requests`
--

INSERT INTO `driver_rejected_requests` (`id`, `request_id`, `driver_id`, `is_after_accept`, `reason`, `custom_reason`, `created_at`, `updated_at`) VALUES
(1, '0c3daa20-4b6c-4934-b20d-672f01f1d012', 7, 0, NULL, NULL, '2022-12-05 12:21:11', '2022-12-05 12:21:11');

-- --------------------------------------------------------

--
-- Table structure for table `driver_subscriptions`
--

CREATE TABLE `driver_subscriptions` (
  `id` char(36) COLLATE utf8mb4_unicode_ci NOT NULL,
  `driver_id` int(10) UNSIGNED NOT NULL,
  `transaction_id` varchar(191) COLLATE utf8mb4_unicode_ci NOT NULL,
  `subscription_type` enum('monthly','yearly') COLLATE utf8mb4_unicode_ci NOT NULL,
  `active` tinyint(1) NOT NULL DEFAULT 1,
  `paid_amount` double NOT NULL,
  `expired_at` timestamp NOT NULL DEFAULT current_timestamp() ON UPDATE current_timestamp(),
  `created_at` timestamp NULL DEFAULT NULL,
  `updated_at` timestamp NULL DEFAULT NULL
) ENGINE=InnoDB DEFAULT CHARSET=utf8mb4 COLLATE=utf8mb4_unicode_ci;

-- --------------------------------------------------------

--
-- Table structure for table `driver_wallet`
--

CREATE TABLE `driver_wallet` (
  `id` char(36) COLLATE utf8mb4_unicode_ci NOT NULL,
  `user_id` int(10) UNSIGNED NOT NULL,
  `amount_added` double(10,2) NOT NULL DEFAULT 0.00,
  `amount_balance` double(10,2) NOT NULL DEFAULT 0.00,
  `amount_spent` double(10,2) NOT NULL DEFAULT 0.00,
  `created_at` timestamp NULL DEFAULT NULL,
  `updated_at` timestamp NULL DEFAULT NULL
) ENGINE=InnoDB DEFAULT CHARSET=utf8mb4 COLLATE=utf8mb4_unicode_ci;

--
-- Dumping data for table `driver_wallet`
--

INSERT INTO `driver_wallet` (`id`, `user_id`, `amount_added`, `amount_balance`, `amount_spent`, `created_at`, `updated_at`) VALUES
('0e72c237-ee37-443f-97ce-61a0a0c466ac', 21, 0.00, 0.00, 0.00, '2022-11-29 03:07:00', '2022-11-29 03:07:00'),
('120d8153-72d3-411a-9f8c-2931faa9ff02', 3, 0.00, 0.00, 0.00, '2022-11-21 01:45:46', '2022-11-21 01:45:46'),
('1d8bcc15-62f7-44b5-8767-ec7f830d8b0c', 9, 0.00, 0.00, 0.00, '2022-11-27 11:12:22', '2022-11-27 11:12:22'),
('23179faf-02ac-41f9-b3c2-f9c7e6feb624', 1, 0.00, 0.00, 0.00, '2022-10-16 13:55:59', '2022-10-16 13:55:59'),
('2b6af015-fcd5-4037-8292-7aa3ff90ab50', 20, 0.00, 0.00, 0.00, '2022-11-29 01:53:33', '2022-11-29 01:53:33'),
('35deeb05-88b7-49d5-9430-b16a3f829cd9', 6, 0.00, 0.00, 0.00, '2022-11-25 07:34:51', '2022-11-25 07:34:51'),
('3dfb2007-603c-4b98-abec-a803e5ddffa5', 19, 0.00, 0.00, 0.00, '2022-11-29 01:42:18', '2022-11-29 01:42:18'),
('40946038-08ef-4042-9ea7-920eb32a53a3', 11, 0.00, 0.00, 0.00, '2022-11-28 09:27:26', '2022-11-28 09:27:26'),
('48a6b208-72f1-4663-a0ca-1e587335095d', 2, 0.00, 0.00, 0.00, '2022-10-28 13:18:37', '2022-10-28 13:18:37'),
('5942e075-a7bc-4128-85fb-e87fccad45e2', 7, 0.00, 0.00, 0.00, '2022-11-25 12:25:55', '2022-11-25 12:25:55'),
('596df83c-2761-4d4b-9900-78ff263c782e', 5, 0.00, 0.00, 0.00, '2022-11-25 02:10:56', '2022-11-25 02:10:56'),
('5a2c40e8-d06b-4b52-bd4e-7961e2bd2607', 15, 0.00, 0.00, 0.00, '2022-11-29 00:47:55', '2022-11-29 00:47:55'),
('5d8f6573-ec3e-4778-a1c8-2d6ef11ab5d6', 18, 0.00, 0.00, 0.00, '2022-11-29 01:12:52', '2022-11-29 01:12:52'),
('63bbb86d-675e-4e77-8fc1-aaac47f23ee0', 13, 0.00, 0.00, 0.00, '2022-11-28 12:29:24', '2022-11-28 12:29:24'),
('94bdb763-f624-43f0-a589-a6d365bf2aa9', 8, 0.00, 0.00, 0.00, '2022-11-25 13:18:50', '2022-11-25 13:18:50'),
('9d418cd6-bd2d-4713-bf03-d512f5704510', 17, 0.00, 0.00, 0.00, '2022-11-29 01:01:23', '2022-11-29 01:01:23'),
('b56fb36d-e7c8-4d64-9b9e-baf7be991c7b', 22, 0.00, 0.00, 0.00, '2022-11-29 03:15:45', '2022-11-29 03:15:45'),
('c949716a-2369-4755-a3d4-9ee70bc122b7', 14, 0.00, 0.00, 0.00, '2022-11-28 12:29:24', '2022-11-28 12:29:24'),
('d6c24112-ea9e-47db-a549-cbfe25dc58e8', 10, 0.00, 0.00, 0.00, '2022-11-28 06:20:43', '2022-11-28 06:20:43'),
('d9c1bf99-cdee-4a15-8edf-2f55ed4bff17', 12, 0.00, 0.00, 0.00, '2022-11-28 12:03:07', '2022-11-28 12:03:07'),
('e5c36b79-47ce-4161-8ac3-0e38c3e38a38', 16, 0.00, 0.00, 0.00, '2022-11-29 00:58:17', '2022-11-29 00:58:17');

-- --------------------------------------------------------

--
-- Table structure for table `driver_wallet_history`
--

CREATE TABLE `driver_wallet_history` (
  `id` char(36) COLLATE utf8mb4_unicode_ci NOT NULL,
  `user_id` int(10) UNSIGNED NOT NULL,
  `card_id` char(36) COLLATE utf8mb4_unicode_ci DEFAULT NULL,
  `request_id` char(36) COLLATE utf8mb4_unicode_ci DEFAULT NULL,
  `refferal_code` varchar(191) COLLATE utf8mb4_unicode_ci DEFAULT NULL,
  `transaction_id` varchar(191) COLLATE utf8mb4_unicode_ci DEFAULT NULL,
  `amount` double(10,2) NOT NULL DEFAULT 0.00,
  `conversion` varchar(191) COLLATE utf8mb4_unicode_ci DEFAULT NULL,
  `merchant` varchar(191) COLLATE utf8mb4_unicode_ci DEFAULT NULL,
  `remarks` varchar(191) COLLATE utf8mb4_unicode_ci DEFAULT NULL,
  `is_credit` tinyint(1) NOT NULL DEFAULT 0,
  `admin_id` char(36) COLLATE utf8mb4_unicode_ci DEFAULT NULL,
  `created_at` timestamp NULL DEFAULT NULL,
  `updated_at` timestamp NULL DEFAULT NULL
) ENGINE=InnoDB DEFAULT CHARSET=utf8mb4 COLLATE=utf8mb4_unicode_ci;

-- --------------------------------------------------------

--
-- Table structure for table `failed_jobs`
--

CREATE TABLE `failed_jobs` (
  `id` bigint(20) UNSIGNED NOT NULL,
  `connection` text COLLATE utf8mb4_unicode_ci NOT NULL,
  `queue` text COLLATE utf8mb4_unicode_ci NOT NULL,
  `payload` longtext COLLATE utf8mb4_unicode_ci NOT NULL,
  `exception` longtext COLLATE utf8mb4_unicode_ci NOT NULL,
  `failed_at` timestamp NOT NULL DEFAULT current_timestamp()
) ENGINE=InnoDB DEFAULT CHARSET=utf8mb4 COLLATE=utf8mb4_unicode_ci;

-- --------------------------------------------------------

--
-- Table structure for table `faqs`
--

CREATE TABLE `faqs` (
  `id` char(36) COLLATE utf8mb4_unicode_ci NOT NULL,
  `company_key` varchar(191) COLLATE utf8mb4_unicode_ci DEFAULT NULL,
  `question` longtext COLLATE utf8mb4_unicode_ci NOT NULL,
  `answer` longtext COLLATE utf8mb4_unicode_ci NOT NULL,
  `user_type` enum('user','driver','owner','all') COLLATE utf8mb4_unicode_ci NOT NULL,
  `active` tinyint(1) NOT NULL,
  `created_at` timestamp NULL DEFAULT NULL,
  `updated_at` timestamp NULL DEFAULT NULL,
  `deleted_at` timestamp NULL DEFAULT NULL
) ENGINE=InnoDB DEFAULT CHARSET=utf8mb4 COLLATE=utf8mb4_unicode_ci;

-- --------------------------------------------------------

--
-- Table structure for table `favorite_places`
--

CREATE TABLE `favorite_places` (
  `id` int(10) UNSIGNED NOT NULL,
  `user_id` int(10) UNSIGNED NOT NULL,
  `title` varchar(191) COLLATE utf8mb4_unicode_ci DEFAULT NULL,
  `place_id` varchar(191) COLLATE utf8mb4_unicode_ci DEFAULT NULL,
  `address` varchar(191) COLLATE utf8mb4_unicode_ci DEFAULT NULL,
  `latitude` double(15,8) DEFAULT NULL,
  `longitude` double(15,8) DEFAULT NULL,
  `created_at` timestamp NULL DEFAULT NULL,
  `updated_at` timestamp NULL DEFAULT NULL
) ENGINE=InnoDB DEFAULT CHARSET=utf8mb4 COLLATE=utf8mb4_unicode_ci;

-- --------------------------------------------------------

--
-- Table structure for table `favourite_locations`
--

CREATE TABLE `favourite_locations` (
  `id` int(10) UNSIGNED NOT NULL,
  `user_id` int(10) UNSIGNED DEFAULT NULL,
  `pick_lat` double(15,8) DEFAULT NULL,
  `pick_lng` double(15,8) DEFAULT NULL,
  `drop_lat` double(15,8) DEFAULT NULL,
  `drop_lng` double(15,8) DEFAULT NULL,
  `pick_address` varchar(191) COLLATE utf8mb4_unicode_ci DEFAULT NULL,
  `drop_address` varchar(191) COLLATE utf8mb4_unicode_ci DEFAULT NULL,
  `address_name` varchar(191) COLLATE utf8mb4_unicode_ci DEFAULT NULL,
  `landmark` varchar(191) COLLATE utf8mb4_unicode_ci DEFAULT NULL,
  `created_at` timestamp NULL DEFAULT NULL,
  `updated_at` timestamp NULL DEFAULT NULL
) ENGINE=InnoDB DEFAULT CHARSET=utf8mb4 COLLATE=utf8mb4_unicode_ci;

-- --------------------------------------------------------

--
-- Table structure for table `fleets`
--

CREATE TABLE `fleets` (
  `id` char(36) COLLATE utf8mb4_unicode_ci NOT NULL,
  `driver_id` int(10) UNSIGNED DEFAULT NULL,
  `fleet_id` text COLLATE utf8mb4_unicode_ci DEFAULT NULL,
  `qr_image` text COLLATE utf8mb4_unicode_ci DEFAULT NULL,
  `owner_id` int(10) UNSIGNED NOT NULL,
  `brand` int(10) UNSIGNED NOT NULL,
  `model` int(10) UNSIGNED NOT NULL,
  `license_number` varchar(191) COLLATE utf8mb4_unicode_ci NOT NULL,
  `permission_number` varchar(191) COLLATE utf8mb4_unicode_ci NOT NULL,
  `vehicle_type` char(36) COLLATE utf8mb4_unicode_ci NOT NULL,
  `car_color` varchar(191) COLLATE utf8mb4_unicode_ci DEFAULT NULL,
  `class_one` tinyint(1) NOT NULL DEFAULT 0,
  `class_two` tinyint(1) NOT NULL DEFAULT 0,
  `active` tinyint(1) NOT NULL DEFAULT 1,
  `approve` tinyint(1) NOT NULL DEFAULT 0,
  `reason` text COLLATE utf8mb4_unicode_ci DEFAULT NULL,
  `created_at` timestamp NULL DEFAULT NULL,
  `updated_at` timestamp NULL DEFAULT NULL,
  `deleted_at` timestamp NULL DEFAULT NULL
) ENGINE=InnoDB DEFAULT CHARSET=utf8mb4 COLLATE=utf8mb4_unicode_ci;

-- --------------------------------------------------------

--
-- Table structure for table `fleet_documents`
--

CREATE TABLE `fleet_documents` (
  `id` char(36) COLLATE utf8mb4_unicode_ci NOT NULL,
  `fleet_id` char(36) COLLATE utf8mb4_unicode_ci NOT NULL,
  `name` varchar(191) COLLATE utf8mb4_unicode_ci DEFAULT NULL,
  `image` varchar(191) COLLATE utf8mb4_unicode_ci NOT NULL,
  `expiry_date` timestamp NULL DEFAULT NULL,
  `identify_number` varchar(191) COLLATE utf8mb4_unicode_ci DEFAULT NULL,
  `created_at` timestamp NULL DEFAULT NULL,
  `updated_at` timestamp NULL DEFAULT NULL,
  `deleted_at` timestamp NULL DEFAULT NULL,
  `document_id` int(10) UNSIGNED NOT NULL,
  `document_status` int(11) NOT NULL DEFAULT 2,
  `comment` text COLLATE utf8mb4_unicode_ci DEFAULT NULL
) ENGINE=InnoDB DEFAULT CHARSET=utf8mb4 COLLATE=utf8mb4_unicode_ci;

-- --------------------------------------------------------

--
-- Table structure for table `fleet_needed_documents`
--

CREATE TABLE `fleet_needed_documents` (
  `id` int(10) UNSIGNED NOT NULL,
  `name` varchar(191) COLLATE utf8mb4_unicode_ci NOT NULL,
  `doc_type` varchar(191) COLLATE utf8mb4_unicode_ci NOT NULL DEFAULT 'image',
  `has_identify_number` tinyint(1) NOT NULL DEFAULT 0,
  `identify_number_locale_key` varchar(191) COLLATE utf8mb4_unicode_ci DEFAULT NULL,
  `has_expiry_date` tinyint(1) NOT NULL DEFAULT 0,
  `active` tinyint(1) NOT NULL DEFAULT 0,
  `created_at` timestamp NULL DEFAULT NULL,
  `updated_at` timestamp NULL DEFAULT NULL
) ENGINE=InnoDB DEFAULT CHARSET=utf8mb4 COLLATE=utf8mb4_unicode_ci;

-- --------------------------------------------------------

--
-- Table structure for table `jobs`
--

CREATE TABLE `jobs` (
  `id` bigint(20) UNSIGNED NOT NULL,
  `queue` varchar(191) COLLATE utf8mb4_unicode_ci NOT NULL,
  `payload` longtext COLLATE utf8mb4_unicode_ci NOT NULL,
  `attempts` tinyint(3) UNSIGNED NOT NULL,
  `reserved_at` int(10) UNSIGNED DEFAULT NULL,
  `available_at` int(10) UNSIGNED NOT NULL,
  `created_at` int(10) UNSIGNED NOT NULL
) ENGINE=InnoDB DEFAULT CHARSET=utf8mb4 COLLATE=utf8mb4_unicode_ci;

--
-- Dumping data for table `jobs`
--

INSERT INTO `jobs` (`id`, `queue`, `payload`, `attempts`, `reserved_at`, `available_at`, `created_at`) VALUES
(1, 'default', '{\"uuid\":\"6eb27708-73e7-410c-b74d-1a5cb32487ff\",\"displayName\":\"App\\\\Jobs\\\\Notifications\\\\AndroidPushNotification\",\"job\":\"Illuminate\\\\Queue\\\\CallQueuedHandler@call\",\"maxTries\":null,\"maxExceptions\":null,\"failOnTimeout\":false,\"backoff\":null,\"timeout\":null,\"retryUntil\":null,\"data\":{\"commandName\":\"Illuminate\\\\Notifications\\\\SendQueuedNotifications\",\"command\":\"O:48:\\\"Illuminate\\\\Notifications\\\\SendQueuedNotifications\\\":16:{s:11:\\\"notifiables\\\";O:45:\\\"Illuminate\\\\Contracts\\\\Database\\\\ModelIdentifier\\\":4:{s:5:\\\"class\\\";s:15:\\\"App\\\\Models\\\\User\\\";s:2:\\\"id\\\";a:1:{i:0;i:3;}s:9:\\\"relations\\\";a:6:{i:0;s:6:\\\"driver\\\";i:1;s:11:\\\"driver.user\\\";i:2;s:25:\\\"driver.user.countryDetail\\\";i:3;s:18:\\\"driver.vehicleType\\\";i:4;s:14:\\\"driver.carMake\\\";i:5;s:15:\\\"driver.carModel\\\";}s:10:\\\"connection\\\";s:5:\\\"mysql\\\";}s:12:\\\"notification\\\";O:46:\\\"App\\\\Jobs\\\\Notifications\\\\AndroidPushNotification\\\":16:{s:8:\\\"\\u0000*\\u0000title\\\";s:24:\\\"Account Approved \\\";s:7:\\\"\\u0000*\\u0000body\\\";s:34:\\\"Your profile verified and approved\\\";s:8:\\\"\\u0000*\\u0000image\\\";N;s:7:\\\"\\u0000*\\u0000data\\\";a:1:{s:17:\\\"notification_enum\\\";s:23:\\\"driver_account_approved\\\";}s:2:\\\"id\\\";s:36:\\\"c5a7b5cd-02ef-4643-91bb-76a1ca72a429\\\";s:6:\\\"locale\\\";N;s:10:\\\"connection\\\";N;s:5:\\\"queue\\\";N;s:15:\\\"chainConnection\\\";N;s:10:\\\"chainQueue\\\";N;s:19:\\\"chainCatchCallbacks\\\";N;s:5:\\\"delay\\\";N;s:11:\\\"afterCommit\\\";N;s:10:\\\"middleware\\\";a:0:{}s:7:\\\"chained\\\";a:0:{}s:3:\\\"job\\\";N;}s:8:\\\"channels\\\";a:1:{i:0;s:35:\\\"NotificationChannels\\\\Fcm\\\\FcmChannel\\\";}s:5:\\\"tries\\\";N;s:7:\\\"timeout\\\";N;s:17:\\\"shouldBeEncrypted\\\";b:0;s:3:\\\"job\\\";N;s:10:\\\"connection\\\";N;s:5:\\\"queue\\\";N;s:15:\\\"chainConnection\\\";N;s:10:\\\"chainQueue\\\";N;s:19:\\\"chainCatchCallbacks\\\";N;s:5:\\\"delay\\\";N;s:11:\\\"afterCommit\\\";N;s:10:\\\"middleware\\\";a:0:{}s:7:\\\"chained\\\";a:0:{}}\"},\"website_id\":null}', 0, NULL, 1667038301, 1667038301),
(2, 'default', '{\"uuid\":\"d91e5027-e27a-4e1c-b5b1-3b7fc19d93d9\",\"displayName\":\"App\\\\Jobs\\\\Notifications\\\\AndroidPushNotification\",\"job\":\"Illuminate\\\\Queue\\\\CallQueuedHandler@call\",\"maxTries\":null,\"maxExceptions\":null,\"failOnTimeout\":false,\"backoff\":null,\"timeout\":null,\"retryUntil\":null,\"data\":{\"commandName\":\"Illuminate\\\\Notifications\\\\SendQueuedNotifications\",\"command\":\"O:48:\\\"Illuminate\\\\Notifications\\\\SendQueuedNotifications\\\":16:{s:11:\\\"notifiables\\\";O:45:\\\"Illuminate\\\\Contracts\\\\Database\\\\ModelIdentifier\\\":4:{s:5:\\\"class\\\";s:15:\\\"App\\\\Models\\\\User\\\";s:2:\\\"id\\\";a:1:{i:0;i:2;}s:9:\\\"relations\\\";a:6:{i:0;s:6:\\\"driver\\\";i:1;s:11:\\\"driver.user\\\";i:2;s:25:\\\"driver.user.countryDetail\\\";i:3;s:18:\\\"driver.vehicleType\\\";i:4;s:14:\\\"driver.carMake\\\";i:5;s:15:\\\"driver.carModel\\\";}s:10:\\\"connection\\\";s:5:\\\"mysql\\\";}s:12:\\\"notification\\\";O:46:\\\"App\\\\Jobs\\\\Notifications\\\\AndroidPushNotification\\\":16:{s:8:\\\"\\u0000*\\u0000title\\\";s:24:\\\"Account Approved \\\";s:7:\\\"\\u0000*\\u0000body\\\";s:34:\\\"Your profile verified and approved\\\";s:8:\\\"\\u0000*\\u0000image\\\";N;s:7:\\\"\\u0000*\\u0000data\\\";a:1:{s:17:\\\"notification_enum\\\";s:23:\\\"driver_account_approved\\\";}s:2:\\\"id\\\";s:36:\\\"94367c5d-06e0-4386-957b-a79d0ba50846\\\";s:6:\\\"locale\\\";N;s:10:\\\"connection\\\";N;s:5:\\\"queue\\\";N;s:15:\\\"chainConnection\\\";N;s:10:\\\"chainQueue\\\";N;s:19:\\\"chainCatchCallbacks\\\";N;s:5:\\\"delay\\\";N;s:11:\\\"afterCommit\\\";N;s:10:\\\"middleware\\\";a:0:{}s:7:\\\"chained\\\";a:0:{}s:3:\\\"job\\\";N;}s:8:\\\"channels\\\";a:1:{i:0;s:35:\\\"NotificationChannels\\\\Fcm\\\\FcmChannel\\\";}s:5:\\\"tries\\\";N;s:7:\\\"timeout\\\";N;s:17:\\\"shouldBeEncrypted\\\";b:0;s:3:\\\"job\\\";N;s:10:\\\"connection\\\";N;s:5:\\\"queue\\\";N;s:15:\\\"chainConnection\\\";N;s:10:\\\"chainQueue\\\";N;s:19:\\\"chainCatchCallbacks\\\";N;s:5:\\\"delay\\\";N;s:11:\\\"afterCommit\\\";N;s:10:\\\"middleware\\\";a:0:{}s:7:\\\"chained\\\";a:0:{}}\"},\"website_id\":null}', 0, NULL, 1667464385, 1667464385);

-- --------------------------------------------------------

--
-- Table structure for table `landingpagecms`
--

CREATE TABLE `landingpagecms` (
  `id` int(11) NOT NULL,
  `userid` int(11) NOT NULL,
  `tabfaviconfile` text COLLATE utf8mb4_unicode_ci NOT NULL,
  `faviconfile` text COLLATE utf8mb4_unicode_ci NOT NULL,
  `bannerimage` text COLLATE utf8mb4_unicode_ci NOT NULL,
  `description` text COLLATE utf8mb4_unicode_ci NOT NULL,
  `playstoreicon1` text COLLATE utf8mb4_unicode_ci NOT NULL,
  `playstoreicon2` text COLLATE utf8mb4_unicode_ci NOT NULL,
  `firstrowimage1` text COLLATE utf8mb4_unicode_ci NOT NULL,
  `firstrowheadtext1` text COLLATE utf8mb4_unicode_ci NOT NULL,
  `firstrowsubtext1` text COLLATE utf8mb4_unicode_ci NOT NULL,
  `firstrowimage2` text COLLATE utf8mb4_unicode_ci NOT NULL,
  `firstrowheadtext2` text COLLATE utf8mb4_unicode_ci NOT NULL,
  `firstrowsubtext2` text COLLATE utf8mb4_unicode_ci NOT NULL,
  `firstrowimage3` text COLLATE utf8mb4_unicode_ci NOT NULL,
  `firstrowheadtext3` text COLLATE utf8mb4_unicode_ci NOT NULL,
  `firstrowsubtext3` text COLLATE utf8mb4_unicode_ci NOT NULL,
  `secondrowimage1` text COLLATE utf8mb4_unicode_ci NOT NULL,
  `secondrowheadtext1` text COLLATE utf8mb4_unicode_ci NOT NULL,
  `secondrowimage2` text COLLATE utf8mb4_unicode_ci NOT NULL,
  `secondrowheadtext2` text COLLATE utf8mb4_unicode_ci NOT NULL,
  `secondrowimage3` text COLLATE utf8mb4_unicode_ci NOT NULL,
  `secondrowheadtext3` text COLLATE utf8mb4_unicode_ci NOT NULL,
  `footertextsub` text COLLATE utf8mb4_unicode_ci NOT NULL,
  `footercopytextsub` text COLLATE utf8mb4_unicode_ci NOT NULL,
  `footerlogo` text COLLATE utf8mb4_unicode_ci NOT NULL,
  `footerinstagramlink` text COLLATE utf8mb4_unicode_ci NOT NULL,
  `footerfacebooklink` text COLLATE utf8mb4_unicode_ci NOT NULL,
  `safety` text COLLATE utf8mb4_unicode_ci NOT NULL,
  `safetytext` longtext COLLATE utf8mb4_unicode_ci NOT NULL,
  `serviceheadtext` text COLLATE utf8mb4_unicode_ci NOT NULL,
  `servicesubtext` text COLLATE utf8mb4_unicode_ci NOT NULL,
  `serviceimage` longtext COLLATE utf8mb4_unicode_ci NOT NULL,
  `privacy` longtext COLLATE utf8mb4_unicode_ci NOT NULL,
  `dmv` longtext COLLATE utf8mb4_unicode_ci NOT NULL,
  `complaince` longtext COLLATE utf8mb4_unicode_ci NOT NULL,
  `terms` longtext COLLATE utf8mb4_unicode_ci NOT NULL,
  `frimage` text COLLATE utf8mb4_unicode_ci NOT NULL,
  `frtext` longtext COLLATE utf8mb4_unicode_ci NOT NULL,
  `srimage` text COLLATE utf8mb4_unicode_ci NOT NULL,
  `srtext` longtext COLLATE utf8mb4_unicode_ci NOT NULL,
  `trimage` text COLLATE utf8mb4_unicode_ci NOT NULL,
  `trtext` longtext COLLATE utf8mb4_unicode_ci NOT NULL,
  `afrimage` text COLLATE utf8mb4_unicode_ci NOT NULL,
  `afrhtext` text COLLATE utf8mb4_unicode_ci NOT NULL,
  `afrstext` text COLLATE utf8mb4_unicode_ci NOT NULL,
  `asrtext` text COLLATE utf8mb4_unicode_ci NOT NULL,
  `asrimage1` text COLLATE utf8mb4_unicode_ci NOT NULL,
  `asrhtext1` text COLLATE utf8mb4_unicode_ci NOT NULL,
  `asrstext1` text COLLATE utf8mb4_unicode_ci NOT NULL,
  `asrimage2` text COLLATE utf8mb4_unicode_ci NOT NULL,
  `asrhtext2` text COLLATE utf8mb4_unicode_ci NOT NULL,
  `asrstext2` text COLLATE utf8mb4_unicode_ci NOT NULL,
  `asrimage3` text COLLATE utf8mb4_unicode_ci NOT NULL,
  `asrhtext3` text COLLATE utf8mb4_unicode_ci NOT NULL,
  `asrstext3` text COLLATE utf8mb4_unicode_ci NOT NULL,
  `atrhtext` text COLLATE utf8mb4_unicode_ci NOT NULL,
  `atrthtext1` text COLLATE utf8mb4_unicode_ci NOT NULL,
  `atrtimage1` text COLLATE utf8mb4_unicode_ci NOT NULL,
  `atrtstext1` text COLLATE utf8mb4_unicode_ci NOT NULL,
  `atrthtext2` text COLLATE utf8mb4_unicode_ci NOT NULL,
  `atrtimage2` text COLLATE utf8mb4_unicode_ci NOT NULL,
  `atrtstext2` text COLLATE utf8mb4_unicode_ci NOT NULL,
  `atrthtext3` text COLLATE utf8mb4_unicode_ci NOT NULL,
  `atrtimage3` text COLLATE utf8mb4_unicode_ci NOT NULL,
  `atrtstext3` text COLLATE utf8mb4_unicode_ci NOT NULL,
  `afrbimage` text COLLATE utf8mb4_unicode_ci NOT NULL,
  `afrlimage` text COLLATE utf8mb4_unicode_ci NOT NULL,
  `afrheadtext` text COLLATE utf8mb4_unicode_ci NOT NULL,
  `afrstext1` text COLLATE utf8mb4_unicode_ci NOT NULL,
  `afrstext2` text COLLATE utf8mb4_unicode_ci NOT NULL,
  `afrstext3` text COLLATE utf8mb4_unicode_ci NOT NULL,
  `afrstext4` text COLLATE utf8mb4_unicode_ci NOT NULL,
  `howbannerimage` text COLLATE utf8mb4_unicode_ci NOT NULL,
  `hfrht1` text COLLATE utf8mb4_unicode_ci NOT NULL,
  `hfrcimage1` text COLLATE utf8mb4_unicode_ci NOT NULL,
  `hfrht2` text COLLATE utf8mb4_unicode_ci NOT NULL,
  `hsrht1` text COLLATE utf8mb4_unicode_ci NOT NULL,
  `hsrcimage1` text COLLATE utf8mb4_unicode_ci NOT NULL,
  `hsrht2` text COLLATE utf8mb4_unicode_ci NOT NULL,
  `htrht1` text COLLATE utf8mb4_unicode_ci NOT NULL,
  `htrcimage1` text COLLATE utf8mb4_unicode_ci NOT NULL,
  `htrht2` text COLLATE utf8mb4_unicode_ci NOT NULL,
  `hforht1` text COLLATE utf8mb4_unicode_ci NOT NULL,
  `hforcimage1` text COLLATE utf8mb4_unicode_ci NOT NULL,
  `hforht2` text COLLATE utf8mb4_unicode_ci NOT NULL,
  `hfirht1` text COLLATE utf8mb4_unicode_ci NOT NULL,
  `hfircimage1` text COLLATE utf8mb4_unicode_ci NOT NULL,
  `hfirht2` text COLLATE utf8mb4_unicode_ci NOT NULL,
  `hsirht1` text COLLATE utf8mb4_unicode_ci NOT NULL,
  `hsircimage1` text COLLATE utf8mb4_unicode_ci NOT NULL,
  `hsirht2` text COLLATE utf8mb4_unicode_ci NOT NULL,
  `hserht1` text COLLATE utf8mb4_unicode_ci NOT NULL,
  `hsercimage1` text COLLATE utf8mb4_unicode_ci NOT NULL,
  `hserht2` text COLLATE utf8mb4_unicode_ci NOT NULL,
  `created_at` date NOT NULL,
  `updated_at` date NOT NULL,
  `contactbanner` text COLLATE utf8mb4_unicode_ci NOT NULL,
  `contacttext` longtext COLLATE utf8mb4_unicode_ci NOT NULL,
  `contactmap` longtext COLLATE utf8mb4_unicode_ci NOT NULL,
  `driverioslink` text COLLATE utf8mb4_unicode_ci NOT NULL,
  `driverandroidlink` text COLLATE utf8mb4_unicode_ci NOT NULL,
  `userioslink` text COLLATE utf8mb4_unicode_ci NOT NULL,
  `userandroidlink` text COLLATE utf8mb4_unicode_ci NOT NULL,
  `menucolor` text COLLATE utf8mb4_unicode_ci NOT NULL,
  `menutextcolor` text COLLATE utf8mb4_unicode_ci NOT NULL,
  `menutexthover` text COLLATE utf8mb4_unicode_ci NOT NULL,
  `firstrowbgcolor` text COLLATE utf8mb4_unicode_ci NOT NULL,
  `hdriverdownloadcolor` text COLLATE utf8mb4_unicode_ci NOT NULL,
  `hownumberbgcolor` text COLLATE utf8mb4_unicode_ci NOT NULL,
  `footerbgcolor` text COLLATE utf8mb4_unicode_ci NOT NULL
) ENGINE=InnoDB DEFAULT CHARSET=utf8mb4 COLLATE=utf8mb4_unicode_ci;

--
-- Dumping data for table `landingpagecms`
--

INSERT INTO `landingpagecms` (`id`, `userid`, `tabfaviconfile`, `faviconfile`, `bannerimage`, `description`, `playstoreicon1`, `playstoreicon2`, `firstrowimage1`, `firstrowheadtext1`, `firstrowsubtext1`, `firstrowimage2`, `firstrowheadtext2`, `firstrowsubtext2`, `firstrowimage3`, `firstrowheadtext3`, `firstrowsubtext3`, `secondrowimage1`, `secondrowheadtext1`, `secondrowimage2`, `secondrowheadtext2`, `secondrowimage3`, `secondrowheadtext3`, `footertextsub`, `footercopytextsub`, `footerlogo`, `footerinstagramlink`, `footerfacebooklink`, `safety`, `safetytext`, `serviceheadtext`, `servicesubtext`, `serviceimage`, `privacy`, `dmv`, `complaince`, `terms`, `frimage`, `frtext`, `srimage`, `srtext`, `trimage`, `trtext`, `afrimage`, `afrhtext`, `afrstext`, `asrtext`, `asrimage1`, `asrhtext1`, `asrstext1`, `asrimage2`, `asrhtext2`, `asrstext2`, `asrimage3`, `asrhtext3`, `asrstext3`, `atrhtext`, `atrthtext1`, `atrtimage1`, `atrtstext1`, `atrthtext2`, `atrtimage2`, `atrtstext2`, `atrthtext3`, `atrtimage3`, `atrtstext3`, `afrbimage`, `afrlimage`, `afrheadtext`, `afrstext1`, `afrstext2`, `afrstext3`, `afrstext4`, `howbannerimage`, `hfrht1`, `hfrcimage1`, `hfrht2`, `hsrht1`, `hsrcimage1`, `hsrht2`, `htrht1`, `htrcimage1`, `htrht2`, `hforht1`, `hforcimage1`, `hforht2`, `hfirht1`, `hfircimage1`, `hfirht2`, `hsirht1`, `hsircimage1`, `hsirht2`, `hserht1`, `hsercimage1`, `hserht2`, `created_at`, `updated_at`, `contactbanner`, `contacttext`, `contactmap`, `driverioslink`, `driverandroidlink`, `userioslink`, `userandroidlink`, `menucolor`, `menutextcolor`, `menutexthover`, `firstrowbgcolor`, `hdriverdownloadcolor`, `hownumberbgcolor`, `footerbgcolor`) VALUES
(19, 1, 'qsMbqrkld2M4Q3qTW9d3aYwp3MqZWjjTRoRuyT8q.png', '3xWTq9EP0FhzYyFelG4Wy2dVxDM5lphmNefTH4zs.png', '7IyequYxO0s6wyIdAt80J0pQhzByxkV7LYjBSGlW.png', '<h2><strong>It&rsquo;s time to change your ride experience!<br />\nDownload the Blue app Today</strong></h2>', 'i14BWjhLnQmRNSBixfIUq0dFlvNUxjC5WDZmbkp7.svg', 'cng3OM9Dptnrrjc2JOhy7Qsx2RYSU6L4FIVAtVSW.svg', 'tc0hC6m3wb9tUrZ0WTn3QVrR2ikIIekKHQvcTsV7.svg', '<h2><strong>Tap a button, get a ride</strong></h2>', '<p>Choose your ride and set your location. You&#39;ll see your driver&#39;s picture and vehicle details, and can track their arrival on the map.</p>', 'nMGcH7Cdd8HlaeBXqAbO9eCDiiX5lyKnsay6YxGf.svg', '<h2><strong>Always on, always available</strong></h2>\n\n<h2>&nbsp;</h2>', '<p>No phone calls to make, no pick-ups to schedule. With 24/7 availability, request a ride any time of day, any day of the year</p>', 'Q1KRguEcisJ1kzQ9QkvWo1Gbp29SUIqbKS8YHP2R.svg', '<h2><strong>You rate, we listen</strong></h2>', '<p>Rate your driver and provide anonymous feedback about your trip. Your input helps us make every ride a 5-star experience.</p>', 'Kkk2hUMTBfzzhJKSFoKqzgAy3VzLHKto684wie9x.jpg', '<h2><strong>On-demand rides for in-</strong></h2>\n\n<h2><strong>demand people</strong></h2>', '6ONOuxBnaUO7YHhKgL2W23SNpezkMCYWn3UCVuQc.jpg', '<h2><strong>Make your work commute</strong></h2>\n\n<h2><strong>or business trip more</strong></h2>\n\n<h2><strong>environmentally friendly</strong></h2>\n\n<h2><strong>and cost effective.</strong></h2>', 'C1SWBNAeHBWth8o1xcHkK33XxuOXUZdz2ACl547N.jpg', '<h2><strong>Safe and easy rides</strong></h2>\n\n<h2><strong>Througout North</strong></h2>\n\n<h2><strong>Carolina</strong></h2>', '<p>Blue is a rideshare platform facilitating peer to peer ridesharing by means of connecting passengers who are in need of rides from drivers with available cars to get from point A to point B with the press of a button.</p>', '<p>&copy; 2021 blue, LLC All rights reserved. <a href=\"http://localhost/taxiwebnew/index.php#\" target=\"blank\"> Powered By Blue </a></p>', '14Y4MHqKNFu3p835uAJCpTYy18k5RrZNbaUz9TQ9.png', 'footerinstalink', 'footerfblink', 'jIjFIDLtztvv6qaNXLo6NXP2NCQJra17K2xJQi3B.jpg', '<p>Due to the COVID-19 pandemic, tyt has updated health safety guidelines to help keep drivers and passengers safe. Under the new guidelines, drivers and passengers must stay home if they have COVID-19 or related symptoms, wear a face covering, keep the front seat empty, and roll windows down when possible. Drivers or passengers who repeatedly violate these new guidelines will be suspended. If a driver ever has a health safety concern, like someone not wearing a face covering, they can cancel the ride without incurring a fee.</p>', '<h2><strong>Our Service Locations</strong></h2>', '<p>We cover all major cities and surrounding areas in North Carolina. For every destination in life, we will connect you to a reliable driver in minutes. Let us take you there</p>', 'Fx14Mzje1kkGVzXnwC4H4XAnAnKQt8Ns0Lnya7DT.png,YI2xAmJ2WRpa89avWmoKJ3d5919c32oZia7aDnL5.png,8vYKhSvAcYQXiqFrEpUsqwJioFGad762yNZEYxgY.png,DGM0bkjr5HSFQnM7qalYTeGCFcE9J8hEf7LgfDbn.png,tT7PE5NqpaQSa2wrOZm8lq70xuvOkONJ1S2pBUqT.png', '<h2>Privacy Policy</h2>\n\n<p>The Scope of This Policy</p>\n\n<p>This policy applies to all tyt users, including Riders and Drivers (including Driver applicants), and to all tyt platforms and services, including our apps, websites, features, and other services (collectively, the &ldquo;tyt Platform&rdquo;). Please remember that your use of the tyt Platform is also subject to our Terms of Service.</p>\n\n<p>The Information We Collect</p>\n\n<p>When you use the tyt Platform, we collect the information you provide, usage information, and information about your device. We also collect information about you from other sources like third-party services, and optional programs in which you participate, which we may combine with other information we have about you. Here are the types of information we collect about you:</p>\n\n<p>A. Information You Provide to Us</p>\n\n<p>Account Registration. When you create an account with tyt, we collect the information you provide us, such as your name, email address, phone number, birth date, and payment information. You may choose to share additional info with us for your Rider profile, like your photo or saved addresses (e.g., home or work), and set up other preferences (such as your preferred pronouns).<br />\n<br />\n<strong>Driver Information.</strong> If you apply to be a Driver, we will collect the information you provide in your application, including your name, email address, phone number, birth date, profile photo, physical address, government identification number (such as social security number), driver&rsquo;s license information, vehicle information, and car insurance information. We collect the payment information you provide us, including your bank routing numbers, and tax information. Depending on where you want to drive, we may also ask for additional business license or permit information or other information to manage driving and programs relevant to that location. We may need additional information from you at some point after you become a Driver, including information to confirm your identity (like a photo).<br />\n<br />\n<strong>Ratings and Feedback.</strong> When you rate and provide feedback about Riders or Drivers, we collect all of the information you provide in your feedback.<br />\n<br />\n<strong>Communications.</strong> When you contact us or we contact you, we collect any information that you provide, including the contents of the messages or attachments you send us.</p>\n\n<p>B. Information We Collect When You Use the tyt Platform</p>\n\n<p><strong>Location Information.</strong> Great rides start with an easy and accurate pickup. The tyt Platform collects location information (including GPS and WiFi data) differently depending on your tyt app settings and device permissions as well as whether you are using the platform as a Rider or Driver:</p>\n\n<ul>\n<li>Riders: We collect your device&rsquo;s precise location when you open and use the tyt app, including while the app is running in the background from the time you request a ride until it ends. tyt also tracks the precise location of scooters and e-bikes at all times.</li>\n<li>Drivers: We collect your device&rsquo;s precise location when you open and use the app, including while the app is running in the background when it is in driver mode. We also collect precise location for a limited time after you exit driver mode in order to detect ride incidents, and continue collecting it until a reported or detected incident is no longer active.</li>\n</ul>\n\n<p><strong>Usage Information.</strong> We collect information about your use of the tyt Platform, including ride information like the date, time, destination, distance, route, payment, and whether you used a promotional or referral code. We also collect information about your interactions with the tyt Platform like our apps and websites, including the pages and content you view and the dates and times of your use.<br />\n<br />\n<strong>Device Information.</strong> We collect information about the devices you use to access the tyt Platform, including device model, IP address, type of browser, version of operating system, identity of carrier and manufacturer, radio type (such as 4G), preferences and settings (such as preferred language), application installations, device identifiers, advertising identifiers, and push notification tokens. If you are a Driver, we also collect mobile sensor data from your device (such as speed, direction, height, acceleration, deceleration, and other technical data).<br />\n<br />\n<strong>Communications Between Riders and Drivers.</strong> We work with a third party to facilitate phone calls and text messages between Riders and Drivers without sharing either party&rsquo;s actual phone number with the other. But while we use a third party to provide the communication service, we collect information about these communications, including the participants&rsquo; phone numbers, the date and time, and the contents of SMS messages. For security purposes, we may also monitor or record the contents of phone calls made through the tyt Platform, but we will always let you know we are about to do so before the call begins.<br />\n<br />\n<strong>Address Book Contacts.</strong> You may set your device permissions to grant tyt access to your contact lists and direct tyt to access your contact list, for example to help you refer friends to tyt. If you do this, we will access and store the names and contact information of the people in your address book.<br />\n<br />\n<strong>Cookies, Analytics, and Third-Party Technologies.</strong> We collect information through the use of &ldquo;cookies&rdquo;, tracking pixels, data analytics tools like Google Analytics, SDKs, and other third-party technologies to understand how you navigate through the tyt Platform and interact with tyt advertisements, to make your tyt experience safer, to learn what content is popular, to improve your site experience, to serve you better ads on other sites, and to save your preferences. Cookies are small text files that web servers place on your device; they are designed to store basic information and to help websites and apps recognize your browser. We may use both session cookies and persistent cookies. A session cookie disappears after you close your browser. A persistent cookie remains after you close your browser and may be accessed every time you use the tyt Platform. You should consult your web browser(s) to modify your cookie settings. Please note that if you delete or choose not to accept cookies from us, you may miss out on certain features of the tyt Platform.</p>\n\n<p>C. Information We Collect from Third Parties</p>\n\n<p><strong>Third-Party Services.</strong> Third-party services provide us with information needed for core aspects of the tyt Platform, as well as for additional services, programs, loyalty benefits, and promotions that can enhance your tyt experience. These third-party services include background check providers, insurance partners, financial service providers, marketing providers, and other businesses. We obtain the following information about you from these third-party services:</p>\n\n<ul>\n<li>Information to make the tyt Platform safer, like background check information for drivers;</li>\n<li>Information about your participation in third-party programs that provide things like insurance coverage and financial instruments, such as insurance, payment, transaction, and fraud detection information;</li>\n<li>Information to operationalize loyalty and promotional programs or applications, services, or features you choose to connect or link to your tyt account, such as information about your use of such programs, applications, services, or features; and</li>\n<li>Information about you provided by specific services, such as demographic and market segment information.</li>\n</ul>\n\n<p><strong>Enterprise Programs.</strong> If you use tyt through your employer or other organization that participates in one of our tyt Business enterprise programs, we will collect information about you from those parties, such as your name and contact information.<br />\n<br />\n<strong>Concierge Service.</strong> Sometimes another business or entity may order you a tyt ride. If an organization has ordered a ride for you using our Concierge service, they will provide us your contact information and the pickup and drop-off location of your ride.<br />\n<br />\n<strong>Referral Programs.</strong> Friends help friends use the tyt Platform. If someone refers you to tyt, we will collect information about you from that referral including your name and contact information.<br />\n<br />\n<strong>Other Users and Sources.</strong> Other users or public or third-party sources such as law enforcement, insurers, media, or pedestrians may provide us information about you, for example as part of an investigation into an incident or to provide you support.</p>\n\n<p>How We Use Your Information</p>\n\n<p>We use your personal information to:</p>\n\n<ul>\n<li>Provide the tyt Platform;</li>\n<li>Maintain the security and safety of the tyt Platform and its users;</li>\n<li>Build and maintain the tyt community;</li>\n<li>Provide customer support;</li>\n<li>Improve the tyt Platform; and</li>\n<li>Respond to legal proceedings and obligations.</li>\n</ul>\n\n<p><strong>Providing the tyt Platform.</strong> We use your personal information to provide an intuitive, useful, efficient, and worthwhile experience on our platform. To do this, we use your personal information to:</p>\n\n<ul>\n<li>Verify your identity and maintain your account, settings, and preferences;</li>\n<li>Connect you to your rides and track their progress;</li>\n<li>Calculate prices and process payments;</li>\n<li>Allow Riders and Drivers to connect regarding their ride and to choose to share their location with others;</li>\n<li>Communicate with you about your rides and experience;</li>\n<li>Collect feedback regarding your experience;</li>\n<li>Facilitate additional services and programs with third parties; and</li>\n<li>Operate contests, sweepstakes, and other promotions.</li>\n</ul>\n\n<p><strong>Maintaining the Security and Safety of the tyt Platform and its Users.</strong> Providing you a secure and safe experience drives our platform, both on the road and on our apps. To do this, we use your personal information to:</p>\n\n<ul>\n<li>Authenticate users;</li>\n<li>Verify that Drivers and their vehicles meet safety requirements;</li>\n<li>Investigate and resolve incidents, accidents, and insurance claims;</li>\n<li>Encourage safe driving behavior and avoid unsafe activities;</li>\n<li>Find and prevent fraud; and</li>\n<li>Block and remove unsafe or fraudulent users from the tyt Platform.</li>\n</ul>\n\n<p><strong>Building and Maintaining the tyt Community.</strong> tyt works to be a positive part of the community. We use your personal information to:</p>\n\n<ul>\n<li>Communicate with you about events, promotions, elections, and campaigns;</li>\n<li>Personalize and provide content, experiences, communications, and advertising to promote and grow the tyt Platform; and</li>\n<li>Help facilitate donations you choose to make through the tyt Platform.</li>\n</ul>\n\n<p><strong>Providing Customer Support.</strong> We work hard to provide the best experience possible, including supporting you when you need it. To do this, we use your personal information to:</p>\n\n<ul>\n<li>Investigate and assist you in resolving questions or issues you have regarding the tyt Platform; and</li>\n<li>Provide you support or respond to you.</li>\n</ul>\n\n<p><strong>Improving the tyt Platform</strong>. We are always working to improve your experience and provide you with new and helpful features. To do this, we use your personal information to:</p>\n\n<ul>\n<li>Perform research, testing, and analysis;</li>\n<li>Develop new products, features, partnerships, and services;</li>\n<li>Prevent, find, and resolve software or hardware bugs and issues; and</li>\n<li>Monitor and improve our operations and processes, including security practices, algorithms, and other modeling.</li>\n</ul>\n\n<p><strong>Responding to Legal Proceedings and Requirements.</strong> Sometimes the law, government entities, or other regulatory bodies impose demands and obligations on us with respect to the services we seek to provide. In such a circumstance, we may use your personal information to respond to those demands or obligations.</p>\n\n<p>How We Share Your Information</p>\n\n<p>We do not sell your personal information. To make the tyt Platform work, we may need to share your personal information with other users, third parties, and service providers. This section explains when and why we share your information.</p>\n\n<p>A. Sharing Between tyt Users</p>\n\n<p>Riders and Drivers.<br />\n<br />\n<strong>Rider information shared with Driver:</strong> Upon receiving a ride request, we share with the Driver the Rider&rsquo;s pickup location, name, profile photo, rating, Rider statistics (like approximate number of rides and years as a Rider), and information the Rider includes in their Rider profile (like preferred pronouns). Upon pickup and during the ride, we share with the Driver the Rider&rsquo;s destination and any additional stops the Rider inputs into the tyt app. Once the ride is finished, we also eventually share the Rider&rsquo;s rating and feedback with the Driver. (We remove the Rider&rsquo;s identity associated with ratings and feedback when we share it with Drivers, but a Driver may be able to identify the Rider that provided the rating or feedback.)<br />\n<br />\n<strong>Driver information shared with Rider:</strong> Upon a Driver accepting a requested ride, we will share with the Rider the Driver&rsquo;s name, profile photo, preferred pronouns, rating, real-time location, and the vehicle make, model, color, and license plate, as well as other information in the Driver&rsquo;s tyt profile, such as information Drivers choose to add (like country flag and why you drive) and Driver statistics (like approximate number of rides and years as a Driver).<br />\n<br />\nAlthough we help Riders and Drivers communicate with one another to arrange a pickup, we do not share your actual phone number or other contact information with other users. If you report a lost or found item to us, we will seek to connect you with the relevant Rider or Driver, including sharing actual contact information with your consent.<br />\n<br />\n<strong>Shared Ride Riders.</strong> When Riders use a tyt Shared ride, we share each Rider&rsquo;s name and profile picture to ensure safety. Riders may also see each other&rsquo;s pickup and drop-off locations as part of knowing the route while sharing the ride.<br />\n<br />\n<strong>Rides Requested or Paid For by Others.</strong> Some rides you take may be requested or paid for by others. If you take one of those rides using your tyt Business Profile account, a code or coupon, a subsidized program (e.g., transit or government), or a corporate credit card linked to another account, or another user otherwise requests or pays for a ride for you, we may share some or all of your ride details with that other party, including the date, time, charge, rating given, region of trip, and pick up and drop off location of your ride.<br />\n<br />\n<strong>Referral Programs.</strong> If you refer someone to the tyt Platform, we will let them know that you generated the referral. If another user referred you, we may share information about your use of the tyt Platform with that user. For example, a referral source may receive a bonus when you join the tyt Platform or complete a certain number of rides and would receive such information.</p>\n\n<p>B. Sharing With Third-Party Service Providers for Business Purposes</p>\n\n<p>Depending on whether you&rsquo;re a Rider or a Driver, tyt may share the following categories of your personal information for a business purpose to provide you with a variety of the tyt Platform&rsquo;s features and services:</p>\n\n<ul>\n<li>Personal identifiers, such as your name, address, email address, phone number, date of birth, government identification number (such as social security number), driver&rsquo;s license information, vehicle information, and car insurance information;</li>\n<li>Financial information, such as bank routing numbers, tax information, and any other payment information you provide us;</li>\n<li>Commercial information, such as ride information, Driver/Rider statistics and feedback, and Driver/Rider transaction history;</li>\n<li>Internet or other electronic network activity information, such as your IP address, type of browser, version of operating system, carrier and/or manufacturer, device identifiers, and mobile advertising identifiers; and</li>\n<li>Location data.</li>\n</ul>\n\n<p>We disclose those categories of personal information to service providers to fulfill the following business purposes:</p>\n\n<ul>\n<li>Maintaining and servicing your tyt account;</li>\n<li>Processing or fulfilling rides;</li>\n<li>Providing you customer service;</li>\n<li>Processing Rider transactions;</li>\n<li>Processing Driver applications and payments;</li>\n<li>Verifying the identity of users;</li>\n<li>Detecting and preventing fraud;</li>\n<li>Processing insurance claims;</li>\n<li>Providing Driver loyalty and promotional programs;</li>\n<li>Providing marketing and advertising services to tyt;</li>\n<li>Providing financing;</li>\n<li>Providing requested emergency services;</li>\n<li>Providing analytics services to tyt; and</li>\n<li>Undertaking internal research to develop the tyt Platform.</li>\n</ul>\n\n<p>C. For Legal Reasons and to Protect the tyt Platform</p>\n\n<ul>\n<li>Comply with any applicable federal, state, or local law or regulation, civil, criminal or regulatory inquiry, investigation or legal process, or enforceable governmental request;</li>\n<li>Respond to legal process (such as a search warrant, subpoena, summons, or court order);</li>\n<li>Enforce our Terms of Service;</li>\n<li>Cooperate with law enforcement agencies concerning conduct or activity that we reasonably and in good faith believe may violate federal, state, or local law; or</li>\n<li>Exercise or defend legal claims, protect against harm to our rights, property, interests, or safety or the rights, property, interests, or safety of you, third parties, or the public as required or permitted by law.</li>\n</ul>\n\n<p>D. In Connection with Sale or Merger</p>\n\n<p>We may share your personal information while negotiating or in relation to a change of corporate control such as a restructuring, merger, or sale of our assets.</p>\n\n<p>E. Upon Your Further Direction</p>\n\n<p>With your permission or upon your direction, we may disclose your personal information to interact with a third party or for other purposes.</p>\n\n<p>How We Store and Protect Your Information</p>\n\n<p>We retain your information for as long as necessary to provide you and our other users the tyt Platform. This means we keep your profile information for as long as you maintain an account. We retain transactional information such as rides and payments for at least seven years to ensure we can perform legitimate business functions, such as accounting for tax obligations. If you request account deletion, we will delete your information as set forth in the &ldquo;Deleting Your Account&rdquo; section below. We take reasonable and appropriate measures designed to protect your personal information. But no security measures can be 100% effective, and we cannot guarantee the security of your information, including against unauthorized intrusions or acts by third parties.</p>\n\n<p>Your Rights And Choices Regarding Your Data</p>\n\n<p>tyt provides ways for you to access and delete your personal information as well as exercise other data rights that give you certain control over your personal information.</p>\n\n<p>A. All Users</p>\n\n<p>Email Subscriptions. You can always unsubscribe from our commercial or promotional emails by clicking unsubscribe in those messages. We will still send you transactional and relational emails about your use of the tyt Platform.<br />\n<br />\n<strong>Text Messages.</strong> You can opt out of receiving commercial or promotional text. You may also opt out of receiving all texts from tyt (including transactional or relational messages. Note that opting out of receiving all texts may impact your use of the tyt Platform. Drivers can also opt out of driver-specific messages by texting STOP in response to a driver SMS. To re-enable texts you can text START in response to an unsubscribe confirmation SMS.<br />\n<br />\n<strong>Push Notifications.</strong> You can opt out of receiving push notifications through your device settings. Please note that opting out of receiving push notifications may impact your use of the tyt Platform (such as receiving a notification that your ride has arrived).<br />\n<br />\n<strong>Profile Information</strong>. You can review and edit certain account information you have chosen to add to your profile by logging in to your account settings and profile.<br />\n<br />\n<strong>Location Information.</strong> You can prevent your device from sharing location information through your device&rsquo;s system settings. But if you do, this may impact tyt&rsquo;s ability to provide you our full range of features and services.<br />\n<br />\n<strong>Cookie Tracking.</strong> You can modify your cookie settings on your browser, but if you delete or choose not to accept our cookies, you may be missing out on certain features of the tyt Platform.<br />\n<br />\n<strong>Do Not Track.</strong> Your browser may offer you a &ldquo;Do Not Track&rdquo; option, which allows you to signal to operators of websites and web applications and services that you do not want them to track your online activities. The tyt Platform does not currently support Do Not Track requests at this time.<br />\n<br />\n<strong>Deleting Your Account.</strong> If you would like to delete your tyt account, please visit our privacy homepage. In some cases, we will be unable to delete your account, such as if there is an issue with your account related to trust, safety, or fraud. When we delete your account, we may retain certain information for legitimate business purposes or to comply with legal or regulatory obligations. For example, we may retain your information to resolve open insurance claims, or we may be obligated to retain your information as part of an open legal claim. When we retain such data, we do so in ways designed to prevent its use for other purposes.<br />\n<br />\n<strong>Right to Know.</strong> You have the right to know and see what data we have collected about, including:</p>\n\n<ul>\n<li>The categories of personal information we have collected about you;</li>\n<li>The categories of sources from which the personal information is collected;</li>\n<li>The business or commercial purpose for collecting your personal information;</li>\n<li>The categories of third parties with whom we have shared your personal information; and</li>\n<li>The specific pieces of personal information we have collected about you.</li>\n</ul>\n\n<p><strong>Right to Delete.</strong> You have the right to request that we delete the personal information we have collected from you (and direct our service providers to do the same). There are a number of exceptions, however, that include, but are not limited to, when the information is necessary for us or a third party to do any of the following:</p>\n\n<ul>\n<li>Complete your transaction;</li>\n<li>Provide you a good or service;</li>\n<li>Perform a contract between us and you;</li>\n<li>Protect your security and prosecute those responsible for breaching it;</li>\n<li>Fix our system in the case of a bug;</li>\n<li>Protect the free speech rights of you or other users;</li>\n<li>Engage in public or peer-reviewed scientific, historical, or statistical research in the public interests that adheres to all other applicable ethics and privacy laws;</li>\n<li>Comply with a legal obligation; or</li>\n<li>Make other internal and lawful uses of the information that are compatible with the context in which you provided it.</li>\n</ul>\n\n<p><strong>Other Rights.</strong> You can request certain information about our disclosure of personal information to third parties for their own direct marketing purposes during the preceding calendar year. This request is free and may be made once a year. You also have the right not to be discriminated against for exercising any of the rights listed above.<br />\n<br />\n<strong>Website:</strong> You may visit our privacy homepage to authenticate and exercise rights via our website.<br />\n<br />\n<strong>Email webform:</strong> You may write to us to exercise rights. To respond to some rights we will need to verify your request either by asking you to log in and authenticate your account or otherwise verify your identity by providing information about yourself or your account. Authorized agents can make a request on your behalf if you have given them legal power of attorney or we are provided proof of signed permission, verification of your identity, and confirmation that you provided the agent permission to submit the request. Response Timing and Format. We aim to respond to a consumer request for access or deletion within 45 days of receiving that request. If we require more time, we will inform you of the reason and extension period in writing.</p>\n\n<p>Children&rsquo;s Data</p>\n\n<p>tyt is not directed to children, and we don&rsquo;t knowingly collect personal information from children under the age of 13. If we find out that a child under 13 has given us personal information, we will take steps to delete that information. If you believe that a child under the age of 13 has given us personal information, please contact us</p>\n\n<p>Links to Third-Party Websites</p>\n\n<p>The tyt Platform may contain links to third-party websites. Those websites may have privacy policies that differ from ours. We are not responsible for those websites, and we recommend that you review their policies. Please contact those websites directly if you have any questions about their privacy policies.</p>\n\n<p>Changes to This Privacy Policy</p>\n\n<p>We may update this policy from time to time as the tyt Platform changes and privacy law evolves. If we update it, we will do so online, and if we make material changes, we will let you know through the tyt Platform or by some other method of communication like email. When you use tyt, you are agreeing to the most recent terms of this policy.</p>\n\n<p>Contact Us</p>\n\n<p>If you have any questions or concerns about your privacy or anything in this policy, including if you need to access this policy in an alternative format, we encourage you to contact us.</p>', '<h2><strong>DMV check &amp; background check consent</strong></h2>\n\n<p>&nbsp;</p>\n\n<p>Consent to Request Driving Record</p>\n\n<p>I understand that tyt, LLC. (&lsquo;Company&rsquo;) will use Checkr., (&lsquo;Checkr, Inc.&rsquo;) to obtain a motor vehicle record as part of the application process to be a driver on the tyt Platform (a &lsquo;Driver&rsquo;). I also understand that if accepted as a Driver, to the extent permitted by law, Company may obtain further Reports from Checkr Inc. so as to update, renew or extend my status as a Driver. I hereby give permission to tyt to obtain my state driving record (also known as my motor vehicle record or MVR) in accordance with the Federal Driver&rsquo;s Privacy Protection Act (&lsquo;DPPA&rsquo;) and applicable state law. I acknowledge and understand that my driving record is a consumer report that contains public record information. I authorize, without reservation any party or agency contacted by Company or Checkr Inc. to furnish Company a copy of my state driving record. This authorization shall remain on file by Company for the duration of my time as a Driver, and will serve as ongoing authorization for Company to procure my state driving record at any time while I am a Driver.</p>\n\n<p>Consent to Request Consumer Report or Investigative Consumer Report Information</p>\n\n<p>I understand that tyt, LLC. (&lsquo;Company&rsquo;) will use Checkr Inc.,</p>\n\n<p>1 Montgomery St, Ste 2000, San Francisco, CA 94104</p>\n\n<p>to obtain a consumer report or investigative consumer report as part of the application process to be a driver on the tyt Platform (a &lsquo;Driver&rsquo;). I also understand that if accepted as a Driver, to the extent permitted by law, Company may obtain further Reports from Checkr so as to update, renew or extend my status as a Driver.</p>\n\n<p>I understand Checkr, Inc&rsquo;s (&ldquo;Checkr&rdquo;) investigation may include obtaining information regarding my criminal record, subject to any limitations imposed by applicable federal and state law. I understand such information may be obtained through direct or indirect contact with public agencies or other persons who may have such knowledge.</p>\n\n<p>The nature and scope of the investigation sought will include a Criminal Background check and SSN Trace.</p>\n\n<p>I acknowledge receipt of the attached summary of my rights under the Fair Credit Reporting Act and, as required by law, any related state summary of rights (collectively &ldquo;Summaries of Rights&rdquo;).</p>\n\n<p>This consent will not affect my ability to question or dispute the accuracy of any information contained in a Report. I understand if Company makes a conditional decision to disqualify me based all or in part on my Report, I will be provided with a copy of the Report and another copy of the Summaries of Rights, and if I disagree with the accuracy of the purported disqualifying information in the Report, I must notify Company within five business days of my receipt of the Report that I am challenging the accuracy of such information with Checkr.</p>\n\n<p>I hereby consent to this investigation and authorize Company to procure a Report on my background.</p>\n\n<p>In order to verify my identity for the purposes of Report preparation, I am voluntarily releasing my date of birth, social security number and the other information and fully understand that all decisions are based on legitimate non-discriminatory reasons.</p>\n\n<p>The name, address and telephone number of the nearest unit of the consumer reporting agency designated to handle inquiries regarding the investigative consumer report is:</p>\n\n<p><strong>Checkr, Inc.<br />\n1 Montgomery St, Ste 2000, San Francisco, CA 94104<br />\n844-824-3257 </strong><br />\n<br />\n<strong>California, Maine, Massachusetts, Minnesota, New Jersey &amp; Oklahoma Applicants Only:</strong> I have the right to request a copy of any Report obtained by Company from Checkr by checking the box. (Check only if you wish to receive a copy)</p>\n\n<p>New York Applicants Only</p>\n\n<p>I also acknowledge that I have received the attached copy of Article 23A of New York&rsquo;s Correction Law. I further understand that I may request a copy of any investigative consumer report by contacting Checkr. I further understand that I will be advised if any further checks are requested and provided the name and address of the consumer reporting agency.</p>\n\n<p>California Applicants and Residents</p>\n\n<p>If I am applying in California or reside in California, I understand I have the right to visually inspect the files concerning me maintained by an investigative consumer reporting agency during normal business hours and upon reasonable notice. The inspection can be done in person, and, if I appear in person and furnish proper identification; I am entitled to a copy of the file for a fee not to exceed the actual costs of duplication. I am entitled to be accompanied by one person of my choosing, who shall furnish reasonable identification. The inspection can also be done via certified mail if I make a written request, with proper identification, for copies to be sent to a specified addressee. I can also request a summary of the information to be provided by telephone if I make a written request, with proper identification for telephone disclosure, and the toll charge, if any, for the telephone call is prepaid by or directly charged to me. I further understand that the investigative consumer reporting agency shall provide trained personnel to explain to me any of the information furnished to me; I shall receive from the investigative consumer reporting agency a written explanation of any coded information contained in files maintained on me. &ldquo;Proper identification&rdquo; as used in this paragraph means information generally deemed sufficient to identify a person, including documents such as a valid driver&rsquo;s license, social security account number, military identification card and credit cards. I understand that I can access the following website checkr.com privacy to view Checkr&rsquo;s privacy practices, including information with respect to Checkr&rsquo;s preparation and processing of investigative consumer reports and guidance as to whether my personal information will be sent outside the United States or its territories.</p>\n\n<p>A Summary of Your Rights Under the Fair Credit Reporting Act</p>\n\n<p>The federal Fair Credit Reporting Act (FCRA) promotes the accuracy, fairness, and privacy of information in the files of consumer reporting agencies. There are many types of consumer reporting agencies, including credit bureaus and specialty agencies (such as agencies that sell information about check writing histories, medical records, and rental history records). Here is a summary of your major rights under the FCRA. <strong>For more information, including information about additional rights, go to www.consumerfinance.gov/learnmore or write to:</strong></p>\n\n<p>Consumer Financial Protection Bureau<br />\n1700 G Street NW, Washington, DC 20552</p>\n\n<p>&nbsp;</p>\n\n<ul>\n<li>You must be told if information in your file has been used against you. Anyone who uses a credit report or another type of consumer report to deny your application for credit, insurance, or employment &ndash; or to take another adverse action against you &ndash; must tell you, and must give you the name, address, and phone number of the agency that provided the information.</li>\n<li>You have the right to know what is in your file. You may request and obtain all the information about you in the files of a consumer reporting agency (your &ldquo;file disclosure&rdquo;). You will be required to provide proper identification, which may include your Social Security number. In many cases, the disclosure will be free. You are entitled to a free file disclosure if:\n<ol>\n<li>a person has taken adverse action against you because of information in your credit report;</li>\n<li>you are the victim of identity theft and place a fraud alert in your file;</li>\n<li>your file contains inaccurate information as a result of fraud;</li>\n<li>you are on public assistance;</li>\n<li>you are unemployed but expect to apply for employment within 60 days.</li>\n</ol>\nIn addition, all consumers are entitled to one free disclosure every 12 months upon request from each nationwide credit bureau and from nationwide specialty consumer reporting agencies. See www.consumerfinance.gov/learnmore for additional information.</li>\n<li>You have the right to ask for a credit score. Credit scores are numerical summaries of your credit-worthiness based on information from credit bureaus. You may request a credit score from consumer reporting agencies that create scores or distribute scores used in residential real property loans, but you will have to pay for it. In some mortgage transactions, you will receive credit score information for free from the mortgage lender.</li>\n<li>You have the right to dispute incomplete or inaccurate information. If you identify information in your file that is incomplete or inaccurate, and report it to the consumer reporting agency, the agency must investigate unless your dispute is frivolous. See www.consumerfinance.gov/learnmore for an explanation of dispute procedures.</li>\n<li>Consumer reporting agencies must correct or delete inaccurate, incomplete, or unverifiable information. Inaccurate, incomplete or unverifiable information must be removed or corrected, usually within 30 days. However, a consumer reporting agency may continue to report information it has verified as accurate.</li>\n<li>Consumer reporting agencies may not report outdated negative information. In most cases, a consumer reporting agency may not report negative information that is more than seven years old, or bankruptcies that are more than 10 years old.</li>\n<li>Access to your file is limited. A consumer reporting agency may provide information about you only to people with a valid need &ndash; usually to consider an application with a creditor, insurer, employer, landlord, or other business. The FCRA specifies those with a valid need for access.</li>\n<li>You must give your consent for reports to be provided to employers. A consumer reporting agency may not give out information about you to your employer, or a potential employer, without your written consent given to the employer. Written consent generally is not required in the trucking industry. For more information, go to www.consumerfinance.gov/learnmore</li>\n<li>You may limit &ldquo;prescreened&rdquo; offers of credit and insurance you get based on information in your credit report. Unsolicited &ldquo;prescreened&rdquo; offers for credit and insurance must include a toll-free phone number you can call if you choose to remove your name and address from the lists these offers are based on. You may opt-out with the nationwide credit bureaus at 1-888-567-8688.</li>\n<li>You may seek damages from violators. If a consumer reporting agency, or, in some cases, a user of consumer reports or a furnisher of information to a consumer reporting agency violates the FCRA, you may be able to sue in state or federal court.</li>\n<li>Identity theft victims and active duty military personnel have additional rights. For more information, visit www.consumerfinance.gov/learnmore.</li>\n</ul>\n\n<p>States may enforce the FCRA, and many states have their own consumer reporting laws. In some cases, you may have more rights under state law. For more information, contact your state or local consumer protection agency or your state Attorney General. For information about your federal rights, contact:</p>\n\n<p>&nbsp;</p>\n\n<table>\n<thead>\n<tr>\n<th>\n<p>Type of business</p>\n</th>\n<th>\n<p>Contact</p>\n</th>\n</tr>\n</thead>\n<tbody>\n<tr>\n<td>1.a. Banks, savings associations, and credit unions with total assets of over $10 billion and their affiliates.</td>\n<td>a. Consumer Financial Protection Bureau 1700 G Street NW, Washington, DC 20552</td>\n</tr>\n<tr>\n<td>1.b. Such affiliates that are not banks, savings associations, or credit unions also should list, in addition to the CFPB:</td>\n<td>b. Federal Trade Commission: Consumer Response Center &ndash; FCRA Washington, DC 20580 877-382-4357</td>\n</tr>\n</tbody>\n<tbody>\n<tr>\n<td colspan=\"2\">\n<p>To the extent not included in item 1 above</p>\n</td>\n</tr>\n</tbody>\n<tbody>\n<tr>\n<td>2.a. National banks, federal savings associations, and federal branches and federal agencies of foreign banks</td>\n<td>a. Office of the Comptroller of the Currency Customer Assistance Group 1301 McKinney Street Suite 3450, Houston, TX 77010-9050</td>\n</tr>\n<tr>\n<td>2.b. State member banks, branches and agencies of foreign banks (other than federal branches, federal agencies, and Insured State Branches of Foreign Banks), commercial lending companies owned or controlled by foreign banks, and organizations operating under section 25 or 25A of the Federal Reserve Act</td>\n<td>b. Federal Reserve Consumer Help Center P.O. Box 1200 Minneapolis, MN 55480</td>\n</tr>\n<tr>\n<td>2.c. Nonmember Insured Banks, Insured State Branches of Foreign Banks, and insured state savings associations</td>\n<td>c. FDIC Consumer Response Center 1100 Walnut Street Box #11, Kansas City, MO 64106</td>\n</tr>\n<tr>\n<td>2.d. Federal Credit Unions</td>\n<td>d. National Credit Union Administration Office of Consumer Protection (OCP), Division of Consumer Compliance and Outreach (DCCO) 1775 Duke Street, Alexandria, VA 22314</td>\n</tr>\n</tbody>\n<tbody>\n<tr>\n<td>3. Air carriers</td>\n<td>Asst. General Counsel for Aviation Enforcement &amp; Proceedings Aviation Consumer Protection Division Department of Transportation 1200 New Jersey Avenue SE, Washington, DC 20590</td>\n</tr>\n</tbody>\n<tbody>\n<tr>\n<td>4. Creditors Subject to Surface Transportation Board</td>\n<td>Office of Proceedings, Surface Transportation Board, Department of Transportation 395 E Street SW, Washington, DC 20423</td>\n</tr>\n</tbody>\n<tbody>\n<tr>\n<td>5. Creditors Subject to Packers and Stockyards Act, 1921</td>\n<td>Nearest Packers and Stockyards Administration area supervisor</td>\n</tr>\n</tbody>\n<tbody>\n<tr>\n<td>6. Small Business Investment Companies</td>\n<td>Associate Deputy Administrator for Capital Access, United States Small Business Administration 409 Third Street SW 8th Floor, Washington, DC 20416</td>\n</tr>\n</tbody>\n<tbody>\n<tr>\n<td>7. Brokers and Dealers</td>\n<td>Securities and Exchange Commission 100 F St NE, Washington, DC 20549</td>\n</tr>\n</tbody>\n<tbody>\n<tr>\n<td>8. Federal Land Banks, Federal Land Bank Associations, Federal Intermediate Credit Banks, and Production Credit Associations</td>\n<td>Farm Credit Administration, 1501 Farm Credit Drive, McLean, VA 22102-5090</td>\n</tr>\n</tbody>\n<tbody>\n<tr>\n<td>9. Retailers, Finance Companies, and All Other Creditors Not Listed Above</td>\n<td>FTC Regional Office for region in which the creditor operates or Federal Trade Commission: Consumer Response Center &ndash; FCRA Washington, DC 20580 877-382-4357</td>\n</tr>\n</tbody>\n</table>', '<h3><strong>Equal Employment Opportunity and Non-Discrimination Policy</strong></h3>\n\n<h3>I. OVERVIEW &amp; SCOPE</h3>\n\n<p>tyt, LLC of 6255 TownCenter Drive Ste 819, Clemmons, North Carolina 27012, has established a Non-Discrimination and Equal Employment Opportunity Policy (&quot;EEO&quot;). This EEO policy applies to all aspects of the relationship between tyt, LLC and its employees, including, but not limited to, employment, recruitment, advertisements for employment, hiring and firing, compensation, assignment, classification of employees, termination, upgrading, promotions, transfer, training, working conditions, wages and salary administration, and employee benefits and application of policies. These policies apply to independent contractors, temporary employees, all personnel working on the premises, and any other persons or firms doing business for or with tyt, LLC. Any user found to have violated this prohibition will lose access to the tyt, LLC platform. Applicable laws in certain jurisdictions may require and/or allow the provision of services by and for the benefit of a specific category of persons. In such jurisdictions, services provided in compliance with these laws and the relevant applicable terms are permissible under this policy.</p>\n\n<h3>II. POLICIES</h3>\n\n<p>1. DISCRIMINATION.</p>\n\n<p>tyt, LLC shall not tolerate, under any circumstances, without exception, any form of discrimination based on race, creed, religion, color, age, disability, pregnancy, marital status, parental status, sexual orientation, gender expression, gender identity, veteran status, military status, domestic violence victim status, national origin, political affiliation, sex, predisposing genetic characteristics, or geographic location and any other status protected by the law. This list is not exhaustive. For qualified people with disabilities, tyt, LLC will make every effort to provide reasonable workplace accommodations that comply with applicable laws.</p>\n\n<p>Discrimination in providing transportation services is strictly prohibited</p>\n\n<p>Associated drivers and employees are required to know the non-discrimination prohibitions. tyt, LLC will not tolerate as to public accommodations, which includes taxicab services unlawful discriminatory practice to deny, directly or indirectly, any person the full and equal enjoyment of the goods, services, facilities, privileges, advantages, and accommodations of any place of public accommodations (including taxicab services) wholly or partially for a discriminatory reason based on place of residence or business.</p>\n\n<p>Prohibited Discriminatory Conduct:</p>\n\n<p>tyt, LLC recognizes that associated drivers should never discriminate against certain customers by not picking them up, not taking them where they wish to go or by treating them with less respect based on the protected characteristics or traits listed above. Specific examples of discriminatory conduct, include the following:<br />\n<br />\nNot picking up a passenger on the basis of any protected characteristic or trait, including not picking up a passenger with a service animal&middot; Requesting that a passenger get out of a taxicab on the basis of a protected characteristic or trait &middot; Using derogatory or harassing language on the basis of a protected characteristic or trait &middot; Refusing a pickup in a specific geographic area.</p>\n\n<p>Geographic Discrimination:</p>\n\n<p>tyt, LLC does not tolerate geographic discrimination and recognizes how important it is to take the customer to the requested destination without discriminating against that customer based on where he or she wishes to go. All associated drivers, employees, managers, stakeholders, and agents at tyt, LLC will comply with these anti-discrimination policies. In some cases, local laws and regulations may provide greater protections than those described in this policy.</p>\n\n<p>2. HARASSMENT</p>\n\n<p>tyt, LLC is committed to providing a work environment that is free from harassment. Any behavior that is unwanted and offensive to the recipient, which creates an intimidating, hostile, or humiliating work environment for that person violates tyt, LLC&#39;s policy. Harassment can occur between members of the opposite sex or the same sex. Harassment, verbal or non-verbal, explicit or implicit, based on an individual&#39;s sex, race, ethnicity, national origin, age, religion or any other legally protected characteristics will not be tolerated. All employees, including supervisors, other management personnel, and independent contractors, are required to abide by this policy. No person will be adversely affected in employment with tyt, LLC as a result of bringing complaints of harassment.</p>\n\n<p>3. SEXUAL HARASSMENT</p>\n\n<p>Unwelcome sexual advances, requests for sexual favors, and other verbal or physical conduct of a sexual nature constitute harassment when (1) submission to such conduct is made either explicitly or implicitly a term or condition of employment; (2) submission to or rejection of such conduct by an individual is used as a basis for employment decisions, promotion, transfer, selection for training, performance evaluations, benefits, or other terms and conditions of employment; or (3) such conduct has the purpose or effect of creating an intimidating, hostile, or offensive work environment or substantially interferes with an employee&#39;s work performance . tyt, LLC prohibits inappropriate conduct that is sexual in nature at work, on Company business, or at Company-sponsored events including the following: comments, jokes, degrading language, sexually suggestive objects, books, or any form of media electronic or in print form. Sexual harassment is prohibited whether it is between members of the opposite sex or members of the same sex.</p>\n\n<p>4. STATEMENT ON AFFIRMATIVE ACTION</p>\n\n<p>An affirmative action program has been developed where tyt, LLC seeks to increase the representation and participation of minorities</p>\n\n<p>5. REPORTING DISCRIMINATION &amp; HARASSMENT</p>\n\n<p>If an employee feels that he or she has been harassed as described in this policy, they should immediately file grievance with: Grievance Department, 6255 TownCenter Drive, Ste 819, Clemmons NC 27012, or by email at compliance@tyt.us. Once the matter has been reported it will be promptly investigated and any corrective action will be taken when deemed appropriate. All complaints or unlawful harassment under this policy or otherwise will be handled in as confidential a manner as possible. Timely reporting is encouraged to prevent the re-occurrence of, or otherwise address, the behavior that violates this policy or law. Delays in reporting a complaint can limit the type of effectiveness of a response by tyt, LLC. The procedure for reporting incidents of discriminatory or harassing behavior is not intended to prevent the right of any employee to seek a remedy under available state or federal law by immediately reporting the matter to the appropriate state or federal agency.</p>\n\n<p>6. RETALIATION</p>\n\n<p>Retaliation against any person associated with tyt, LLC who reports instances of harassment - whether he or she is directly or indirectly involved - is in violation of tyt, LLC&#39;s policies. All reported incidents are assumed to be made in good faith. Any allegations that are proven false will be treated as a serious matter.</p>\n\n<p>7. DISCIPLINARY MEASURES FOR HARASSMENT</p>\n\n<p>Any employee engaging in behavior that violates this policy will be subject to disciplinary action, including the possible termination of employment, whether or not an actual law has been violated.</p>\n\n<p>8. REMEDIES</p>\n\n<p>Remedies for any instances of verified employment discrimination, whether caused intentionally or by actions that have a discriminatory effect, may include back pay, hiring, promotion, reinstatement, front pay, reasonable accommodation, or other actions deemed appropriate by tyt, LLC. Remedies can also include payment of attorney&#39;s fees, expert witness fees, court costs and other applicable legal fees.</p>\n\n<p>9. POLICY IMPLEMENTATION</p>\n\n<p>tyt&rsquo;s CEO, Lynn Graham, fully supports the implementation of this Policy effective as of April 19, 2021.</p>', '<h2><strong>Terms and Conditions</strong></h2>\n\n<p>END USER LICENSE AGREEMENT</p>\n\n<p>Last updated May 16, 2021</p>\n\n<p>tyt,LLC is licensed to You (End-User) by tyt, LLC, located at 6255 Towncenter Drive Ste 819, Clemmons, North Carolina 27012, United States (hereinafter: Licensor), for use only under the terms of this License Agreement.<br />\n<br />\nBy downloading the Application from the Apple AppStore and Google Play, and any update thereto (as permitted by this License Agreement), You indicate that You agree to be bound by all of the terms and conditions of this License Agreement, and that You accept this License Agreement.<br />\n<br />\nThe parties of this License Agreement acknowledge that Apple and/or Google Play is not a Party to this License Agreement and is not bound by any provisions or obligations with regard to the Application, such as warranty, liability, maintenance and support thereof. tyt, LLC, not Apple or Google Play, is solely responsible for the licensed Application and the content thereof.<br />\n<br />\nThis License Agreement may not provide for usage rules for the Application that are in conflict with the latest App Store Terms of Service. tyt, LLC acknowledges that it had the opportunity to review said terms and this License Agreement is not conflicting with them.<br />\n<br />\nAll rights not expressly granted to You are reserved.</p>\n\n<p>1. THE APPLICATION</p>\n\n<p>tyt (hereinafter: Application) is a piece of software is a Rideshare platform - and customized for Apple and Android mobile devices. It is used to Connecting riders to drivers to get to point A to B by a push of a button.<br />\n<br />\nThe Application is not tailored to comply with industry-specific regulations (Health Insurance Portability and Accountability Act (HIPAA), Federal Information Security Management Act (FISMA), etc.), so if your interactions would be subjected to such laws, you may not use this Application. You may not use the Application in a way that would violate the Gramm-Leach-Bliley Act (GLBA).</p>\n\n<p>2. SCOPE OF LICENSE</p>\n\n<p>2.1 You are given a non-transferable, non-exclusive, non-sublicensable license to install and use the Licensed Application on any Apple-branded or Google Products that You (End-User) own or control and as permitted by the Usage Rules set forth in this section and the App Store Terms of Service, with the exception that such licensed Application may be accessed and used by other accounts associated with You (End-User, The Purchaser) via Family Sharing or volume purchasing.<br />\n<br />\n2.2 This license will also govern any updates of the Application provided by Licensor that replace, repair, and/or supplement the first Application, unless a separate license is provided for such update in which case the terms of that new license will govern.<br />\n<br />\n2.3 You may not share or make the Application available to third parties (unless to the degree allowed by the Apple Terms and Conditions, and with tyt, LLC&#39;s prior written consent), sell, rent, lend, lease or otherwise redistribute the Application.<br />\n<br />\n2.4 You may not reverse engineer, translate, disassemble, integrate, decompile, integrate, remove, modify, combine, create derivative works or updates of, adapt, or attempt to derive the source code of the Application, or any part thereof (except with tyt, LLC&#39;s prior written consent).<br />\n<br />\n2.5 You may not copy (excluding when expressly authorized by this license and the Usage Rules) or alter the Application or portions thereof. You may create and store copies only on devices that You own or control for backup keeping under the terms of this license, the App Store Terms of Service, and any other terms and conditions that apply to the device or software used. You may not remove any intellectual property notices. You acknowledge that no unauthorized third parties may gain access to these copies at any time.<br />\n<br />\n2.6 Violations of the obligations mentioned above, as well as the attempt of such infringement, may be subject to prosecution and damages.<br />\n<br />\n2.7 Licensor reserves the right to modify the terms and conditions of licensing.<br />\n<br />\n2.8 Nothing in this license should be interpreted to restrict third-party terms. When using the Application, You must ensure that You comply with applicable third-party terms and conditions.</p>\n\n<p>3. TECHNICAL REQUIREMENTS</p>\n\n<p>3.1 Licensor attempts to keep the Application updated so that it complies with modified/new versions of the firmware and new hardware. You are not granted rights to claim such an update.<br />\n<br />\n3.2 You acknowledge that it is Your responsibility to confirm and determine that the app end-user device on which You intend to use the Application satisfies the technical specifications mentioned above.<br />\n<br />\n3.3 Licensor reserves the right to modify the technical specifications as it sees appropriate at any time.</p>\n\n<p>4. MAINTENANCE AND SUPPORT</p>\n\n<p>4.1 The Licensor is solely responsible for providing any maintenance and support services for this licensed Application. You can reach the Licensor at the email address listed in the App Store or Google Play Overview for this licensed Application.<br />\n<br />\n4.2 tyt, LLC and the End-User acknowledge that Apple and or Google Play has no obligation whatsoever to furnish any maintenance and support services with respect to the licensed Application.</p>\n\n<p>5. USE OF DATA</p>\n\n<p>You acknowledge that Licensor will be able to access and adjust Your downloaded licensed Application content and Your personal information, and that Licensor&#39;s use of such material and information is subject to Your legal agreements with Licensor and Licensor&#39;s privacy policy: http://www.tyt.us/privacy.</p>\n\n<p>6. USER GENERATED CONTRIBUTIONS</p>\n\n<p>The Application may invite you to chat, contribute to, or participate in blogs, message boards, online forums, and other functionality, and may provide you with the opportunity to create, submit, post, display, transmit, perform, publish, distribute, or broadcast content and materials to us or in the Application, including but not limited to text, writings, video, audio, photographs, graphics, comments, suggestions, or personal information or other material (collectively, &quot;Contributions&quot;). Contributions may be viewable by other users of the Application and through third-party websites or applications. As such, any Contributions you transmit may be treated as non-confidential and non-proprietary. When you create or make available any Contributions, you thereby represent and warrant that:<br />\n<br />\n1. The creation, distribution, transmission, public display, or performance, and the accessing, downloading, or copying of your Contributions do not and will not infringe the proprietary rights, including but not limited to the copyright, patent, trademark, trade secret, or moral rights of any third party.<br />\n<br />\n2. You are the creator and owner of or have the necessary licenses, rights, consents, releases, and permissions to use and to authorize us, the Application, and other users of the Application to use your Contributions in any manner contemplated by the Application and these Terms of Use.<br />\n<br />\n3. You have the written consent, release, and/or permission of each and every identifiable individual person in your Contributions to use the name or likeness or each and every such identifiable individual person to enable inclusion and use of your Contributions in any manner contemplated by the Application and these Terms of Use.<br />\n<br />\n4. Your Contributions are not false, inaccurate, or misleading.<br />\n<br />\n5. Your Contributions are not unsolicited or unauthorized advertising, promotional materials, pyramid schemes, chain letters, spam, mass mailings, or other forms of solicitation.<br />\n<br />\n6. Your Contributions are not obscene, lewd, lascivious, filthy, violent, harassing, libelous, slanderous, or otherwise objectionable (as determined by us).<br />\n<br />\n7. Your Contributions do not ridicule, mock, disparage, intimidate, or abuse anyone.<br />\n<br />\n8. Your Contributions are not used to harass or threaten (in the legal sense of those terms) any other person and to promote violence against a specific person or class of people.<br />\n<br />\n9. Your Contributions do not violate any applicable law, regulation, or rule.<br />\n<br />\n10. Your Contributions do not violate the privacy or publicity rights of any third party.<br />\n<br />\n11. Your Contributions do not contain any material that solicits personal information from anyone under the age of 18 or exploits people under the age of 18 in a sexual or violent manner.<br />\n<br />\n12. Your Contributions do not violate any applicable law concerning child pornography, or otherwise intended to protect the health or well-being of minors.<br />\n<br />\n13. Your Contributions do not include any offensive comments that are connected to race, national origin, gender, sexual preference, or physical handicap.<br />\n<br />\n14. Your Contributions do not otherwise violate, or link to material that violates, any provision of these Terms of Use, or any applicable law or regulation.<br />\n<br />\nAny use of the Application in violation of the foregoing violates these Terms of Use and may result in, among other things, termination or suspension of your rights to use the Application.</p>\n\n<p>7. CONTRIBUTION LICENSE</p>\n\n<p>By posting your Contributions to any part of the Application or making Contributions accessible to the Application by linking your account from the Application to any of your social networking accounts, you automatically grant, and you represent and warrant that you have the right to grant, to us an unrestricted, unlimited, irrevocable, perpetual, non-exclusive, transferable, royalty-free, fully-paid, worldwide right, and license to host, use copy, reproduce, disclose, sell, resell, publish, broad cast, retitle, archive, store, cache, publicly display, reformat, translate, transmit, excerpt (in whole or in part), and distribute such Contributions (including, without limitation, your image and voice) for any purpose, commercial advertising, or otherwise, and to prepare derivative works of, or incorporate in other works, such as Contributions, and grant and authorize sublicenses of the foregoing. The use and distribution may occur in any media formats and through any media channels.<br />\n<br />\nThis license will apply to any form, media, or technology now known or hereafter developed, and includes our use of your name, company name, and franchise name, as applicable, and any of the trademarks, service marks, trade names, logos, and personal and commercial images you provide. You waive all moral rights in your Contributions, and you warrant that moral rights have not otherwise been asserted in your Contributions.<br />\n<br />\nWe do not assert any ownership over your Contributions. You retain full ownership of all of your Contributions and any intellectual property rights or other proprietary rights associated with your Contributions. We are not liable for any statements or representations in your Contributions provided by you in any area in the Application. You are solely responsible for your Contributions to the Application and you expressly agree to exonerate us from any and all responsibility and to refrain from any legal action against us regarding your Contributions.<br />\n<br />\nWe have the right, in our sole and absolute discretion, (1) to edit, redact, or otherwise change any Contributions; (2) to re-categorize any Contributions to place them in more appropriate locations in the Application; and (3) to pre-screen or delete any Contributions at any time and for any reason, without notice. We have no obligation to monitor your Contributions.</p>\n\n<p>8. LIABILITY</p>\n\n<p>8.1 Licensor&#39;s responsibility in the case of violation of obligations and tort shall be limited to intent and gross negligence. Only in case of a breach of essential contractual duties (cardinal obligations), Licensor shall also be liable in case of slight negligence. In any case, liability shall be limited to the foreseeable, contractually typical damages. The limitation mentioned above does not apply to injuries to life, limb, or health.<br />\n<br />\n8.2 Licensor takes no accountability or responsibility for any damages caused due to a breach of duties according to Section 2 of this Agreement. To avoid data loss, You are required to make use of backup functions of the Application to the extent allowed by applicable third-party terms and conditions of use. You are aware that in case of alterations or manipulations of the Application, You will not have access to licensed Application.</p>\n\n<p>9. WARRANTY</p>\n\n<p>9.1 Licensor warrants that the Application is free of spyware, trojan horses, viruses, or any other malware at the time of Your download. Licensor warrants that the Application works as described in the user documentation.<br />\n<br />\n9.2 No warranty is provided for the Application that is not executable on the device, that has been unauthorizedly modified, handled inappropriately or culpably, combined or installed with inappropriate hardware or software, used with inappropriate accessories, regardless if by Yourself or by third parties, or if there are any other reasons outside of tyt, LLC&#39;s sphere of influence that affect the executability of the Application.<br />\n<br />\n9.3 You are required to inspect the Application immediately after installing it and notify tyt, LLC about issues discovered without delay by e-mail provided in Product Claims. The defect report will be taken into consideration and further investigated if it has been mailed within a period of ninety (90) days after discovery.<br />\n<br />\n9.4 If we confirm that the Application is defective, tyt, LLC reserves a choice to remedy the situation either by means of solving the defect or substitute delivery.<br />\n<br />\n9.5 In the event of any failure of the Application to conform to any applicable warranty, You may notify the App-Store-Operator, and Your Application purchase price will be refunded to You. To the maximum extent permitted by applicable law, the App-Store-Operator will have no other warranty obligation whatsoever with respect to the App, and any other losses, claims, damages, liabilities, expenses and costs attributable to any negligence to adhere to any warranty.<br />\n<br />\n9.6 If the user is an entrepreneur, any claim based on faults expires after a statutory period of limitation amounting to twelve (12) months after the Application was made available to the user. The statutory periods of limitation given by law apply for users who are consumers.</p>\n\n<p>10. PRODUCT CLAIMS</p>\n\n<p>tyt, LLC and the End-User acknowledge that tyt, LLC, and not Apple, is responsible for addressing any claims of the End-User or any third party relating to the licensed Application or the End-User&rsquo;s possession and/or use of that licensed Application, including, but not limited to:<br />\n<br />\n(i) product liability claims;<br />\n<br />\n(ii) any claim that the licensed Application fails to conform to any applicable legal or regulatory requirement; and<br />\n<br />\n(iii) claims arising under consumer protection, privacy, or similar legislation, including in connection with Your Licensed Application&rsquo;s use.</p>\n\n<p>11. LEGAL COMPLIANCE</p>\n\n<p>You represent and warrant that You are not located in a country that is subject to a U.S. Government embargo, or that has been designated by the U.S. Government as a &quot;terrorist supporting&quot; country; and that You are not listed on any U.S. Government list of prohibited or restricted parties.</p>\n\n<p>12. CONTACT INFORMATION</p>\n\n<p>For general inquiries, complaints, questions or claims concerning the licensed Application, please contact:<br />\n<br />\n<strong>tyt, LLC<br />\n6255 Towncenter Drive Ste 819<br />\nClemmons, NC 27012<br />\nUnited States<br />\nsupport@tyt.us </strong></p>\n\n<p>13. TERMINATION</p>\n\n<p>The license is valid until terminated by tyt, LLC or by You. Your rights under this license will terminate automatically and without notice from tyt, LLC if You fail to adhere to any term(s) of this license. Upon License termination, You shall stop all use of the Application, and destroy all copies, full or partial, of the Application.</p>\n\n<p>14. THIRD-PARTY TERMS OF AGREEMENTS AND BENEFICIARY</p>\n\n<p>tyt, LLC represents and warrants that tyt, LLC will comply with applicable third-party terms of agreement when using licensed Application.<br />\n<br />\nIn Accordance with Section 9 of the &quot;Instructions for Minimum Terms of Developer&#39;s End-User License Agreement,&quot; Apple and Apple&#39;s subsidiaries shall be third-party beneficiaries of this End User License Agreement and - upon Your acceptance of the terms and conditions of this license agreement, Apple will have the right (and will be deemed to have accepted the right) to enforce this End User License Agreement against You as a third-party beneficiary thereof.</p>\n\n<p>15. INTELLECTUAL PROPERTY RIGHTS</p>\n\n<p>tyt, LLC and the End-User acknowledge that, in the event of any third-party claim that the licensed Application or the End-User&#39;s possession and use of that licensed Application infringes on the third party&#39;s intellectual property rights, tyt, LLC, and not Apple, will be solely responsible for the investigation, defense, settlement and discharge or any such intellectual property infringement claims.</p>\n\n<p>16. APPLICABLE LAW</p>\n\n<p>This license agreement is governed by the laws of the State of North Carolina excluding its conflicts of law rules.</p>\n\n<p>17. MISCELLANEOUS</p>\n\n<p>17.1 If any of the terms of this agreement should be or become invalid, the validity of the remaining provisions shall not be affected. Invalid terms will be replaced by valid ones formulated in a way that will achieve the primary purpose.<br />\n<br />\n17.2 Collateral agreements, changes and amendments are only valid if laid down in writing. The preceding clause can only be waived in writing.</p>', 'xo6KnllBLUnJgI5fmRUxls8XepKjgA42fAXnbsdx.jpg', '<h2>What you will need to apply with us</h2>\n\n<ul>\n<li>You must have a valid driver&rsquo;s license - Temporary or out-of-state licenses are also acceptable.</li>\n<li>You must be 25 years or older to drive.</li>\n<li>You must have a clean driving record with auto insurance.</li>\n<li>You consent to our driver screening and background check.</li>\n<li>You must own an iPhone or Android smartphone that can download and run the tyt Driver app.</li>\n</ul>', 'jVaKZ7cmFBp1uAuvjgn5sjxpeOEgSmMw8zduGTaf.jpg', '<h2>Vehicle Requirements</h2>\n\n<ul>\n<li>2008 or newer**</li>\n<li>4 doors</li>\n<li>5-8 seats, including the driver&rsquo;s</li>\n<li>North Carolina plates</li>\n<li><strong>**Car year may vary by region </strong></li>\n</ul>', '1RexFkyPOi1BErCFKU8uYwMm9mL5VzuysTWRaxaJ.jpg', '<h3>Document requirements</h3>\n\n<ul>\n<li>Driver profile photo</li>\n<li>Vehicle registration</li>\n<li>Personal vehicle insurance</li>\n<li>North Carolina vehicle inspection</li>\n</ul>', '9z3dVmaWgwUAtOQv4neyEfu5Oe58IZYfdfsCY5ZA.jpg', '<h1><strong>Download the Driver Blue app Today</strong></h1>', '<p><strong>Good things happen when people can move, whether across town or toward their dreams. Opportunities </strong></p>\n\n<p><strong>appear, open up, become reality.</strong></p>', '<h1><strong>Be your own boss</strong></h1>\n\n<h3>Hours are completely flexible. Drive mornings, evenings, weekdays, or weekends.</h3>', 'pOzcct0XNSuOSmSuWTDfP8ePmLMhZliODdQFwWTX.svg', '<h2><strong>Download</strong></h2>', '<p>Download the Blue Driver App from the Google Play or App Store on your smartphone.</p>', '5rNx2yDAFIbo90GugqyGWQ7UdpU9s0HPIDpZVmH2.svg', '<h2><strong>Upload</strong></h2>', '<p>Upload your driver required documents in the app. Get Approved</p>', 'OPx6uFwmzO5u99oNFgB9zXPRMkskpD491gmqPTAQ.svg', '<h2><strong>Drive!</strong></h2>', '<p>Drive and earn as much as you want. Get paid weekly for the time and distance of a trip plus tips.</p>', '<h2><strong>Why Drive with Blue</strong></h2>', '<p><strong>About us</strong></p>', 'CkXGI95QRqqefSia0gxn3CVeHxiALzoZgWFbaOJO.png', '<p>Blue is a rideshare platform facilitating peer to peer ridesharing by means of connecting passengers who are in need of rides from drivers with available cars to get from point A to point B with the press of a button. tyt is a clever 4 letter word that sounds like &quot;easy&quot; a fantastic connotation of effortless ease and accessibility to get you to your destination. tyt welcomes applicants year-round - summer, winter, fall, spring, and holiday work seekers.</p>', '<p>Our Mission</p>', 'wxZlB9jU3D51XbnxyhbeQMFXqNLgyHMUKIJ2WXx4.png', '<p>It&rsquo;s our goal to create a flexible working environment that is inclusive and reflects the diversity of the cities we serve&mdash;where everyone can be their authentic self, and where that authenticity is celebrated as a strength. By creating an environment where people from every background can thrive, we&rsquo;ll make tyt a better company&mdash;for our drivers and our customers.</p>', '<p>Driver Commitment</p>', 'laHGbcRZ8YbrFYXQcWq1HebYW4HhdnuvTOtD3CKH.png', '<p>We promise to provide the technology and the support needed to empower you to be your own boss, deciding on when and how often you drive. Let us take you places. Through our software, we take the guesswork and hassle out of securing your fare. We will always seek to apply technological advancements to the current process in order that the driver is fully equipped to operate in the given climate.</p>', 'J47s4D1AxvdoB7YWbARxCpEexbT1puAR8NVHRUgr.jpg', 'JIaEaUVL7Q5BpRHwxL3KbclM44BcYmsyIXvDdL7i.png', '<p><strong>Download the Driver App</strong></p>', '<p><strong>Real-Time ETA Prediction</strong></p>', '<p><strong>Customer Referral</strong></p>', '<p><strong>In-App Chat</strong></p>', '<p><strong>Emergency SOS Button</strong></p>', 'PNAhDhAI8UxQ21JUDxkm0ZAoRwjSMStz8Amg41aU.jpg', '<h3>Get the app</h3>', 'yJp1Givor2pcQZjmKHpwVObJPlN8gGFonIyM3bOy.png', '<p>Get the app on Apple App Store or Google Play</p>', '<p>You can complete the application in the tyt Driver App</p>', '8EmDtFUTSOfgNddshqJksMDaKdjhdljkQtocoUXJ.png', '<h3>Apply to drive</h3>', '<h3>Get Approved</h3>', '1v9jBpYjpsBxP0krKKN4eo16nGqotzQbCOViIEWV.png', '<p>After uploading your required documents and passing the background checks, you&rsquo;re ready to hit the road and start earning.</p>', '<p>Open the app and turn on driver mode</p>', 'LJPfXEJzwSDoebFVLyG3ye02Eu1EmUNdM2LzmdSA.png', '<p>Open the app</p>', '<h3>Accept a passenger</h3>', '4xTQJVd9MJSQiQgsPrkxmWco5lfnKgPMTa0oS9Iu.png', '<p>Accept a passenger ride request</p>', '<p>Pick up your passenger at their location</p>', 'vzgfJTndfgLAHJZToPd2LgJ8NSshNW5jR3yasY52.png', '<h3>Pick up</h3>', '<h3>Drop off</h3>', 'SH4JqHAeVXj9Mkz78giGIjxGqyob02kpjMk1fhFq.png', '<p>Drop off your passenger at their destination</p>', '0000-00-00', '2022-08-12', 'INAO5d4sUN0rFwuobaHoRVwiof9c5So89YaxnaND.jpg', '<p>Get In Touch With Us</p>\n\n<p>Have a question, inquiry or comment? Feel free to contact us. Simply fill in the contact form or just select your preferred channel and send us a message. We&rsquo;ll do everything we can to respond quickly.</p>\n\n<p>&nbsp;</p>\n\n<p><strong>Address: </strong><br />\n60A/6A, Vilangurichi Road,Ramakrishnapuram, Saravanampatti,Coimbatore-641006.</p>\n\n<p>&nbsp;</p>\n\n<p><strong>Email: </strong><br />\nMedia Inquiries: <a href=\"mailto:media@tyt.us\">media@tyt.us</a><br />\nPartnership Inquiries: <a href=\"mailto:partner@tyt.us\"> partner@tyt.us</a><br />\nFile a complaint: <a href=\"mailto:compliance@tyt.us\"> compliance@tyt.us</a><br />\nGeneral Inquiries: <a href=\"mailto:info@tyt.us\"> info@tyt.us</a></p>', 'https://www.google.com/maps/embed?pb=!1m18!1m12!1m3!1d3915.8124423896343!2d76.99306681417376!3d11.052684457057428!2m3!1f0!2f0!3f0!3m2!1i1024!2i768!4f13.1!3m3!1m2!1s0x3ba85c1faf9dbe73%3A0x68dc9947d4882eff!2sTaxi%20Dispatch%20Software%2FSystem%20%7C%20White%20Label%20Taxi%20App%20-%20TagYourTaxi!5e0!3m2!1sen!2sin!4v1616142939290!5m2!1sen!2sin', 'https://apps.apple.com/in/app/tagxi-driver/id1608868990', 'https://play.google.com/store/apps/details?id=com.tagxi.operator\"', 'https://apps.apple.com/in/app/tagxi/id1608868419', 'https://play.google.com/store/apps/details?id=com.tagxi.user', '#ffffff', '#01f0ff', '#01f0ff', '#01f0ff', '#01f0ff', '#31c1df', '#31c1df');

-- --------------------------------------------------------

--
-- Table structure for table `linked_social_accounts`
--

CREATE TABLE `linked_social_accounts` (
  `id` int(10) UNSIGNED NOT NULL,
  `user_id` int(10) UNSIGNED NOT NULL,
  `provider_name` varchar(191) COLLATE utf8mb4_unicode_ci DEFAULT NULL,
  `provider_id` varchar(191) COLLATE utf8mb4_unicode_ci DEFAULT NULL,
  `created_at` timestamp NULL DEFAULT NULL,
  `updated_at` timestamp NULL DEFAULT NULL
) ENGINE=InnoDB DEFAULT CHARSET=utf8mb4 COLLATE=utf8mb4_unicode_ci;

-- --------------------------------------------------------

--
-- Table structure for table `ltm_translations`
--

CREATE TABLE `ltm_translations` (
  `id` bigint(20) UNSIGNED NOT NULL,
  `status` int(11) NOT NULL DEFAULT 0,
  `locale` varchar(191) COLLATE utf8mb4_bin NOT NULL,
  `group` varchar(191) COLLATE utf8mb4_bin NOT NULL,
  `key` text COLLATE utf8mb4_bin NOT NULL,
  `value` text COLLATE utf8mb4_bin DEFAULT NULL,
  `created_at` timestamp NULL DEFAULT NULL,
  `updated_at` timestamp NULL DEFAULT NULL
) ENGINE=InnoDB DEFAULT CHARSET=utf8mb4 COLLATE=utf8mb4_bin;

-- --------------------------------------------------------

--
-- Table structure for table `migrations`
--

CREATE TABLE `migrations` (
  `id` int(10) UNSIGNED NOT NULL,
  `migration` varchar(191) COLLATE utf8mb4_unicode_ci NOT NULL,
  `batch` int(11) NOT NULL
) ENGINE=InnoDB DEFAULT CHARSET=utf8mb4 COLLATE=utf8mb4_unicode_ci;

--
-- Dumping data for table `migrations`
--

INSERT INTO `migrations` (`id`, `migration`, `batch`) VALUES
(1, '2014_04_02_193005_create_translations_table', 1),
(2, '2016_06_01_000001_create_oauth_auth_codes_table', 1),
(3, '2016_06_01_000002_create_oauth_access_tokens_table', 1),
(4, '2016_06_01_000003_create_oauth_refresh_tokens_table', 1),
(5, '2016_06_01_000004_create_oauth_clients_table', 1),
(6, '2016_06_01_000005_create_oauth_personal_access_clients_table', 1),
(7, '2016_09_21_000013_create_countries_table', 1),
(8, '2017_12_28_000000_create_jobs_table', 1),
(9, '2017_12_29_000000_create_users_table', 1),
(10, '2017_12_30_000000_create_failed_jobs_table', 1),
(11, '2017_12_30_000000_create_roles_and_permissions_table', 1),
(12, '2017_12_30_000001_create_password_resets_table', 1),
(13, '2017_12_30_000001_create_settings_table', 1),
(14, '2017_12_30_000002_create_mobile_otp_verifications_table', 1),
(15, '2017_12_30_000003_create_car_make_table', 1),
(16, '2017_12_30_000004_create_car_model_table', 1),
(17, '2018_09_21_000014_create_states_table', 1),
(18, '2018_09_21_000015_create_cities_table', 1),
(19, '2018_09_21_062905_create_service_locations_table', 1),
(20, '2018_11_12_000016_create_timezones_table', 1),
(21, '2018_11_13_000017_create_admin_details_table', 1),
(22, '2018_11_16_000018_create_vehicle_types_table', 1),
(23, '2018_11_28_000019_create_company_table', 1),
(24, '2018_12_05_000020_create_owners_table', 1),
(25, '2018_12_05_000020_create_zones_table', 1),
(26, '2018_12_05_000021_create_drivers_table', 1),
(27, '2018_12_05_000022_create_driver_details_table', 1),
(28, '2018_12_11_000023_create_driver_needed_documents_table', 1),
(29, '2018_12_11_000024_create_driver_documents_table', 1),
(30, '2018_12_16_000025_create_websockets_statistics_entries_table', 1),
(31, '2019_01_30_000026_create_linked_social_accounts_table', 1),
(32, '2019_02_07_000027_create_zone_bounds_table', 1),
(33, '2019_02_08_000028_create_zone_types_table', 1),
(34, '2019_03_07_000029_create_card_info_table', 1),
(35, '2019_09_02_061132_create_user_details_table', 1),
(36, '2019_09_12_110700_create_sos_table', 1),
(37, '2019_10_09_152444_create_zone_type_price_table', 1),
(38, '2019_12_14_000001_create_personal_access_tokens_table', 1),
(39, '2020_02_07_063156_create_promo_table', 1),
(40, '2020_02_08_063156_create_requests_table', 1),
(41, '2020_02_08_070239_create_requests_meta_table', 1),
(42, '2020_02_13_121546_create_distance_matrixes_table', 1),
(43, '2020_02_26_094511_create_request_places_table', 1),
(44, '2020_03_08_071438_update_typesandtypeprice_table', 1),
(45, '2020_04_08_134813_create_projects_table', 1),
(46, '2020_04_09_060321_create_developers_table', 1),
(47, '2020_04_09_134236_create_poc_clients_table', 1),
(48, '2020_04_10_080607_create_project_flavours_table', 1),
(49, '2020_04_11_134819_create_mobile_builds_table', 1),
(50, '2020_06_08_174227_create_user_wallet_table', 1),
(51, '2020_08_02_065414_create_faqs_table', 1),
(52, '2020_08_02_085836_create_complaint_titles_table', 1),
(53, '2020_08_02_094044_create_cancellation_reasons_table', 1),
(54, '2020_08_02_102914_create_complaints_table', 1),
(55, '2020_08_05_163747_create_request_bills_table', 1),
(56, '2020_08_09_030027_create_request_ratings_table', 1),
(57, '2020_08_17_101931_update_users_table', 1),
(58, '2020_08_17_133227_create_zone_surge_prices_table', 1),
(59, '2020_08_18_065839_update_driver_columns_table', 1),
(60, '2020_08_26_123414_update_requests_for_dispatcher_columns_table', 1),
(61, '2020_08_26_125832_create_adhoc_users_table', 1),
(62, '2020_08_30_113935_create_user_wallet_history', 1),
(63, '2020_08_30_114603_create_driver_wallet', 1),
(64, '2020_08_30_114743_create_driver_wallet_history', 1),
(65, '2020_08_30_123505_update_requests_table', 1),
(66, '2020_08_31_171017_update_request_table_for_ride_later', 1),
(67, '2020_09_01_063348_update_countries_table_for_currency', 1),
(68, '2020_09_01_081006_update_service_locations_table_currency_code', 1),
(69, '2020_09_01_133422_update_request_bills_table', 1),
(70, '2020_09_01_174718_update_driver_wallet_history_table', 1),
(71, '2020_09_04_073340_update_wallet_histories_table', 1),
(72, '2020_09_04_101745_update_requests_for_service_location_updates', 1),
(73, '2020_09_06_090712_update_users_table_for_refferal', 1),
(74, '2020_09_12_065514_create_notifications_table', 1),
(75, '2020_09_12_065553_create_user_driver_notifications', 1),
(76, '2020_09_12_123929_update_users_for_referral_table', 1),
(77, '2020_10_06_170942_update_users_table_for_company_key', 1),
(78, '2020_10_14_134549_update_columns_for_company_key_updates', 1),
(79, '2020_10_15_122136_update_driver_decline_reason_column', 1),
(80, '2020_10_26_064203_create_favorite_places_table', 1),
(81, '2020_10_28_153950_update_faq_sos_table', 1),
(82, '2020_10_28_161747_update_sos_table', 1),
(83, '2020_11_06_065342_create_promo_users_table', 1),
(84, '2020_11_06_103337_update_users_table_for_language', 1),
(85, '2020_11_06_133358_create_driver_availabilities_table', 1),
(86, '2020_11_07_121107_update_requests_table_for_promo', 1),
(87, '2020_11_12_064123_update_driver_availabilities_table', 1),
(88, '2020_11_17_072402_create_owner_needed_documents_table', 1),
(89, '2020_11_17_072445_create_owner_documents_table', 1),
(90, '2020_11_27_093556_create_fleets_table', 1),
(91, '2020_11_27_094652_create_fleet_documents_table', 1),
(92, '2021_01_12_114548_create_owner_hired_drivers_table', 1),
(93, '2021_01_13_103647_create_driver_privileged_vehicles_table', 1),
(94, '2021_02_06_172857_update_driver_needed_doc_table_doc_type_column', 1),
(95, '2021_04_12_065445_create_chats_table', 1),
(96, '2021_04_17_121220_update_zone_table_for_lat_lng', 1),
(97, '2021_04_23_051520_create_package_types_table', 1),
(98, '2021_04_23_063315_create_zone_type_package_prices_table', 1),
(99, '2021_04_29_081407_create_adhocs_table', 1),
(100, '2021_05_06_134745_update_drivers_table', 1),
(101, '2021_05_06_140618_update_owners_table', 1),
(102, '2021_05_23_032638_create_request_cancellation_fees_table', 1),
(103, '2021_05_27_095307_update_owner_needed_doc_table', 1),
(104, '2021_05_31_073050_update_drivers_country_table', 1),
(105, '2021_06_11_051347_create_favourite_locations_table', 1),
(106, '2021_06_16_050813_update_package_types_table', 1),
(107, '2021_06_30_130444_update_vehicle_types_table', 1),
(108, '2021_07_14_060523_update_types_for_short_description', 1),
(109, '2021_07_14_073830_update_request_for_book_other_features', 1),
(110, '2021_07_15_061940_update_requests_table_for_instant_ride', 1),
(111, '2021_07_23_065242_update_requests_for_ride_otp', 1),
(112, '2021_07_30_065843_update_requests_for_rental_out_station', 1),
(113, '2021_08_13_052221_create_airports_table', 1),
(114, '2021_08_14_162720_update_requests_bill_for_airport_fee', 1),
(115, '2021_10_29_095020_update_package_type_table', 1),
(116, '2021_10_30_084900_update_zone_type_for_sorting_table', 1),
(117, '2021_11_15_064009_create_users_bank_info_table', 1),
(118, '2021_11_25_114027_create_wallet_withdrawal_requests_table', 1),
(119, '2021_12_01_154530_update_drivers_fleet_id_column', 1),
(120, '2022_01_24_120705_update_countries_table', 1),
(121, '2022_02_03_061635_update_requests_table_for_eta_amount', 1),
(122, '2022_03_21_162059_create_driver_subscriptions_table', 1),
(123, '2022_04_04_125459_update_zone_type_price_table_for_waiting_fare', 1),
(124, '2022_04_05_054928_create_driver_rejected_requests_table', 1),
(125, '2022_04_06_071240_update_drivers_for_vehicle_year', 1),
(126, '2022_04_07_120855_update_requests_bill_table_for_waiting_time', 1),
(127, '2022_04_08_134043_update_requests_bills_for_waiting_time_updates', 1),
(128, '2022_05_21_122431_update_is_taxi_to_vehicle_types_table', 1),
(129, '2022_06_27_094446_update_requests_for_surge_price_fixes_table', 1),
(130, '2022_07_04_143548_create_owner_wallets_table', 1),
(131, '2022_07_04_143845_create_owner_wallet_histories_table', 1),
(132, '2022_08_04_123301_update_fleets_table_for_color', 1),
(133, '2022_08_08_065316_update_fleets_for_driver_id', 1),
(134, '2022_08_08_112328_create_fleet_needed_documents_table', 1),
(135, '2022_08_09_053759_update_is_individual_to_driver_needed_documents_table', 1),
(136, '2022_08_10_045240_update_document_id_to_fleet_documents_table', 1),
(137, '2022_08_10_052655_update_document_status_to_fleet_documents_table', 1),
(138, '2022_08_10_130638_update_comment_to_fleet_documents_table', 1),
(139, '2022_08_11_105802_update_fleet_documents_for_identify_number', 1),
(140, '2022_08_11_114109_update_request_for_owner_and_fleet_id', 1),
(141, '2022_08_11_123449_update_withdrawal_request_table_for_owner_id', 1),
(142, '2022_08_11_124534_update_complaints_table_for_owner', 1),
(143, '2022_08_12_073010_create_frontpage_header_table', 1),
(144, '2022_09_09_093924_remove_service_location_id_to_faqs_table', 1),
(145, '2022_10_28_070741_add_driver_referrad_by_column_to_users_table', 2);

-- --------------------------------------------------------

--
-- Table structure for table `mobile_builds`
--

CREATE TABLE `mobile_builds` (
  `id` int(10) UNSIGNED NOT NULL,
  `project_name` varchar(191) COLLATE utf8mb4_unicode_ci NOT NULL,
  `build_number` varchar(191) COLLATE utf8mb4_unicode_ci NOT NULL,
  `project_id` int(10) UNSIGNED NOT NULL,
  `flavour_id` int(10) UNSIGNED NOT NULL,
  `team` enum('android','ios') COLLATE utf8mb4_unicode_ci NOT NULL,
  `version` varchar(191) COLLATE utf8mb4_unicode_ci NOT NULL,
  `environment` varchar(191) COLLATE utf8mb4_unicode_ci NOT NULL,
  `file_size` varchar(191) COLLATE utf8mb4_unicode_ci NOT NULL,
  `download_link` varchar(191) COLLATE utf8mb4_unicode_ci NOT NULL,
  `uploaded_by` varchar(191) COLLATE utf8mb4_unicode_ci DEFAULT NULL,
  `additional_comments` varchar(191) COLLATE utf8mb4_unicode_ci DEFAULT NULL,
  `active` tinyint(1) NOT NULL DEFAULT 1,
  `created_at` timestamp NULL DEFAULT NULL,
  `updated_at` timestamp NULL DEFAULT NULL
) ENGINE=InnoDB DEFAULT CHARSET=utf8mb4 COLLATE=utf8mb4_unicode_ci;

-- --------------------------------------------------------

--
-- Table structure for table `mobile_otp_verifications`
--

CREATE TABLE `mobile_otp_verifications` (
  `id` char(36) COLLATE utf8mb4_unicode_ci NOT NULL,
  `mobile` varchar(18) COLLATE utf8mb4_unicode_ci NOT NULL,
  `otp` varchar(191) COLLATE utf8mb4_unicode_ci DEFAULT NULL,
  `verified` tinyint(1) NOT NULL DEFAULT 0,
  `created_at` timestamp NULL DEFAULT NULL,
  `updated_at` timestamp NULL DEFAULT NULL
) ENGINE=InnoDB DEFAULT CHARSET=utf8mb4 COLLATE=utf8mb4_unicode_ci;

-- --------------------------------------------------------

--
-- Table structure for table `notifications`
--

CREATE TABLE `notifications` (
  `id` char(36) COLLATE utf8mb4_unicode_ci NOT NULL,
  `push_enum` varchar(191) COLLATE utf8mb4_unicode_ci NOT NULL,
  `title` varchar(191) COLLATE utf8mb4_unicode_ci NOT NULL,
  `body` longtext COLLATE utf8mb4_unicode_ci NOT NULL,
  `image` varchar(191) COLLATE utf8mb4_unicode_ci DEFAULT NULL,
  `data` longtext COLLATE utf8mb4_unicode_ci DEFAULT NULL,
  `for_user` tinyint(1) NOT NULL DEFAULT 0,
  `for_driver` tinyint(1) NOT NULL DEFAULT 0,
  `created_at` timestamp NULL DEFAULT NULL,
  `updated_at` timestamp NULL DEFAULT NULL,
  `deleted_at` timestamp NULL DEFAULT NULL
) ENGINE=InnoDB DEFAULT CHARSET=utf8mb4 COLLATE=utf8mb4_unicode_ci;

--
-- Dumping data for table `notifications`
--

INSERT INTO `notifications` (`id`, `push_enum`, `title`, `body`, `image`, `data`, `for_user`, `for_driver`, `created_at`, `updated_at`, `deleted_at`) VALUES
('0c4929f4-4df3-44f0-a99c-ac8793ec974a', 'general_notification', 'Try', 'Yyy', NULL, NULL, 0, 1, '2022-11-27 11:39:09', '2022-11-27 11:39:09', NULL),
('f265c269-746e-462d-ac3e-8996870e8fb5', 'general_notification', 'Try', 'Yyyy', NULL, NULL, 0, 1, '2022-11-27 11:39:29', '2022-11-27 11:39:29', NULL);

-- --------------------------------------------------------

--
-- Table structure for table `oauth_access_tokens`
--

CREATE TABLE `oauth_access_tokens` (
  `id` varchar(100) COLLATE utf8mb4_unicode_ci NOT NULL,
  `user_id` bigint(20) UNSIGNED DEFAULT NULL,
  `client_id` bigint(20) UNSIGNED NOT NULL,
  `name` varchar(191) COLLATE utf8mb4_unicode_ci DEFAULT NULL,
  `scopes` text COLLATE utf8mb4_unicode_ci DEFAULT NULL,
  `revoked` tinyint(1) NOT NULL,
  `created_at` timestamp NULL DEFAULT NULL,
  `updated_at` timestamp NULL DEFAULT NULL,
  `expires_at` datetime DEFAULT NULL
) ENGINE=InnoDB DEFAULT CHARSET=utf8mb4 COLLATE=utf8mb4_unicode_ci;

--
-- Dumping data for table `oauth_access_tokens`
--

INSERT INTO `oauth_access_tokens` (`id`, `user_id`, `client_id`, `name`, `scopes`, `revoked`, `created_at`, `updated_at`, `expires_at`) VALUES
('02f867a82695b151ef690ce074a61bec4b0e8079fa17e8747356b5bc4c4823f207ba0f106db5963b', 31, 1, NULL, '[]', 0, '2022-12-04 06:59:28', '2022-12-04 06:59:28', '2023-12-04 12:29:28'),
('035366083a733d99b2524128fb2bcf54ba6bedac148e10f548693b67bb2dd9aba25fb82bd2fdcd90', 19, 1, NULL, '[]', 0, '2022-12-04 06:57:50', '2022-12-04 06:57:50', '2023-12-04 12:27:50'),
('0390a09e2b3fb8b8e9adf16afd41a1d975421b097dedb8bf47372ec5b9eb8c88aacee838a6821541', 12, 1, NULL, '[]', 0, '2022-12-04 06:49:27', '2022-12-04 06:49:27', '2023-12-04 12:19:27'),
('039867dc0818bedbd21d85fb7132d278079d2ba38cf2edf305306e393bbd4e214008c25826a4d9f9', 32, 1, 'personal_access', '[]', 0, '2022-12-05 12:22:27', '2022-12-05 12:22:27', '2023-12-05 17:52:27'),
('05b91bb624b09a9a530e4558b8e66116ca8b1ba85753f2366514641fcf6fef6020819b53560602f5', 24, 1, 'personal_access', '[]', 0, '2022-11-29 00:58:17', '2022-11-29 00:58:17', '2023-11-29 06:28:17'),
('0654dc8a264441020cd40d3152fda8750377de7e06c9a723bf1555dd37c7c2aa8160bb13e41d3f02', 2, 1, NULL, '[]', 1, '2022-11-27 11:13:06', '2022-11-27 11:13:06', '2023-11-27 16:43:06'),
('0897f28c84850fc3a77f783f0bb4009af0a15d9ac1dafc264a6d74886aa7698be6f9286e7280e215', 21, 1, 'personal_access', '[]', 0, '2022-11-28 12:29:24', '2022-11-28 12:29:24', '2023-11-28 17:59:24'),
('08cb6ee8af332a359acb746c7f05cde98ff9941e9ad7dc85719e126f853163d9a05820885438903b', 13, 1, 'personal_access', '[]', 0, '2022-11-25 13:18:50', '2022-11-25 13:18:50', '2023-11-25 18:48:50'),
('095f45dd505700a1004481b4c6ec02b7a9bf7bba287579dd4eacecfc6164fe718cbc419aaea1c6f2', 31, 1, NULL, '[]', 0, '2022-12-05 12:21:27', '2022-12-05 12:21:27', '2023-12-05 17:51:27'),
('0f86194c52f0f0abf914733073f1f998a9e86307a82d29d501452be2a1fcd34ea3dc8feb25e94fb2', 19, 1, NULL, '[]', 0, '2022-12-05 12:21:40', '2022-12-05 12:21:40', '2023-12-05 17:51:40'),
('125ae4a2fe807472e01f291a762d734199855cc9cd7e68cd7d5e5ed2380d2e483f55ece1a40afa5c', 16, 1, NULL, '[]', 0, '2022-11-28 05:21:11', '2022-11-28 05:21:11', '2023-11-28 10:51:11'),
('138dcd87e89f787ef5a6c085dcd20fa0e3455235275f27b6107db836a5b0825525e0538cc855fa1c', 17, 1, NULL, '[]', 0, '2022-11-28 06:20:43', '2022-11-28 06:20:43', '2023-11-28 11:50:43'),
('1449c81db1ad1f2c132759de06341aa5e65ad838db5ad831871fc64ac8ebb0673593c843cba2fd60', 10, 1, 'personal_access', '[]', 0, '2022-11-25 07:59:16', '2022-11-25 07:59:16', '2023-11-25 13:29:16'),
('1507c9903c4a25a7793759737368c9cf50a25119282a374c6cc9c6e68f7670239826f6094fddcdb4', 18, 1, 'personal_access', '[]', 0, '2022-11-28 09:27:26', '2022-11-28 09:27:26', '2023-11-28 14:57:26'),
('16384a0fadb1c6a5d5f335eb17761d25f81dc6b384920496e857899c9d303f8fe1729d268b8d57a5', 25, 1, NULL, '[]', 0, '2022-11-29 01:01:23', '2022-11-29 01:01:23', '2023-11-29 06:31:23'),
('180aaedbe77c83b6af2ee869936251fb51dbf4a5f00f4c8a7c2fe287fee2921569da705a9be2e4ec', 24, 1, NULL, '[]', 0, '2022-11-29 00:58:17', '2022-11-29 00:58:17', '2023-11-29 06:28:17'),
('18f8fe1a827bce1e90d17b92e44f679d59c1c946bdbddd24ea22da74221a6a39229bbb7369a3027a', 28, 1, 'personal_access', '[]', 0, '2022-11-29 01:53:33', '2022-11-29 01:53:33', '2023-11-29 07:23:33'),
('1a596c733b09fa0be66c36f71a4e88790a0a0cb244b835c46e2185da7bd9ff3911c12ecf9bba064e', 12, 1, NULL, '[]', 0, '2022-11-25 13:42:17', '2022-11-25 13:42:17', '2023-11-25 19:12:17'),
('1b6fc2a462fc1de1b0286bb4a351dd31e45e8d198cbd0395ad2ba14cfdcd7ae35e9271361b2d61be', 19, 1, 'personal_access', '[]', 0, '2022-12-05 12:21:40', '2022-12-05 12:21:40', '2023-12-05 17:51:40'),
('1d156a99be4cc3e67f3ad5b37d883730d987d9f8b7b9da7668835b7b3a108f2a39d916b89909d372', 10, 1, 'personal_access', '[]', 0, '2022-11-25 02:10:56', '2022-11-25 02:10:56', '2023-11-25 07:40:56'),
('1d1f18c914cdb1fb61d8f5d53fb3d16b14d3ca1deb41d33bcd87921dd4e552a294c6f5bb10403e93', 31, 1, 'personal_access', '[]', 0, '2022-12-04 06:59:28', '2022-12-04 06:59:28', '2023-12-04 12:29:28'),
('1e491f8a2e8a13f3d4879d560e02a1dbdabb2649965395b7ec07659f662b133e21526eb7e5319d79', 2, 1, 'personal_access', '[]', 0, '2022-11-27 11:13:06', '2022-11-27 11:13:06', '2023-11-27 16:43:06'),
('20b60f32cde184592f6a26395d81cb8f32302a96a55e1b356952ef62a06c1af9ecc042b51926da0d', 10, 1, 'personal_access', '[]', 0, '2022-11-25 07:37:57', '2022-11-25 07:37:57', '2023-11-25 13:07:57'),
('218114967f8c47c917d6dfa12088eb508f58ce6c78803d58a01f8662fc69f35ff4c071aa2d155074', 2, 1, NULL, '[]', 1, '2022-11-28 12:14:40', '2022-11-28 12:14:40', '2023-11-28 17:44:40'),
('223c7a3d03f654d95c013c12340a29b58e727dd44bce6e464cd44d859c8b812d4f06c008d11ab25e', 23, 1, NULL, '[]', 0, '2022-11-29 00:47:55', '2022-11-29 00:47:55', '2023-11-29 06:17:55'),
('22e93a424a11228c93296c14a35122139c49e74a3e9318ee92b7ac7874139642a38b76335df1e7e7', 22, 1, NULL, '[]', 0, '2022-11-28 12:29:24', '2022-11-28 12:29:24', '2023-11-28 17:59:24'),
('242d2fb14213a1a01a0ecd1e925c6a357e0b027f0599e08dd66977ae2ff07a32d67975bc0c14c498', 27, 1, 'personal_access', '[]', 0, '2022-11-29 01:42:21', '2022-11-29 01:42:21', '2023-11-29 07:12:21'),
('24604411026c80a0fb4655663014c2a605477dec414264eb66722a04a40ffca8fe85bb408455fb88', 23, 1, 'personal_access', '[]', 0, '2022-11-29 00:47:55', '2022-11-29 00:47:55', '2023-11-29 06:17:55'),
('26380adaac32c6b552e793f814cc9bb822be5deada2ee5a861c9675d10b3b410b59c5d24a850fca4', 11, 1, NULL, '[]', 1, '2022-11-25 07:34:51', '2022-11-25 07:34:51', '2023-11-25 13:04:51'),
('28f08242989bd94d8d7ad5103cb69d1bca52d6f64b2ee6cd852da515b59763aa2cc463d389384a13', 12, 1, 'personal_access', '[]', 0, '2022-11-25 13:42:15', '2022-11-25 13:42:15', '2023-11-25 19:12:15'),
('2badda02d391fbdcbbd60fce6117e36a21a7d495ed843cb1017002f17c0f26926d77ff3930329935', 29, 1, NULL, '[]', 1, '2022-11-29 03:19:07', '2022-11-29 03:19:07', '2023-11-29 08:49:07'),
('2cc5069647e6a0232dec56c693718b30ef6e4d83fa05ef00e7c42bfe5f21442535649dc5f02182d5', 14, 1, 'personal_access', '[]', 0, '2022-11-27 11:12:22', '2022-11-27 11:12:22', '2023-11-27 16:42:22'),
('2efe618c8ef43f451ad1971c930221e0ca2e2ed485930093b82c8978b90ae317060e5d8b21613848', 2, 1, 'personal_access', '[]', 0, '2022-12-04 06:55:21', '2022-12-04 06:55:21', '2023-12-04 12:25:21'),
('2f69062d7e26a5a7d7491fe8017a3a3b9c9754b9561e86868d0ecddef5f43062bb72cf81abcc273d', 11, 1, 'personal_access', '[]', 0, '2022-11-25 07:34:51', '2022-11-25 07:34:51', '2023-11-25 13:04:51'),
('2ff88f726149b67cb28142ea8a0300e08ba077f521683fcae60684b88d8be6c5edcfcafd09baa5fb', 10, 1, NULL, '[]', 1, '2022-11-25 02:10:56', '2022-11-25 02:10:56', '2023-11-25 07:40:56'),
('35e7c6fca8ca1069a6b5643acf0491c65a9ad652b1db4aca3716b7f1b83ecbf85ee2e31aefcec627', 2, 1, 'personal_access', '[]', 0, '2022-11-23 09:36:59', '2022-11-23 09:36:59', '2023-11-23 15:06:59'),
('3640ed900786a15c868186ef3b2f41aff57f786684d24af62c5130efea457d570706f0f644fd0be8', 13, 1, NULL, '[]', 1, '2022-11-25 13:18:50', '2022-11-25 13:18:50', '2023-11-25 18:48:50'),
('3674d9d063508b213df9e0374c7b19c435ca0b8f402f7c86c5d4d3556dfd8fb0ef92aee4906c5212', 26, 1, NULL, '[]', 0, '2022-11-29 01:12:52', '2022-11-29 01:12:52', '2023-11-29 06:42:52'),
('370a9907a8e2eda7975a9e47e5bde6b9a0624b2f5e64b8e9fb10a190cc457d8c888e5c0910d2b5f0', 2, 1, NULL, '[]', 0, '2022-11-19 02:12:36', '2022-11-19 02:12:36', '2023-11-19 07:42:36'),
('380625559a6fd2c07e6c63ec70fab6454f9c7e6e29bb986f6d5c028f746f05af14ac772c4721c132', 2, 1, 'personal_access', '[]', 0, '2022-11-19 02:10:16', '2022-11-19 02:10:16', '2023-11-19 07:40:16'),
('3846489c7352682ec07b5e95125a35f2878d799e4a4d6b178869b7114955c478de50acaf87b38419', 16, 1, NULL, '[]', 0, '2022-11-28 05:19:42', '2022-11-28 05:19:42', '2023-11-28 10:49:42'),
('3f00d90f4767f225c8bc9f0061c5ef11c62935024c9460ddc64643add34860411e3fd9fbdeeffd1e', 28, 1, NULL, '[]', 0, '2022-11-29 01:53:33', '2022-11-29 01:53:33', '2023-11-29 07:23:33'),
('3f1e68611157cb332dc1afe412d9b58263257593df646dd3aa50b08f5e69a680528ee287bc58bd63', 20, 1, 'personal_access', '[]', 0, '2022-11-28 12:03:08', '2022-11-28 12:03:08', '2023-11-28 17:33:08'),
('3fa49aca516f084d2c7a7d4bea4a55675448386977535d0f9fa0594f9afd941b7e7b9388f376ea3d', 18, 1, 'personal_access', '[]', 0, '2022-11-28 11:29:43', '2022-11-28 11:29:43', '2023-11-28 16:59:43'),
('40b3dc6c75c5080ffa1f5c838272c2b5c01a79a660aceff65f26c8b56e4c2076edd133b262d7c5e1', 30, 1, NULL, '[]', 0, '2022-11-29 03:15:46', '2022-11-29 03:15:46', '2023-11-29 08:45:46'),
('40ca7297482ff9f31ed1cb973ca0558d665240a0b7fbc16b3b8a66d1073d6896c0ccd9053ac17f6a', 17, 1, 'personal_access', '[]', 0, '2022-11-28 06:20:43', '2022-11-28 06:20:43', '2023-11-28 11:50:43'),
('41dc021456308d50e76dca7cc8df2c4aa6723570af8533e66a35de5f8471d4266dd4fa0fc8d0da3e', 31, 1, 'personal_access', '[]', 0, '2022-12-05 12:21:27', '2022-12-05 12:21:27', '2023-12-05 17:51:27'),
('4267a2df2faf749800f09c800b38b2d41d3b846708e8e08f9f4172c1db48475a92b1a8fad452c7b6', 2, 1, 'personal_access', '[]', 0, '2022-11-28 11:13:03', '2022-11-28 11:13:03', '2023-11-28 16:43:03'),
('439b47df80f9803f6527f601c5a34b9556dd01dc087124ac310f615dfcab896fa52d44d5d7a2afe4', 9, 1, 'personal_access', '[]', 0, '2022-11-28 09:20:58', '2022-11-28 09:20:58', '2023-11-28 14:50:58'),
('45aad1e3eb1feb40a0c52ef482929b5f79b474b96c41aabd0d86d230c99a6a92632ad534f98112f6', 29, 1, NULL, '[]', 0, '2022-12-04 06:56:27', '2022-12-04 06:56:27', '2023-12-04 12:26:27'),
('466ebaf114b2f29b0c4dd8dadcb2e5118887f39cbe70c5b14ff27d092144d1d9a095b9b29fea7a91', 21, 1, NULL, '[]', 0, '2022-11-28 12:29:24', '2022-11-28 12:29:24', '2023-11-28 17:59:24'),
('4858e9632a117403ee5939e0a13dbb51c95d947eec0ecc4febb3365af7dcd5a0c5f71f690d07670f', 2, 1, 'personal_access', '[]', 0, '2022-11-19 02:12:36', '2022-11-19 02:12:36', '2023-11-19 07:42:36'),
('4a98686fe5f43aabcd07d30e7b8310276dcf3af5b2df2c9d1a4ac6b46e5876a7fdfdd6429d5990a5', 2, 1, NULL, '[]', 1, '2022-12-04 06:55:21', '2022-12-04 06:55:21', '2023-12-04 12:25:21'),
('4ee054ad69d2d0d1b0e87d4eeadcf2a9e3833f61b6fc678f071f3c5a1071b49b4b8da9a78e493463', 19, 1, NULL, '[]', 0, '2022-11-28 10:24:08', '2022-11-28 10:24:08', '2023-11-28 15:54:08'),
('50da8ce499149f9bc7dfbcffd374b6786f4027655dc6ae5b8c18a4984083aa4dddb6f162a0a2e091', 20, 1, NULL, '[]', 1, '2022-11-28 12:31:31', '2022-11-28 12:31:31', '2023-11-28 18:01:31'),
('520c798b080e907ab764c7d67085c1f3f54fc115326af0d98f5999dc91f66b2daeadac85c8f48039', 30, 1, 'personal_access', '[]', 0, '2022-11-29 03:15:46', '2022-11-29 03:15:46', '2023-11-29 08:45:46'),
('55096647c9b70e956d6c12ae5fe7fce5bccb19f1637a8e29a3003a2b7238030d124ffe786e84811b', 12, 1, 'personal_access', '[]', 0, '2022-11-28 06:10:34', '2022-11-28 06:10:34', '2023-11-28 11:40:34'),
('560259adb948aed3f8f1b7ab4caa946fd498506370807b6a0f2308dfe62b2ef31d957da4d91f1f6c', 2, 1, NULL, '[]', 1, '2022-11-23 09:37:00', '2022-11-23 09:37:00', '2023-11-23 15:07:00'),
('5b5597c0193c35ed48049e28da8555cf2795c9e7e8a9e4ee84d77542e95aeb91a8996f4cd9285b0e', 10, 1, NULL, '[]', 0, '2022-11-29 08:10:32', '2022-11-29 08:10:32', '2023-11-29 13:40:32'),
('5c9b8a34e29fa39bdc79530f437ad69cb0db53cd0e918d5ecc2889e450cf74955bf59ea928ec55b4', 27, 1, NULL, '[]', 0, '2022-11-29 01:42:21', '2022-11-29 01:42:21', '2023-11-29 07:12:21'),
('5ce69ed0ca62cd7e4a73634e42f68fb28cc3b9bc49e1f114eced81b1b6c5ada31723c1e063f8e607', 10, 1, NULL, '[]', 1, '2022-11-25 13:52:37', '2022-11-25 13:52:37', '2023-11-25 19:22:37'),
('60e6b23e9286ea59b0d286458d7e185e81f8dfb4400200c1dcb4fb64a535b250707fadc1c1936fa4', 12, 1, 'personal_access', '[]', 0, '2022-12-04 06:49:27', '2022-12-04 06:49:27', '2023-12-04 12:19:27'),
('6a4f78cb8e2a0c7d06135062822e0424cce9d5260855e7acc5fc507df19ef9eaf45e6224bc94bced', 12, 1, 'personal_access', '[]', 0, '2022-11-25 12:25:56', '2022-11-25 12:25:56', '2023-11-25 17:55:56'),
('6b7a311f19e9914d7bc0c9ac395942a189ba5570b722b27d0acce98df65b35ba8af747b8d9bb0a39', 12, 1, NULL, '[]', 1, '2022-11-28 12:34:00', '2022-11-28 12:34:00', '2023-11-28 18:04:00'),
('6bed0901d9050ff8e371f6226d4aa34424f9a0efc44c354475c67232567c234755f513ef8c229892', 20, 1, NULL, '[]', 1, '2022-11-28 12:27:20', '2022-11-28 12:27:20', '2023-11-28 17:57:20'),
('6e71ad104572357f3dcdc55dab69df23cf4fb0136b20cb0730d56376bb5dce26e966fd2fe3f4ed9b', 2, 1, NULL, '[]', 1, '2022-11-28 05:21:35', '2022-11-28 05:21:35', '2023-11-28 10:51:35'),
('6f641a88bd47c2ddeff30b2c1939090c409920e32948b85811220607e43c6242dc2da263c6f9aa0d', 32, 1, NULL, '[]', 0, '2022-12-05 12:22:27', '2022-12-05 12:22:27', '2023-12-05 17:52:27'),
('6ff510e47f8fadfdab85bfc145f59b62a68c720b6fa87c7d6fc254c44dd0d29dd919986cb7be6ee8', 19, 1, 'personal_access', '[]', 0, '2022-12-04 06:58:07', '2022-12-04 06:58:07', '2023-12-04 12:28:07'),
('7d13690a1095f567741ae2846993b05ab65da3025c11d5322b41572e7bf788c4c4022cc89491295a', 18, 1, NULL, '[]', 1, '2022-12-04 06:53:30', '2022-12-04 06:53:30', '2023-12-04 12:23:30'),
('81007f0a2472eb008bfa962434c53d3671db5e429512331a3c0a6a50339e12fbc091c785c00ebfa7', 25, 1, 'personal_access', '[]', 0, '2022-11-29 01:01:23', '2022-11-29 01:01:23', '2023-11-29 06:31:23'),
('88c724e4d50e397189f876a418a782890fb36eaf88eccdb694bf66e0484734147cc79359c0ea6b4b', 18, 1, NULL, '[]', 1, '2022-11-28 11:29:43', '2022-11-28 11:29:43', '2023-11-28 16:59:43'),
('894221fbcc922fbde58a1500d1021606772037daa9152e511d6937653eb7180d82f0c094eff8936f', 2, 1, 'personal_access', '[]', 0, '2022-11-28 12:14:40', '2022-11-28 12:14:40', '2023-11-28 17:44:40'),
('8f5f0d8cb71ae4ff9968cca0d44b5365e6e55024499d1a59b70a4429a1281dd929ecfd473b366fea', 16, 1, 'personal_access', '[]', 0, '2022-11-28 05:21:11', '2022-11-28 05:21:11', '2023-11-28 10:51:11'),
('8fb22ecf0b4fada1bf97c2735291582703c00f6bb55ea2d81475de2f3571a590e6eadd636855bc9d', 29, 1, 'personal_access', '[]', 0, '2022-11-29 03:07:00', '2022-11-29 03:07:00', '2023-11-29 08:37:00'),
('90223eadde28271967c68f8e48e304e2969cc40a63a68bd3e9051f475200518c524903c93e473c4d', 19, 1, 'personal_access', '[]', 0, '2022-11-28 10:24:08', '2022-11-28 10:24:08', '2023-11-28 15:54:08'),
('914f8202d327d74e08c58263ebfa45e0b354527c2d78d73c36ac51d692567c196e0d1b297f6efb2e', 2, 1, NULL, '[]', 0, '2022-11-19 02:10:16', '2022-11-19 02:10:16', '2023-11-19 07:40:16'),
('93b5ece57460ecb2b5433241767c83447fa273617ed901e1a19d96709946ddaaaf2c1c0ecf0a5a29', 20, 1, NULL, '[]', 1, '2022-11-28 12:03:08', '2022-11-28 12:03:08', '2023-11-28 17:33:08'),
('941cc702908d9eda47125d266ed61d9c56677aea2b90d1d432216ec699935d8763d281b1b8248420', 19, 1, NULL, '[]', 0, '2022-12-04 06:58:07', '2022-12-04 06:58:07', '2023-12-04 12:28:07'),
('96bf3ac55b359dce4564a590aa5c8f2da4dfbbceb900e3b4deab7246c6e26f1e6e887561a0a4cca3', 12, 1, NULL, '[]', 1, '2022-11-28 06:10:34', '2022-11-28 06:10:34', '2023-11-28 11:40:34'),
('97d9aab42c1c2d22ca999b6b8ca5bf8cd6d513b08e6f53688f9972880ee9e345a9d7a31038851dc4', 12, 1, NULL, '[]', 0, '2022-11-25 12:25:56', '2022-11-25 12:25:56', '2023-11-25 17:55:56'),
('995b51cc7fcd3c420d394a84303a41275cba9abb59c91d1f59aa5ea1909c8b65dd35317c13fde727', 26, 1, 'personal_access', '[]', 0, '2022-11-29 01:12:52', '2022-11-29 01:12:52', '2023-11-29 06:42:52'),
('a1b0a971d7cb7dd9cc3c016ab235fc33fdbde429f6f2d23725ff7efcb7875e98d0c9520decd1e234', 12, 1, 'personal_access', '[]', 0, '2022-11-28 12:34:00', '2022-11-28 12:34:00', '2023-11-28 18:04:00'),
('a9edacd6f8ccdab6a51c64f49597deb99d5dab053a331efaeee8dee2cf4b8182055bc5e4de175145', 10, 1, NULL, '[]', 1, '2022-11-25 07:37:57', '2022-11-25 07:37:57', '2023-11-25 13:07:57'),
('ad8ee6bfdde43065d7c8dc8191788b0bdad1aa78035e668e1e3a7b3bcd32022a220c05e5e139b526', 20, 1, 'personal_access', '[]', 0, '2022-11-29 05:41:40', '2022-11-29 05:41:40', '2023-11-29 11:11:40'),
('ad9e57de0e6f767df4f954a318405a65e478e5859fbf77ae9948cabced346668ec15c260addad606', 19, 1, 'personal_access', '[]', 0, '2022-12-04 06:58:29', '2022-12-04 06:58:29', '2023-12-04 12:28:29'),
('b16eb2eb6d58a4f0fe346b07cc5d440b86e7ad918d09ea8e57c9e273ca610700900971bb18dd315f', 2, 1, 'personal_access', '[]', 0, '2022-11-28 05:21:35', '2022-11-28 05:21:35', '2023-11-28 10:51:35'),
('b3ff64fc84610af7353652356456ee7533401ec470736fb82cede858106ef87aca7c78e6c5023038', 9, 1, 'personal_access', '[]', 0, '2022-11-23 09:54:06', '2022-11-23 09:54:06', '2023-11-23 15:24:06'),
('b4be0f41640df64d3297a25e39dcb2d2df3ddd915389c7c6455c197ea10e1c7f345c52da28794629', 20, 1, 'personal_access', '[]', 0, '2022-11-28 12:31:31', '2022-11-28 12:31:31', '2023-11-28 18:01:31'),
('b85e412c793765de52aa98ce0dfdc09971ac2ffabbdccd7e1979adb03ac1614f3c4ce2c86c86b7cd', 2, 1, NULL, '[]', 1, '2022-11-28 11:13:03', '2022-11-28 11:13:03', '2023-11-28 16:43:03'),
('bc11e601d2cf47abb05c6f0d867c972974af6f09b713c24f851a0fdf370ad351a2e0fc5bc8960647', 14, 1, NULL, '[]', 0, '2022-11-27 11:12:22', '2022-11-27 11:12:22', '2023-11-27 16:42:22'),
('bcf82a005ab3f097182d64cce13b9915734b38a27b329ecd82e92b175c68f885d4456636a8a42b54', 29, 1, 'personal_access', '[]', 0, '2022-12-04 06:56:27', '2022-12-04 06:56:27', '2023-12-04 12:26:27'),
('bea256b6bd1bebdd36d41e88d34a28f7aef95bf26d36f5f5864373ae7e2a5f3f4ca75a6cd1ce8dd1', 10, 1, 'personal_access', '[]', 0, '2022-11-29 08:10:32', '2022-11-29 08:10:32', '2023-11-29 13:40:32'),
('bfc695664c6a6c80c2000227b14cb77cf610eeca209e288fb34198a8b8fdc17440532e29b31d9c3b', 19, 1, NULL, '[]', 0, '2022-12-04 06:58:29', '2022-12-04 06:58:29', '2023-12-04 12:28:29'),
('c3fc9f8bcca7d068503074292c68bc3c52782c366c2133b4c9c895ded0eff9a9afeaff66c9bf5df5', 29, 1, NULL, '[]', 0, '2022-11-29 03:07:00', '2022-11-29 03:07:00', '2023-11-29 08:37:00'),
('c7f3a46ec838de37b9c6948ef98ff73112d0e36a6e0a789fcd0dada8df2b3a1189c2e0089ef057c5', 18, 1, 'personal_access', '[]', 0, '2022-12-04 06:53:30', '2022-12-04 06:53:30', '2023-12-04 12:23:30'),
('c83e32723eb52ad44668f6b1fa2aed1bf806cbb2102e3213c170bb89eb1735ef89f04afce5405b22', 9, 1, NULL, '[]', 0, '2022-11-28 09:20:58', '2022-11-28 09:20:58', '2023-11-28 14:50:58'),
('ccf790b0fc4868917470ac6603510ff21d56d09f4039e33d7735d0f4e38881769ec99ab5faf0bb24', 10, 1, NULL, '[]', 0, '2022-11-25 12:28:17', '2022-11-25 12:28:17', '2023-11-25 17:58:17'),
('cf59b0c343ea2af61b95f5431e93701f265a7ed3fe1d374911704c48d16591b66da3bf1b7d15436d', 10, 1, 'personal_access', '[]', 0, '2022-11-25 12:28:17', '2022-11-25 12:28:17', '2023-11-25 17:58:17'),
('cfc21038e08a46683df3d392fbafbb580fa3c5bd8a5b76a720965103b57b18ecf63a77d75d9c4907', 19, 1, 'personal_access', '[]', 0, '2022-12-05 12:21:19', '2022-12-05 12:21:19', '2023-12-05 17:51:19'),
('d07b6ae907d0c4cb3922e10d86b7ffb56350658f49dfd7f5b35ca9c64398201180f0510dc0cd076f', 19, 1, NULL, '[]', 0, '2022-12-05 12:21:19', '2022-12-05 12:21:19', '2023-12-05 17:51:19'),
('d8005db312bb0677173a3d6f8721a7a0a7aeac44259fa322ec65538f558b229e3ee71a6e465bbaf6', 20, 1, NULL, '[]', 0, '2022-11-29 05:41:44', '2022-11-29 05:41:44', '2023-11-29 11:11:44'),
('da85f0ff4e69fb8414a441e73605d99d486e3804d933b847ebb178fb08778ff50bf4bbbfe68e41f9', 2, 1, 'personal_access', '[]', 0, '2022-11-25 13:22:23', '2022-11-25 13:22:23', '2023-11-25 18:52:23'),
('de217e9a0fa9174446b4da9a82f1ff1ce5472b53c1ab28b2e35803d47c241603ae72c46a59b7e536', 29, 1, 'personal_access', '[]', 0, '2022-11-29 03:19:07', '2022-11-29 03:19:07', '2023-11-29 08:49:07'),
('de475e854dfacd9d4b71029b56ce89cf2d7f2c0ccdedccdf1523be09664f2b0af01487f6f7b8020c', 18, 1, 'personal_access', '[]', 0, '2022-11-28 12:23:09', '2022-11-28 12:23:09', '2023-11-28 17:53:09'),
('dfae0b0df49cde251bc0f9d7addffc5d0536b9c60ed748fcc5920906ebe39d3ce12954f4d13122c2', 12, 1, NULL, '[]', 0, '2022-11-25 13:17:09', '2022-11-25 13:17:09', '2023-11-25 18:47:09'),
('e0d3f7c66f07580acbee8492b72e948d7aeb6b8da715b6df68ea2d974df79520fc3a672189ef8084', 22, 1, 'personal_access', '[]', 0, '2022-11-28 12:29:24', '2022-11-28 12:29:24', '2023-11-28 17:59:24'),
('e80a6bf699dfeb72f974a0db7c59d3ef72e241ea14227f042b6ecc02de3889d58d925e697a0b86c2', 9, 1, NULL, '[]', 0, '2022-11-23 09:54:06', '2022-11-23 09:54:06', '2023-11-23 15:24:06'),
('e9a9d601c632c538fcfd518149efa5b229e2f87161326036247e39b7d3b11611ec1ac0e44def3b64', 10, 1, 'personal_access', '[]', 0, '2022-11-25 13:52:37', '2022-11-25 13:52:37', '2023-11-25 19:22:37'),
('edffb2f53b628efdda7372df260813451b864671aeedbead38fbfe16d0c45157459271d3fb46a733', 19, 1, 'personal_access', '[]', 0, '2022-12-04 06:57:50', '2022-12-04 06:57:50', '2023-12-04 12:27:50'),
('efc35c478c61ec0ab8e5ee884c0355e0e932eca1f6d048a30b0520e952c24fe5f80cb4ebaac2b265', 18, 1, NULL, '[]', 1, '2022-11-28 12:23:09', '2022-11-28 12:23:09', '2023-11-28 17:53:09'),
('f3339354a232a18108ef658d260e8fab0fafa71de72319c034f50809dd5b176c943f5fb67924d39e', 10, 1, NULL, '[]', 0, '2022-11-25 07:59:16', '2022-11-25 07:59:16', '2023-11-25 13:29:16'),
('f33cdd960d487c31ab0cf4b960a4fd75400f2cbabec380235d1b1f6b7ae910e983860b7dbef49d8e', 2, 1, NULL, '[]', 1, '2022-11-25 13:22:23', '2022-11-25 13:22:23', '2023-11-25 18:52:23'),
('f4c7f98597cf6afb8ed70b8c688b65350891d9105dcb547c8ad9252265b3208f8c6bfa0ea007e7f8', 16, 1, 'personal_access', '[]', 0, '2022-11-28 05:19:42', '2022-11-28 05:19:42', '2023-11-28 10:49:42'),
('f510ca5bacfcacb93bbe0e52e44bbd141f9b9686a291c96cbc77735c396ef8b5442c6e58d2ba1fc5', 20, 1, 'personal_access', '[]', 0, '2022-11-28 12:27:20', '2022-11-28 12:27:20', '2023-11-28 17:57:20'),
('f534e48b4eea011709cf7491393c1f703dfd87ca447f3791ca161ca58147db85f284210862ae1f5f', 12, 1, 'personal_access', '[]', 0, '2022-11-25 13:17:09', '2022-11-25 13:17:09', '2023-11-25 18:47:09'),
('f8e8a5e2b23c5b0ff2ec85e12633561e255860c1e505db4efe9ca8a7bf1e2a6bf1b36a0d5206097a', 18, 1, NULL, '[]', 0, '2022-11-28 09:27:26', '2022-11-28 09:27:26', '2023-11-28 14:57:26');

-- --------------------------------------------------------

--
-- Table structure for table `oauth_auth_codes`
--

CREATE TABLE `oauth_auth_codes` (
  `id` varchar(100) COLLATE utf8mb4_unicode_ci NOT NULL,
  `user_id` bigint(20) UNSIGNED NOT NULL,
  `client_id` bigint(20) UNSIGNED NOT NULL,
  `scopes` text COLLATE utf8mb4_unicode_ci DEFAULT NULL,
  `revoked` tinyint(1) NOT NULL,
  `expires_at` datetime DEFAULT NULL
) ENGINE=InnoDB DEFAULT CHARSET=utf8mb4 COLLATE=utf8mb4_unicode_ci;

-- --------------------------------------------------------

--
-- Table structure for table `oauth_clients`
--

CREATE TABLE `oauth_clients` (
  `id` bigint(20) UNSIGNED NOT NULL,
  `user_id` bigint(20) UNSIGNED DEFAULT NULL,
  `name` varchar(191) COLLATE utf8mb4_unicode_ci NOT NULL,
  `secret` varchar(100) COLLATE utf8mb4_unicode_ci DEFAULT NULL,
  `provider` varchar(191) COLLATE utf8mb4_unicode_ci DEFAULT NULL,
  `redirect` text COLLATE utf8mb4_unicode_ci NOT NULL,
  `personal_access_client` tinyint(1) NOT NULL,
  `password_client` tinyint(1) NOT NULL,
  `revoked` tinyint(1) NOT NULL,
  `created_at` timestamp NULL DEFAULT NULL,
  `updated_at` timestamp NULL DEFAULT NULL
) ENGINE=InnoDB DEFAULT CHARSET=utf8mb4 COLLATE=utf8mb4_unicode_ci;

--
-- Dumping data for table `oauth_clients`
--

INSERT INTO `oauth_clients` (`id`, `user_id`, `name`, `secret`, `provider`, `redirect`, `personal_access_client`, `password_client`, `revoked`, `created_at`, `updated_at`) VALUES
(1, NULL, 'Laravel Personal Access Client', 'PQDzSsSGuj9yaqET341h3cu04Rql6MFhrVtEZliC', NULL, 'http://localhost', 1, 0, 0, '2022-10-15 04:54:34', '2022-10-15 04:54:34'),
(2, NULL, 'Laravel Password Grant Client', '0QlAJWQwivfY3uUShidYLKCgILbC1YWIh7RMRtOv', 'users', 'http://localhost', 0, 1, 0, '2022-10-15 04:54:34', '2022-10-15 04:54:34');

-- --------------------------------------------------------

--
-- Table structure for table `oauth_personal_access_clients`
--

CREATE TABLE `oauth_personal_access_clients` (
  `id` bigint(20) UNSIGNED NOT NULL,
  `client_id` bigint(20) UNSIGNED NOT NULL,
  `created_at` timestamp NULL DEFAULT NULL,
  `updated_at` timestamp NULL DEFAULT NULL
) ENGINE=InnoDB DEFAULT CHARSET=utf8mb4 COLLATE=utf8mb4_unicode_ci;

--
-- Dumping data for table `oauth_personal_access_clients`
--

INSERT INTO `oauth_personal_access_clients` (`id`, `client_id`, `created_at`, `updated_at`) VALUES
(1, 1, '2022-10-15 04:54:34', '2022-10-15 04:54:34');

-- --------------------------------------------------------

--
-- Table structure for table `oauth_refresh_tokens`
--

CREATE TABLE `oauth_refresh_tokens` (
  `id` varchar(100) COLLATE utf8mb4_unicode_ci NOT NULL,
  `access_token_id` varchar(100) COLLATE utf8mb4_unicode_ci NOT NULL,
  `revoked` tinyint(1) NOT NULL,
  `expires_at` datetime DEFAULT NULL
) ENGINE=InnoDB DEFAULT CHARSET=utf8mb4 COLLATE=utf8mb4_unicode_ci;

-- --------------------------------------------------------

--
-- Table structure for table `owners`
--

CREATE TABLE `owners` (
  `id` char(36) COLLATE utf8mb4_unicode_ci NOT NULL,
  `user_id` int(10) UNSIGNED NOT NULL,
  `service_location_id` char(36) COLLATE utf8mb4_unicode_ci NOT NULL,
  `company_name` varchar(191) COLLATE utf8mb4_unicode_ci NOT NULL,
  `owner_name` varchar(191) COLLATE utf8mb4_unicode_ci NOT NULL,
  `name` varchar(25) COLLATE utf8mb4_unicode_ci DEFAULT NULL,
  `surname` varchar(191) COLLATE utf8mb4_unicode_ci DEFAULT NULL,
  `email` varchar(150) COLLATE utf8mb4_unicode_ci DEFAULT NULL,
  `password` varchar(191) COLLATE utf8mb4_unicode_ci DEFAULT NULL,
  `mobile` varchar(20) COLLATE utf8mb4_unicode_ci DEFAULT NULL,
  `phone` varchar(20) COLLATE utf8mb4_unicode_ci DEFAULT NULL,
  `address` text COLLATE utf8mb4_unicode_ci DEFAULT NULL,
  `postal_code` int(11) DEFAULT NULL,
  `city` varchar(50) COLLATE utf8mb4_unicode_ci DEFAULT NULL,
  `expiry_date` date DEFAULT NULL,
  `no_of_vehicles` int(11) NOT NULL DEFAULT 0,
  `tax_number` varchar(191) COLLATE utf8mb4_unicode_ci NOT NULL,
  `bank_name` varchar(191) COLLATE utf8mb4_unicode_ci DEFAULT NULL,
  `ifsc` varchar(191) COLLATE utf8mb4_unicode_ci DEFAULT NULL,
  `account_no` varchar(191) COLLATE utf8mb4_unicode_ci DEFAULT NULL,
  `iban` varchar(191) COLLATE utf8mb4_unicode_ci DEFAULT NULL,
  `bic` varchar(191) COLLATE utf8mb4_unicode_ci DEFAULT NULL,
  `active` tinyint(1) NOT NULL DEFAULT 1,
  `approve` tinyint(1) NOT NULL DEFAULT 0,
  `created_at` timestamp NULL DEFAULT NULL,
  `updated_at` timestamp NULL DEFAULT NULL,
  `deleted_at` timestamp NULL DEFAULT NULL
) ENGINE=InnoDB DEFAULT CHARSET=utf8mb4 COLLATE=utf8mb4_unicode_ci;

--
-- Dumping data for table `owners`
--

INSERT INTO `owners` (`id`, `user_id`, `service_location_id`, `company_name`, `owner_name`, `name`, `surname`, `email`, `password`, `mobile`, `phone`, `address`, `postal_code`, `city`, `expiry_date`, `no_of_vehicles`, `tax_number`, `bank_name`, `ifsc`, `account_no`, `iban`, `bic`, `active`, `approve`, `created_at`, `updated_at`, `deleted_at`) VALUES
('297acf36-51b0-4e14-a455-f0e7e7d946db', 16, '495241b1-10eb-4c2f-8548-b54660d8c695', 'my demo comp', 'deepu owner', 'deepu owner', NULL, 'abc@def.com', NULL, '7004920898', NULL, 'banglore karnataka', 560102, 'banglore', NULL, 0, '527282zvhJa', NULL, NULL, NULL, NULL, NULL, 1, 1, '2022-11-28 05:19:42', '2022-11-28 05:20:50', NULL),
('3962b807-cc7e-4e69-82d8-4eab1e443ed7', 7, '4aed39ce-63e5-47bf-8a01-ca940f2737d9', 'Demo Company 1', 'Deepesh', 'Deepesh', 'Raj', 'nancyma@gmail.com', '$2y$10$o/SI499wPqFQfw6MRmeir.z5G2/WswcnpC.SxVexCL/azZUsEXLUG', '0000000001', NULL, 'Demo Company Address', 6789, 'Kolkata', NULL, 100, '23456789', 'State Bank Of India', 'SBIN0011357', '1234567890', NULL, NULL, 1, 1, '2022-11-19 06:53:59', '2022-11-19 06:54:12', NULL),
('a6a0349d-16c0-450e-ab4d-87cefb097d79', 6, '495241b1-10eb-4c2f-8548-b54660d8c695', 'Demo Company', 'Deepesh', 'Deepesh', 'Raj', 'owner@gmail.com', '$2y$10$z9j6j1FSkfM4vtBHH8UZ8.9o8mLJCJFzGWCoof5n/Uy24gF9CpqOi', '1234567890', NULL, 'Demo Company Address', 6789, 'Bengaluru', NULL, 123456, '234567', 'State Bank Of India', 'SBIN0011357', '1234567890', NULL, NULL, 1, 0, '2022-10-29 05:41:31', '2022-11-28 06:12:55', NULL);

-- --------------------------------------------------------

--
-- Table structure for table `owner_documents`
--

CREATE TABLE `owner_documents` (
  `id` char(36) COLLATE utf8mb4_unicode_ci NOT NULL,
  `owner_id` char(36) COLLATE utf8mb4_unicode_ci NOT NULL,
  `document_id` int(10) UNSIGNED NOT NULL,
  `image` varchar(191) COLLATE utf8mb4_unicode_ci NOT NULL,
  `identify_number` varchar(191) COLLATE utf8mb4_unicode_ci DEFAULT NULL,
  `expiry_date` timestamp NULL DEFAULT NULL,
  `comment` text COLLATE utf8mb4_unicode_ci DEFAULT NULL,
  `document_status` int(11) NOT NULL DEFAULT 2,
  `created_at` timestamp NULL DEFAULT NULL,
  `updated_at` timestamp NULL DEFAULT NULL,
  `deleted_at` timestamp NULL DEFAULT NULL
) ENGINE=InnoDB DEFAULT CHARSET=utf8mb4 COLLATE=utf8mb4_unicode_ci;

--
-- Dumping data for table `owner_documents`
--

INSERT INTO `owner_documents` (`id`, `owner_id`, `document_id`, `image`, `identify_number`, `expiry_date`, `comment`, `document_status`, `created_at`, `updated_at`, `deleted_at`) VALUES
('1f758b0a-8eb9-4394-86a2-fcc9bbe278b3', '3962b807-cc7e-4e69-82d8-4eab1e443ed7', 1, 'LV0Qm9Ld1O0XPdhfQj2H2qF3HuC5wHlQCQoWO8zN.jpg', NULL, NULL, NULL, 1, '2022-11-19 06:53:59', '2022-11-19 06:54:09', NULL),
('4c4c0280-d641-40d8-9cad-05a920f5569d', '297acf36-51b0-4e14-a455-f0e7e7d946db', 1, 'zBkjVzSXh4kWevSCIFe7i3IIdNczdPyiTnpkDG4A.jpg', NULL, NULL, NULL, 1, '2022-11-28 05:20:05', '2022-11-28 05:20:44', NULL),
('b0a6c217-4daa-40ad-95ee-5b3c82eb0f0d', 'a6a0349d-16c0-450e-ab4d-87cefb097d79', 1, 'qnMFhfFY4yzhSYUmnIZfCWp5d4YfBHFSp2PM3OZI.jpg', NULL, NULL, NULL, 1, '2022-10-29 05:41:31', '2022-10-29 05:42:48', NULL);

-- --------------------------------------------------------

--
-- Table structure for table `owner_hired_drivers`
--

CREATE TABLE `owner_hired_drivers` (
  `id` bigint(20) UNSIGNED NOT NULL,
  `owner_id` char(36) COLLATE utf8mb4_unicode_ci NOT NULL,
  `driver_id` int(10) UNSIGNED NOT NULL,
  `created_at` timestamp NULL DEFAULT NULL,
  `updated_at` timestamp NULL DEFAULT NULL
) ENGINE=InnoDB DEFAULT CHARSET=utf8mb4 COLLATE=utf8mb4_unicode_ci;

-- --------------------------------------------------------

--
-- Table structure for table `owner_needed_documents`
--

CREATE TABLE `owner_needed_documents` (
  `id` int(10) UNSIGNED NOT NULL,
  `name` varchar(191) COLLATE utf8mb4_unicode_ci NOT NULL,
  `doc_type` varchar(191) COLLATE utf8mb4_unicode_ci NOT NULL DEFAULT 'image',
  `has_identify_number` tinyint(1) NOT NULL DEFAULT 0,
  `identify_number_locale_key` varchar(191) COLLATE utf8mb4_unicode_ci DEFAULT NULL,
  `has_expiry_date` tinyint(1) NOT NULL DEFAULT 0,
  `active` tinyint(1) NOT NULL DEFAULT 0,
  `created_at` timestamp NULL DEFAULT NULL,
  `updated_at` timestamp NULL DEFAULT NULL
) ENGINE=InnoDB DEFAULT CHARSET=utf8mb4 COLLATE=utf8mb4_unicode_ci;

--
-- Dumping data for table `owner_needed_documents`
--

INSERT INTO `owner_needed_documents` (`id`, `name`, `doc_type`, `has_identify_number`, `identify_number_locale_key`, `has_expiry_date`, `active`, `created_at`, `updated_at`) VALUES
(1, 'Aadhar Card', 'image', 0, NULL, 0, 1, '2022-10-29 05:12:54', '2022-10-29 05:12:54');

-- --------------------------------------------------------

--
-- Table structure for table `owner_wallets`
--

CREATE TABLE `owner_wallets` (
  `id` char(36) COLLATE utf8mb4_unicode_ci NOT NULL,
  `user_id` char(36) COLLATE utf8mb4_unicode_ci NOT NULL,
  `amount_added` double(10,2) NOT NULL DEFAULT 0.00,
  `amount_balance` double(10,2) NOT NULL DEFAULT 0.00,
  `amount_spent` double(10,2) NOT NULL DEFAULT 0.00,
  `created_at` timestamp NULL DEFAULT NULL,
  `updated_at` timestamp NULL DEFAULT NULL,
  `deleted_at` timestamp NULL DEFAULT NULL
) ENGINE=InnoDB DEFAULT CHARSET=utf8mb4 COLLATE=utf8mb4_unicode_ci;

--
-- Dumping data for table `owner_wallets`
--

INSERT INTO `owner_wallets` (`id`, `user_id`, `amount_added`, `amount_balance`, `amount_spent`, `created_at`, `updated_at`, `deleted_at`) VALUES
('50ac4375-f84b-4873-8502-b731b2acc731', '297acf36-51b0-4e14-a455-f0e7e7d946db', 0.00, 0.00, 0.00, '2022-11-28 05:19:42', '2022-11-28 05:19:42', NULL);

-- --------------------------------------------------------

--
-- Table structure for table `owner_wallet_histories`
--

CREATE TABLE `owner_wallet_histories` (
  `id` char(36) COLLATE utf8mb4_unicode_ci NOT NULL,
  `user_id` char(36) COLLATE utf8mb4_unicode_ci NOT NULL,
  `card_id` char(36) COLLATE utf8mb4_unicode_ci DEFAULT NULL,
  `request_id` char(36) COLLATE utf8mb4_unicode_ci DEFAULT NULL,
  `transaction_id` varchar(191) COLLATE utf8mb4_unicode_ci DEFAULT NULL,
  `amount` double(10,2) NOT NULL DEFAULT 0.00,
  `conversion` varchar(191) COLLATE utf8mb4_unicode_ci DEFAULT NULL,
  `merchant` varchar(191) COLLATE utf8mb4_unicode_ci DEFAULT NULL,
  `remarks` varchar(191) COLLATE utf8mb4_unicode_ci DEFAULT NULL,
  `is_credit` tinyint(1) NOT NULL DEFAULT 0,
  `admin_id` char(36) COLLATE utf8mb4_unicode_ci DEFAULT NULL,
  `created_at` timestamp NULL DEFAULT NULL,
  `updated_at` timestamp NULL DEFAULT NULL
) ENGINE=InnoDB DEFAULT CHARSET=utf8mb4 COLLATE=utf8mb4_unicode_ci;

-- --------------------------------------------------------

--
-- Table structure for table `package_types`
--

CREATE TABLE `package_types` (
  `id` int(10) UNSIGNED NOT NULL,
  `name` varchar(191) COLLATE utf8mb4_unicode_ci DEFAULT NULL,
  `active` tinyint(1) NOT NULL DEFAULT 1,
  `short_description` varchar(191) COLLATE utf8mb4_unicode_ci DEFAULT NULL,
  `description` varchar(191) COLLATE utf8mb4_unicode_ci DEFAULT NULL,
  `created_at` timestamp NULL DEFAULT NULL,
  `updated_at` timestamp NULL DEFAULT NULL
) ENGINE=InnoDB DEFAULT CHARSET=utf8mb4 COLLATE=utf8mb4_unicode_ci;

--
-- Dumping data for table `package_types`
--

INSERT INTO `package_types` (`id`, `name`, `active`, `short_description`, `description`, `created_at`, `updated_at`) VALUES
(1, 'Demo Package Test', 1, 'Short Desc', 'Full Description Details', '2022-10-29 05:10:05', '2022-11-27 11:35:11');

-- --------------------------------------------------------

--
-- Table structure for table `password_resets`
--

CREATE TABLE `password_resets` (
  `email` varchar(191) COLLATE utf8mb4_unicode_ci NOT NULL,
  `token` varchar(191) COLLATE utf8mb4_unicode_ci NOT NULL,
  `created_at` timestamp NULL DEFAULT NULL
) ENGINE=InnoDB DEFAULT CHARSET=utf8mb4 COLLATE=utf8mb4_unicode_ci;

-- --------------------------------------------------------

--
-- Table structure for table `permissions`
--

CREATE TABLE `permissions` (
  `id` int(10) UNSIGNED NOT NULL,
  `slug` varchar(50) COLLATE utf8mb4_unicode_ci NOT NULL,
  `name` varchar(50) COLLATE utf8mb4_unicode_ci NOT NULL,
  `description` varchar(150) COLLATE utf8mb4_unicode_ci DEFAULT NULL,
  `main_menu` varchar(191) COLLATE utf8mb4_unicode_ci DEFAULT NULL,
  `sub_menu` varchar(191) COLLATE utf8mb4_unicode_ci DEFAULT NULL,
  `main_link` varchar(191) COLLATE utf8mb4_unicode_ci DEFAULT NULL,
  `sub_link` varchar(191) COLLATE utf8mb4_unicode_ci DEFAULT NULL,
  `sort` int(11) DEFAULT NULL,
  `icon` varchar(191) COLLATE utf8mb4_unicode_ci DEFAULT NULL,
  `created_at` timestamp NULL DEFAULT NULL,
  `updated_at` timestamp NULL DEFAULT NULL
) ENGINE=InnoDB DEFAULT CHARSET=utf8mb4 COLLATE=utf8mb4_unicode_ci;

--
-- Dumping data for table `permissions`
--

INSERT INTO `permissions` (`id`, `slug`, `name`, `description`, `main_menu`, `sub_menu`, `main_link`, `sub_link`, `sort`, `icon`, `created_at`, `updated_at`) VALUES
(1, 'access-dashboard', 'Access-Dashboard', 'Access Dashboard', 'dashboard', NULL, 'dashboard', NULL, 1, 'fa fa-tachometer', '2022-10-15 04:53:47', '2022-10-15 04:53:47'),
(2, 'get-all-roles', 'Get-All-Roles', 'Get all roles', 'settings', 'roles', NULL, 'roles', NULL, NULL, '2022-10-15 04:53:47', '2022-10-15 04:53:47'),
(3, 'get-all-permissions', 'Get-All-Permissions', 'Get all permissions', 'settings', 'roles', NULL, NULL, NULL, NULL, '2022-10-15 04:53:47', '2022-10-15 04:53:47'),
(4, 'view-settings', 'view-all-settings', 'View All Settings', 'settings', NULL, NULL, NULL, 12, 'fa fa-cogs', '2022-10-15 04:53:47', '2022-10-15 04:53:47'),
(5, 'view-companies', 'View-Companies', 'View Companies', 'company', NULL, 'company', NULL, 7, 'fa fa-building', '2022-10-15 04:53:47', '2022-10-15 04:53:47'),
(6, 'drivers-menu', 'drivers', 'View all driver related menus', 'drivers', NULL, NULL, NULL, 4, 'fa fa-users', '2022-10-15 04:53:47', '2022-10-15 04:53:47'),
(7, 'view-drivers', 'Get-All-Drivers', 'Get all drivers', 'drivers', 'driver_details', NULL, 'drivers', NULL, NULL, '2022-10-15 04:53:47', '2022-10-15 04:53:47'),
(8, 'view-types', 'Get-All-Types', 'Get all types', 'drivers', 'types', NULL, 'types', NULL, NULL, '2022-10-15 04:53:47', '2022-10-15 04:53:47'),
(9, 'map-menu', 'map', 'View all map related menus', 'map', NULL, NULL, NULL, 8, 'fa fa-map', '2022-10-15 04:53:47', '2022-10-15 04:53:47'),
(10, 'view-zone', 'Get-All-zones', 'Get all zones', 'map', 'zone', NULL, 'zone', NULL, NULL, '2022-10-15 04:53:47', '2022-10-15 04:53:47'),
(11, 'list-airports', 'Get-All-Airports', 'Get all airports', 'map', 'airport', NULL, 'aiports', NULL, NULL, '2022-10-15 04:53:47', '2022-10-15 04:53:47'),
(12, 'add-and-edit-airport', 'Add-Edit-Airports', 'Add/edit airports', 'map', 'airport', NULL, 'aiports', NULL, NULL, '2022-10-15 04:53:47', '2022-10-15 04:53:47'),
(13, 'view-system-settings', 'Get-All-System-Settings', 'Get all system settings', 'settings', 'system_settings', NULL, 'system/settings', NULL, NULL, '2022-10-15 04:53:47', '2022-10-15 04:53:47'),
(14, 'user-menu', 'users', 'View all user related menus', 'users', NULL, NULL, NULL, 5, 'fa fa-user', '2022-10-15 04:53:47', '2022-10-15 04:53:47'),
(15, 'view-users', 'Get-All-Users', 'Get all Users', 'users', 'user_details', NULL, 'users', NULL, NULL, '2022-10-15 04:53:47', '2022-10-15 04:53:47'),
(16, 'view-sos', 'User-Sos', 'Emergency Numbers', 'emergency_number', NULL, 'sos', NULL, 6, 'fa fa-heartbeat', '2022-10-15 04:53:47', '2022-10-15 04:53:47'),
(17, 'service_location', 'Service-Location', 'Available location for app', 'service_location', NULL, 'service_location', NULL, 2, 'fa fa-map-marker', '2022-10-15 04:53:47', '2022-10-15 04:53:47'),
(18, 'admin', 'Admin', 'Admin User List', 'admin', NULL, 'admins', NULL, 3, 'fa fa-user-circle-o', '2022-10-15 04:53:47', '2022-10-15 04:53:47'),
(19, 'dispatch-request', 'Dispatch-Request', 'Dispatch manual requests from admin panel', 'dispatch_request', NULL, 'dispatch', NULL, 3, 'fa fa-tripadvisor', '2022-10-15 04:53:47', '2022-10-15 04:53:47'),
(20, 'upload-builds', 'Upload-Mobile-Builds', 'Upload mobile builds', 'builds', 'upload_builds', '/builds/create', NULL, 3, 'fa fa-tripadvisor', '2022-10-15 04:53:47', '2022-10-15 04:53:47'),
(21, 'view-builds', 'View-Mobile-Builds', 'View mobile builds', 'builds', 'list_builds', '/builds/projects', NULL, 3, 'fa fa-tripadvisor', '2022-10-15 04:53:47', '2022-10-15 04:53:47'),
(22, 'view-requests', 'View-Request-Details', 'View Request Details', 'request', 'request', 'requests', NULL, 5, 'fa fa-list', '2022-10-15 04:53:47', '2022-10-15 04:53:47'),
(23, 'manage-faq', 'manage-faq', 'View Faq', 'faq', NULL, 'faq', NULL, 13, 'fa fa-question-circle', '2022-10-15 04:53:47', '2022-10-15 04:53:47'),
(24, 'cancellation-reason', 'cancellation-title', 'View Cancellation Title', 'cancellation', NULL, 'cancellation', NULL, 14, 'fa fa-ban', '2022-10-15 04:53:47', '2022-10-15 04:53:47'),
(25, 'complaints', 'complaints', 'View Complaints', 'complaints', NULL, 'complaint', NULL, 15, 'fa fa-list-alt', '2022-10-15 04:53:47', '2022-10-15 04:53:47'),
(26, 'complaint-title', 'complaint-title', 'View Complaint Title', 'complaints', 'complaint-title', NULL, 'complaint/title', 15, 'fa fa-circle-thin', '2022-10-15 04:53:47', '2022-10-15 04:53:47'),
(27, 'user-complaint', 'user-complaint', 'Manange User Complaint', 'complaints', 'user-complaint', NULL, 'complaint/users', 15, 'fa fa-circle-thin', '2022-10-15 04:53:47', '2022-10-15 04:53:47'),
(28, 'driver-complaint', 'driver-complaint', 'Manage Driver Complaint', 'complaints', 'driver-complaint', NULL, 'complaint/drivers', 15, 'fa fa-circle-thin', '2022-10-15 04:53:47', '2022-10-15 04:53:47'),
(29, 'owner-complaint', 'owner-complaint', 'Manage Owner Complaint', 'complaints', 'owner-complaint', NULL, 'complaint/owner', 15, 'fa fa-circle-thin', '2022-10-15 04:53:47', '2022-10-15 04:53:47'),
(30, 'reports', 'reports', 'View reports', 'reports', NULL, 'reports', NULL, 16, 'fa fa-file-pdf-o', '2022-10-15 04:53:47', '2022-10-15 04:53:47'),
(31, 'user-report', 'user-report', 'Download User Report', 'reports', 'user_report', NULL, 'reports/user', 16, 'fa fa-circle-thin', '2022-10-15 04:53:47', '2022-10-15 04:53:47'),
(32, 'driver-report', 'driver-report', 'Download Driver Report', 'reports', 'driver_report', NULL, 'reports/driver', 16, 'fa fa-circle-thin', '2022-10-15 04:53:47', '2022-10-15 04:53:47'),
(33, 'finance-report', 'finance-report', 'Download Finance Report', 'reports', 'travel_report', NULL, 'reports/travel', 16, 'fa fa-circle-thin', '2022-10-15 04:53:47', '2022-10-15 04:53:47'),
(34, 'owner-report', 'owner-report', 'Download Owner Report', 'reports', 'owner_report', NULL, 'reports/owner', 16, 'fa fa-circle-thin', '2022-10-15 04:53:47', '2022-10-15 04:53:47'),
(35, 'manage-map', 'manage-map', 'Manage Map', 'map', NULL, 'map', NULL, 17, 'fa fa-globe', '2022-10-15 04:53:47', '2022-10-15 04:53:47'),
(36, 'heat-map', 'heat-map', 'View Heat Map', 'map', 'heat_map', NULL, 'map/heatmap', 16, 'fa fa-circle-thin', '2022-10-15 04:53:47', '2022-10-15 04:53:47'),
(37, 'manage-promo', 'manage-promo', 'View Promo code', 'manage-promo', NULL, 'promo', NULL, 10, 'fa fa-gift', '2022-10-15 04:53:47', '2022-10-15 04:53:47'),
(38, 'master-data', 'view-all-master data', 'View All Master Data', 'master', NULL, NULL, NULL, 17, 'fa fa-code-fork', '2022-10-15 04:53:47', '2022-10-15 04:53:47'),
(39, 'manage-carmake', 'manage-carmake', 'List carmake', 'master', 'carmake', NULL, 'carmake', NULL, NULL, '2022-10-15 04:53:47', '2022-10-15 04:53:47'),
(40, 'manage-carmodel', 'manage-carmodel', 'List carmodel', 'master', 'carmodel', NULL, 'carmodel', NULL, NULL, '2022-10-15 04:53:47', '2022-10-15 04:53:47'),
(41, 'manage-needed-document', 'manage-needed-document', 'List driver needed documents', 'master', 'needed_doc', NULL, 'needed_doc', NULL, NULL, '2022-10-15 04:53:47', '2022-10-15 04:53:47'),
(42, 'manage-owner-needed-document', 'manage-owner_needed-document', 'List owner needed documents', 'master', 'owner_needed_doc', NULL, 'owner_needed_doc', NULL, NULL, '2022-10-15 04:53:47', '2022-10-15 04:53:47'),
(43, 'manage-owner', 'manage_owners', 'Owner list and create', 'manage_owners', 'owner', 'owners', NULL, 3, 'fa fa-briefcase', '2022-10-15 04:53:47', '2022-10-15 04:53:47'),
(44, 'add-owner', 'add-owner', 'Add Owner', 'manage_owners', 'owner', NULL, NULL, NULL, NULL, '2022-10-15 04:53:47', '2022-10-15 04:53:47'),
(45, 'edit-owner', 'edit-owner', 'Edit Owner', 'manage_owners', 'owner', NULL, NULL, NULL, NULL, '2022-10-15 04:53:47', '2022-10-15 04:53:47'),
(46, 'delete-owner', 'delete-owner', 'Delete Owner', 'manage_owners', 'owner', NULL, NULL, NULL, NULL, '2022-10-15 04:53:47', '2022-10-15 04:53:47'),
(47, 'toggle-owner-status', 'toggle-owner-status', 'Toggle Owner Status', 'manage_owners', 'owner', NULL, NULL, NULL, NULL, '2022-10-15 04:53:47', '2022-10-15 04:53:47'),
(48, 'manage-fleet', 'manage-fleet', 'Manage fleets add edit delete', 'manage_fleet', NULL, 'fleets', NULL, 18, 'fa fa-taxi', '2022-10-15 04:53:47', '2022-10-15 04:53:47'),
(49, 'add-fleet', 'create-fleet', 'Create new fleet', 'manage_fleet', 'manage_fleet', NULL, NULL, NULL, NULL, '2022-10-15 04:53:47', '2022-10-15 04:53:47'),
(50, 'edit-fleet', 'edit-fleet', 'Edit fleet', 'manage_fleet', 'manage_fleet', NULL, NULL, NULL, NULL, '2022-10-15 04:53:47', '2022-10-15 04:53:47'),
(51, 'delete-fleet', 'delete-fleet', 'Delete fleet', 'manage_fleet', 'manage_fleet', NULL, NULL, NULL, NULL, '2022-10-15 04:53:47', '2022-10-15 04:53:47'),
(52, 'toggle-fleet-status', 'toggle-fleet-status', 'Change status of fleet', 'manage_fleet', 'manage_fleet', NULL, NULL, NULL, NULL, '2022-10-15 04:53:47', '2022-10-15 04:53:47'),
(53, 'toggle-fleet-approval', 'toggle-fleet-approval', 'Change Approve status of fleet', 'manage_fleet', 'manage_fleet', NULL, NULL, NULL, NULL, '2022-10-15 04:53:47', '2022-10-15 04:53:47');

-- --------------------------------------------------------

--
-- Table structure for table `permission_role`
--

CREATE TABLE `permission_role` (
  `role_id` int(10) UNSIGNED NOT NULL,
  `permission_id` int(10) UNSIGNED NOT NULL
) ENGINE=InnoDB DEFAULT CHARSET=utf8mb4 COLLATE=utf8mb4_unicode_ci;

--
-- Dumping data for table `permission_role`
--

INSERT INTO `permission_role` (`role_id`, `permission_id`) VALUES
(1, 1),
(1, 2),
(1, 3),
(1, 4),
(1, 5),
(1, 6),
(1, 7),
(1, 8),
(1, 9),
(1, 10),
(1, 11),
(1, 12),
(1, 13),
(1, 14),
(1, 15),
(1, 16),
(1, 17),
(1, 18),
(1, 19),
(1, 20),
(1, 21),
(1, 22),
(1, 23),
(1, 24),
(1, 25),
(1, 26),
(1, 27),
(1, 28),
(1, 29),
(1, 30),
(1, 31),
(1, 32),
(1, 33),
(1, 34),
(1, 35),
(1, 36),
(1, 37),
(1, 38),
(1, 39),
(1, 40),
(1, 41),
(1, 42),
(1, 43),
(1, 44),
(1, 45),
(1, 46),
(1, 47),
(1, 48),
(1, 49),
(1, 50),
(1, 51),
(1, 52),
(1, 53),
(3, 20),
(3, 21),
(4, 21),
(5, 1),
(5, 2),
(5, 3),
(5, 4),
(5, 5),
(5, 6),
(5, 7),
(5, 8),
(5, 9),
(5, 10),
(5, 11),
(5, 12),
(5, 13),
(5, 14),
(5, 15),
(5, 16),
(5, 17),
(5, 18),
(5, 19),
(6, 1),
(6, 6),
(6, 7),
(6, 40),
(6, 48),
(6, 49),
(6, 50),
(6, 51),
(6, 52);

-- --------------------------------------------------------

--
-- Table structure for table `personal_access_tokens`
--

CREATE TABLE `personal_access_tokens` (
  `id` bigint(20) UNSIGNED NOT NULL,
  `tokenable_type` varchar(191) COLLATE utf8mb4_unicode_ci NOT NULL,
  `tokenable_id` bigint(20) UNSIGNED NOT NULL,
  `name` varchar(191) COLLATE utf8mb4_unicode_ci NOT NULL,
  `token` varchar(64) COLLATE utf8mb4_unicode_ci NOT NULL,
  `abilities` text COLLATE utf8mb4_unicode_ci DEFAULT NULL,
  `last_used_at` timestamp NULL DEFAULT NULL,
  `created_at` timestamp NULL DEFAULT NULL,
  `updated_at` timestamp NULL DEFAULT NULL
) ENGINE=InnoDB DEFAULT CHARSET=utf8mb4 COLLATE=utf8mb4_unicode_ci;

-- --------------------------------------------------------

--
-- Table structure for table `poc_clients`
--

CREATE TABLE `poc_clients` (
  `id` char(36) COLLATE utf8mb4_unicode_ci NOT NULL,
  `project_id` int(10) UNSIGNED NOT NULL,
  `user_id` int(10) UNSIGNED NOT NULL,
  `created_at` timestamp NULL DEFAULT NULL,
  `updated_at` timestamp NULL DEFAULT NULL
) ENGINE=InnoDB DEFAULT CHARSET=utf8mb4 COLLATE=utf8mb4_unicode_ci;

-- --------------------------------------------------------

--
-- Table structure for table `projects`
--

CREATE TABLE `projects` (
  `id` int(10) UNSIGNED NOT NULL,
  `project_name` varchar(191) COLLATE utf8mb4_unicode_ci NOT NULL,
  `poc_name` varchar(191) COLLATE utf8mb4_unicode_ci DEFAULT NULL,
  `poc_email` varchar(191) COLLATE utf8mb4_unicode_ci DEFAULT NULL,
  `active` tinyint(1) NOT NULL DEFAULT 1,
  `created_at` timestamp NULL DEFAULT NULL,
  `updated_at` timestamp NULL DEFAULT NULL
) ENGINE=InnoDB DEFAULT CHARSET=utf8mb4 COLLATE=utf8mb4_unicode_ci;

-- --------------------------------------------------------

--
-- Table structure for table `project_flavours`
--

CREATE TABLE `project_flavours` (
  `id` int(10) UNSIGNED NOT NULL,
  `project_id` int(10) UNSIGNED NOT NULL,
  `flavour_name` varchar(191) COLLATE utf8mb4_unicode_ci NOT NULL,
  `app_name` varchar(191) COLLATE utf8mb4_unicode_ci NOT NULL,
  `bundle_identifier` varchar(191) COLLATE utf8mb4_unicode_ci NOT NULL,
  `created_at` timestamp NULL DEFAULT NULL,
  `updated_at` timestamp NULL DEFAULT NULL
) ENGINE=InnoDB DEFAULT CHARSET=utf8mb4 COLLATE=utf8mb4_unicode_ci;

-- --------------------------------------------------------

--
-- Table structure for table `promo`
--

CREATE TABLE `promo` (
  `id` char(36) COLLATE utf8mb4_unicode_ci NOT NULL,
  `service_location_id` char(36) COLLATE utf8mb4_unicode_ci NOT NULL,
  `code` varchar(191) COLLATE utf8mb4_unicode_ci NOT NULL,
  `minimum_trip_amount` int(11) NOT NULL DEFAULT 0,
  `maximum_discount_amount` int(11) NOT NULL DEFAULT 0,
  `discount_percent` int(11) NOT NULL DEFAULT 0,
  `total_uses` int(11) NOT NULL DEFAULT 0,
  `uses_per_user` int(11) NOT NULL DEFAULT 0,
  `from` datetime NOT NULL,
  `to` datetime NOT NULL,
  `active` tinyint(1) NOT NULL DEFAULT 1,
  `created_at` timestamp NULL DEFAULT NULL,
  `updated_at` timestamp NULL DEFAULT NULL
) ENGINE=InnoDB DEFAULT CHARSET=utf8mb4 COLLATE=utf8mb4_unicode_ci;

-- --------------------------------------------------------

--
-- Table structure for table `promo_users`
--

CREATE TABLE `promo_users` (
  `id` int(10) UNSIGNED NOT NULL,
  `promo_code_id` char(36) COLLATE utf8mb4_unicode_ci NOT NULL,
  `user_id` int(10) UNSIGNED NOT NULL,
  `request_id` char(36) COLLATE utf8mb4_unicode_ci NOT NULL,
  `created_at` timestamp NULL DEFAULT NULL,
  `updated_at` timestamp NULL DEFAULT NULL
) ENGINE=InnoDB DEFAULT CHARSET=utf8mb4 COLLATE=utf8mb4_unicode_ci;

-- --------------------------------------------------------

--
-- Table structure for table `requests`
--

CREATE TABLE `requests` (
  `id` char(36) COLLATE utf8mb4_unicode_ci NOT NULL,
  `company_key` varchar(191) COLLATE utf8mb4_unicode_ci DEFAULT NULL,
  `request_number` varchar(191) COLLATE utf8mb4_unicode_ci NOT NULL,
  `is_later` tinyint(1) NOT NULL DEFAULT 0,
  `is_rental` tinyint(1) NOT NULL DEFAULT 0,
  `rental_package_id` int(10) UNSIGNED DEFAULT NULL,
  `is_out_station` tinyint(1) NOT NULL DEFAULT 0,
  `ride_otp` int(11) DEFAULT NULL,
  `instant_ride` tinyint(1) NOT NULL DEFAULT 0,
  `book_for_other` tinyint(1) NOT NULL DEFAULT 0,
  `book_for_other_contact` varchar(191) COLLATE utf8mb4_unicode_ci NOT NULL DEFAULT '0',
  `attempt_for_schedule` int(11) NOT NULL DEFAULT 0,
  `user_id` int(10) UNSIGNED DEFAULT NULL,
  `service_location_id` char(36) COLLATE utf8mb4_unicode_ci NOT NULL,
  `zone_type_id` char(36) COLLATE utf8mb4_unicode_ci DEFAULT NULL,
  `driver_id` int(10) UNSIGNED DEFAULT NULL,
  `fleet_id` char(36) COLLATE utf8mb4_unicode_ci DEFAULT NULL,
  `owner_id` char(36) COLLATE utf8mb4_unicode_ci DEFAULT NULL,
  `trip_start_time` timestamp NULL DEFAULT NULL,
  `arrived_at` timestamp NULL DEFAULT NULL,
  `accepted_at` timestamp NULL DEFAULT NULL,
  `completed_at` timestamp NULL DEFAULT NULL,
  `cancelled_at` timestamp NULL DEFAULT NULL,
  `is_driver_started` tinyint(1) NOT NULL DEFAULT 0,
  `is_driver_arrived` tinyint(1) NOT NULL DEFAULT 0,
  `is_trip_start` tinyint(1) NOT NULL DEFAULT 0,
  `is_completed` tinyint(1) NOT NULL DEFAULT 0,
  `is_cancelled` tinyint(1) NOT NULL DEFAULT 0,
  `reason` char(36) COLLATE utf8mb4_unicode_ci DEFAULT NULL,
  `custom_reason` varchar(191) COLLATE utf8mb4_unicode_ci DEFAULT NULL,
  `cancel_method` enum('0','1','2','3') COLLATE utf8mb4_unicode_ci NOT NULL COMMENT '0 => Automatic,1 => User,2 => Driver,3=> Dispatcher',
  `total_distance` double(15,2) NOT NULL DEFAULT 0.00,
  `total_time` double(15,2) NOT NULL DEFAULT 0.00,
  `is_surge_applied` tinyint(1) NOT NULL DEFAULT 0,
  `payment_opt` varchar(191) COLLATE utf8mb4_unicode_ci NOT NULL COMMENT '0 => card,1 => cash,2 => wallet,3=>wallet/cash',
  `is_paid` tinyint(1) NOT NULL DEFAULT 0,
  `request_eta_amount` double(15,2) NOT NULL DEFAULT 0.00,
  `user_rated` tinyint(1) NOT NULL DEFAULT 0,
  `driver_rated` tinyint(1) NOT NULL DEFAULT 0,
  `promo_id` char(36) COLLATE utf8mb4_unicode_ci DEFAULT NULL,
  `timezone` varchar(191) COLLATE utf8mb4_unicode_ci DEFAULT NULL,
  `requested_currency_code` varchar(191) COLLATE utf8mb4_unicode_ci DEFAULT NULL,
  `requested_currency_symbol` varchar(191) COLLATE utf8mb4_unicode_ci DEFAULT NULL,
  `unit` enum('1','2') COLLATE utf8mb4_unicode_ci NOT NULL COMMENT '1 => kilometers,2 => miles',
  `if_dispatch` tinyint(1) NOT NULL DEFAULT 0,
  `dispatcher_id` char(36) COLLATE utf8mb4_unicode_ci DEFAULT NULL,
  `created_at` timestamp NULL DEFAULT NULL,
  `updated_at` timestamp NULL DEFAULT NULL,
  `deleted_at` timestamp NULL DEFAULT NULL
) ENGINE=InnoDB DEFAULT CHARSET=utf8mb4 COLLATE=utf8mb4_unicode_ci;

--
-- Dumping data for table `requests`
--

INSERT INTO `requests` (`id`, `company_key`, `request_number`, `is_later`, `is_rental`, `rental_package_id`, `is_out_station`, `ride_otp`, `instant_ride`, `book_for_other`, `book_for_other_contact`, `attempt_for_schedule`, `user_id`, `service_location_id`, `zone_type_id`, `driver_id`, `fleet_id`, `owner_id`, `trip_start_time`, `arrived_at`, `accepted_at`, `completed_at`, `cancelled_at`, `is_driver_started`, `is_driver_arrived`, `is_trip_start`, `is_completed`, `is_cancelled`, `reason`, `custom_reason`, `cancel_method`, `total_distance`, `total_time`, `is_surge_applied`, `payment_opt`, `is_paid`, `request_eta_amount`, `user_rated`, `driver_rated`, `promo_id`, `timezone`, `requested_currency_code`, `requested_currency_symbol`, `unit`, `if_dispatch`, `dispatcher_id`, `created_at`, `updated_at`, `deleted_at`) VALUES
('0c3daa20-4b6c-4934-b20d-672f01f1d012', NULL, 'REQ_000013', 0, 0, NULL, 0, 1234, 0, 0, '0', 0, 31, '495241b1-10eb-4c2f-8548-b54660d8c695', '36a4407b-da20-4da8-89f4-f3b53eee50e3', NULL, NULL, NULL, NULL, NULL, NULL, NULL, NULL, 0, 0, 0, 0, 0, NULL, NULL, '0', 0.00, 0.00, 0, '1', 0, 643.81, 0, 0, NULL, NULL, 'INR', NULL, '1', 0, NULL, '2022-12-05 12:20:35', '2022-12-05 12:20:35', NULL),
('0e431fdd-c8be-4c33-8d95-5eceba40dc9e', NULL, 'REQ_000001', 0, 0, NULL, 0, 4838, 0, 0, '0', 0, 19, '495241b1-10eb-4c2f-8548-b54660d8c695', '36a4407b-da20-4da8-89f4-f3b53eee50e3', NULL, NULL, NULL, NULL, NULL, NULL, NULL, NULL, 0, 0, 0, 0, 1, NULL, NULL, '1', 0.00, 0.00, 0, '1', 0, 140.00, 0, 0, NULL, NULL, 'INR', NULL, '1', 0, NULL, '2022-11-28 10:27:40', '2022-11-28 10:27:57', NULL),
('0ff47071-1ea7-4c6f-aa4e-b744e333e65a', NULL, 'REQ_000006', 0, 0, NULL, 0, 2761, 0, 0, '0', 0, 31, '495241b1-10eb-4c2f-8548-b54660d8c695', '36a4407b-da20-4da8-89f4-f3b53eee50e3', NULL, NULL, NULL, NULL, NULL, NULL, NULL, NULL, 0, 0, 0, 0, 1, NULL, NULL, '1', 0.00, 0.00, 0, '1', 0, 846.78, 0, 0, NULL, NULL, 'INR', NULL, '1', 0, NULL, '2022-12-04 06:59:54', '2022-12-04 07:00:05', NULL),
('5b923b3f-8cb4-4297-9109-0d36f2d8c732', NULL, 'REQ_000002', 0, 0, NULL, 0, 9627, 0, 0, '0', 0, 19, '495241b1-10eb-4c2f-8548-b54660d8c695', '36a4407b-da20-4da8-89f4-f3b53eee50e3', NULL, NULL, NULL, NULL, NULL, NULL, NULL, NULL, 0, 0, 0, 0, 1, NULL, NULL, '1', 0.00, 0.00, 0, '1', 0, 644.19, 0, 0, NULL, NULL, 'INR', NULL, '1', 0, NULL, '2022-11-28 11:35:10', '2022-11-28 11:35:16', NULL),
('6b04b38a-376e-49d9-8d05-1745273f3efc', NULL, 'REQ_000003', 0, 0, NULL, 0, 9981, 0, 0, '0', 0, 19, '495241b1-10eb-4c2f-8548-b54660d8c695', '36a4407b-da20-4da8-89f4-f3b53eee50e3', NULL, NULL, NULL, NULL, NULL, NULL, NULL, NULL, 0, 0, 0, 0, 1, NULL, NULL, '1', 0.00, 0.00, 0, '1', 0, 644.18, 0, 0, NULL, NULL, 'INR', NULL, '1', 0, NULL, '2022-11-28 12:24:33', '2022-11-28 12:25:08', NULL),
('6cb24f7c-3616-46ae-9956-c2f5e58ec13a', NULL, 'REQ_000005', 0, 0, NULL, 0, 6974, 0, 0, '0', 0, 19, '495241b1-10eb-4c2f-8548-b54660d8c695', '36a4407b-da20-4da8-89f4-f3b53eee50e3', NULL, NULL, NULL, NULL, NULL, NULL, NULL, NULL, 0, 0, 0, 0, 0, NULL, NULL, '0', 0.00, 0.00, 0, '1', 0, 846.78, 0, 0, NULL, NULL, 'INR', NULL, '1', 0, NULL, '2022-12-04 06:55:59', '2022-12-04 06:55:59', NULL),
('735d23f4-7b48-4d23-8091-8e83000583af', NULL, 'REQ_000009', 0, 0, NULL, 0, 9927, 0, 0, '0', 0, 31, '495241b1-10eb-4c2f-8548-b54660d8c695', '36a4407b-da20-4da8-89f4-f3b53eee50e3', NULL, NULL, NULL, NULL, NULL, NULL, NULL, NULL, 0, 0, 0, 0, 1, NULL, NULL, '1', 0.00, 0.00, 0, '1', 0, 846.78, 0, 0, NULL, NULL, 'INR', NULL, '1', 0, NULL, '2022-12-04 07:02:02', '2022-12-04 07:02:04', NULL),
('7b74f246-bb72-49fa-b474-c59eb5db1b6a', NULL, 'REQ_000014', 0, 0, NULL, 0, 7049, 0, 0, '0', 0, 32, '495241b1-10eb-4c2f-8548-b54660d8c695', '36a4407b-da20-4da8-89f4-f3b53eee50e3', NULL, NULL, NULL, NULL, NULL, NULL, NULL, NULL, 0, 0, 0, 0, 1, NULL, NULL, '1', 0.00, 0.00, 0, '1', 0, 643.81, 0, 0, NULL, NULL, 'INR', NULL, '1', 0, NULL, '2022-12-05 12:22:52', '2022-12-05 12:23:05', NULL),
('7ffc4d0e-0cab-4142-a416-d0e62c8805f3', NULL, 'REQ_000012', 0, 0, NULL, 0, 8767, 0, 0, '0', 0, 31, '495241b1-10eb-4c2f-8548-b54660d8c695', '36a4407b-da20-4da8-89f4-f3b53eee50e3', NULL, NULL, NULL, NULL, NULL, NULL, NULL, NULL, 0, 0, 0, 0, 1, NULL, NULL, '1', 0.00, 0.00, 0, '1', 0, 643.81, 0, 0, NULL, NULL, 'INR', NULL, '1', 0, NULL, '2022-12-05 12:19:54', '2022-12-05 12:19:57', NULL),
('8bd713f4-bdb9-4374-a26d-c71fde6ad44c', NULL, 'REQ_000004', 0, 0, NULL, 0, 4652, 0, 0, '0', 0, 19, '495241b1-10eb-4c2f-8548-b54660d8c695', '36a4407b-da20-4da8-89f4-f3b53eee50e3', NULL, NULL, NULL, NULL, NULL, NULL, NULL, NULL, 0, 0, 0, 0, 1, NULL, NULL, '1', 0.00, 0.00, 0, '1', 0, 846.78, 0, 0, NULL, NULL, 'INR', NULL, '1', 0, NULL, '2022-12-04 06:54:17', '2022-12-04 06:54:32', NULL),
('956fdaeb-357c-4e53-bf47-9fdde4b920c2', NULL, 'REQ_000008', 0, 0, NULL, 0, 5864, 0, 0, '0', 0, 31, '495241b1-10eb-4c2f-8548-b54660d8c695', '36a4407b-da20-4da8-89f4-f3b53eee50e3', NULL, NULL, NULL, NULL, NULL, NULL, NULL, NULL, 0, 0, 0, 0, 1, NULL, NULL, '1', 0.00, 0.00, 0, '1', 0, 846.78, 0, 0, NULL, NULL, 'INR', NULL, '1', 0, NULL, '2022-12-04 07:01:34', '2022-12-04 07:01:39', NULL),
('b96bd58e-8b22-46fc-b835-7a88d6fdca79', NULL, 'REQ_000010', 0, 0, NULL, 0, 8175, 0, 0, '0', 0, 31, '495241b1-10eb-4c2f-8548-b54660d8c695', '36a4407b-da20-4da8-89f4-f3b53eee50e3', NULL, NULL, NULL, NULL, NULL, NULL, NULL, NULL, 0, 0, 0, 0, 1, NULL, NULL, '1', 0.00, 0.00, 0, '1', 0, 643.81, 0, 0, NULL, NULL, 'INR', NULL, '1', 0, NULL, '2022-12-05 12:17:14', '2022-12-05 12:17:24', NULL),
('d71df3f2-c6ee-434e-ae2b-0860b1119c45', NULL, 'REQ_000011', 0, 0, NULL, 0, 2929, 0, 0, '0', 0, 31, '495241b1-10eb-4c2f-8548-b54660d8c695', '36a4407b-da20-4da8-89f4-f3b53eee50e3', NULL, NULL, NULL, NULL, NULL, NULL, NULL, NULL, 0, 0, 0, 0, 1, NULL, NULL, '1', 0.00, 0.00, 0, '1', 0, 643.81, 0, 0, NULL, NULL, 'INR', NULL, '1', 0, NULL, '2022-12-05 12:19:27', '2022-12-05 12:19:53', NULL),
('e341d175-3e23-4ce0-9a10-d71aefd9ce52', NULL, 'REQ_000007', 0, 0, NULL, 0, 2354, 0, 0, '0', 0, 31, '495241b1-10eb-4c2f-8548-b54660d8c695', '36a4407b-da20-4da8-89f4-f3b53eee50e3', NULL, NULL, NULL, NULL, NULL, NULL, NULL, NULL, 0, 0, 0, 0, 1, NULL, NULL, '1', 0.00, 0.00, 0, '1', 0, 846.78, 0, 0, NULL, NULL, 'INR', NULL, '1', 0, NULL, '2022-12-04 07:00:54', '2022-12-04 07:00:57', NULL);

-- --------------------------------------------------------

--
-- Table structure for table `requests_meta`
--

CREATE TABLE `requests_meta` (
  `id` int(10) UNSIGNED NOT NULL,
  `request_id` char(36) COLLATE utf8mb4_unicode_ci NOT NULL,
  `user_id` int(10) UNSIGNED DEFAULT NULL,
  `driver_id` int(10) UNSIGNED NOT NULL,
  `active` tinyint(1) NOT NULL DEFAULT 0,
  `assign_method` enum('1','2') COLLATE utf8mb4_unicode_ci NOT NULL COMMENT '1 => one-by-one,2 => all',
  `is_later` tinyint(1) NOT NULL DEFAULT 0,
  `created_at` timestamp NULL DEFAULT NULL,
  `updated_at` timestamp NULL DEFAULT NULL
) ENGINE=InnoDB DEFAULT CHARSET=utf8mb4 COLLATE=utf8mb4_unicode_ci;

--
-- Dumping data for table `requests_meta`
--

INSERT INTO `requests_meta` (`id`, `request_id`, `user_id`, `driver_id`, `active`, `assign_method`, `is_later`, `created_at`, `updated_at`) VALUES
(19, '0c3daa20-4b6c-4934-b20d-672f01f1d012', 31, 21, 1, '1', 0, '2022-12-05 12:20:36', '2022-12-05 12:21:11');

-- --------------------------------------------------------

--
-- Table structure for table `request_bills`
--

CREATE TABLE `request_bills` (
  `id` int(10) UNSIGNED NOT NULL,
  `request_id` char(36) COLLATE utf8mb4_unicode_ci NOT NULL,
  `base_price` double(10,2) NOT NULL DEFAULT 0.00,
  `base_distance` int(11) NOT NULL,
  `total_distance` double(15,8) NOT NULL DEFAULT 0.00000000,
  `total_time` double(15,2) NOT NULL DEFAULT 0.00,
  `price_per_distance` double(10,2) NOT NULL DEFAULT 0.00,
  `distance_price` double(10,2) NOT NULL DEFAULT 0.00,
  `price_per_time` double(10,2) NOT NULL DEFAULT 0.00,
  `time_price` double(10,2) NOT NULL DEFAULT 0.00,
  `waiting_charge_per_min` int(11) NOT NULL DEFAULT 0,
  `calculated_waiting_time` int(11) NOT NULL DEFAULT 0,
  `after_trip_start_waiting_time` int(11) NOT NULL DEFAULT 0,
  `before_trip_start_waiting_time` int(11) NOT NULL DEFAULT 0,
  `airport_surge_fee` double(10,2) NOT NULL DEFAULT 0.00,
  `waiting_charge` double(10,2) NOT NULL DEFAULT 0.00,
  `cancellation_fee` double(10,2) NOT NULL DEFAULT 0.00,
  `service_tax` double(10,2) NOT NULL DEFAULT 0.00,
  `service_tax_percentage` int(11) NOT NULL DEFAULT 0,
  `promo_discount` double(10,2) NOT NULL DEFAULT 0.00,
  `admin_commision` double(10,2) NOT NULL DEFAULT 0.00,
  `admin_commision_with_tax` double(10,2) NOT NULL DEFAULT 0.00,
  `driver_commision` double(10,2) NOT NULL DEFAULT 0.00,
  `total_amount` double(10,2) NOT NULL DEFAULT 0.00,
  `requested_currency_code` varchar(191) COLLATE utf8mb4_unicode_ci NOT NULL,
  `requested_currency_symbol` varchar(191) COLLATE utf8mb4_unicode_ci DEFAULT NULL,
  `created_at` timestamp NULL DEFAULT NULL,
  `updated_at` timestamp NULL DEFAULT NULL
) ENGINE=InnoDB DEFAULT CHARSET=utf8mb4 COLLATE=utf8mb4_unicode_ci;

-- --------------------------------------------------------

--
-- Table structure for table `request_cancellation_fees`
--

CREATE TABLE `request_cancellation_fees` (
  `id` int(10) UNSIGNED NOT NULL,
  `request_id` char(36) COLLATE utf8mb4_unicode_ci NOT NULL,
  `user_id` int(10) UNSIGNED DEFAULT NULL,
  `driver_id` int(10) UNSIGNED DEFAULT NULL,
  `cancellation_fee` double(10,2) NOT NULL DEFAULT 0.00,
  `is_paid` tinyint(1) NOT NULL DEFAULT 0,
  `paid_request_id` char(36) COLLATE utf8mb4_unicode_ci DEFAULT NULL,
  `created_at` timestamp NULL DEFAULT NULL,
  `updated_at` timestamp NULL DEFAULT NULL
) ENGINE=InnoDB DEFAULT CHARSET=utf8mb4 COLLATE=utf8mb4_unicode_ci;

-- --------------------------------------------------------

--
-- Table structure for table `request_places`
--

CREATE TABLE `request_places` (
  `id` int(10) UNSIGNED NOT NULL,
  `request_id` char(36) COLLATE utf8mb4_unicode_ci NOT NULL,
  `pick_lat` double(15,8) DEFAULT NULL,
  `pick_lng` double(15,8) DEFAULT NULL,
  `drop_lat` double(15,8) DEFAULT NULL,
  `drop_lng` double(15,8) DEFAULT NULL,
  `request_path` longtext COLLATE utf8mb4_unicode_ci DEFAULT NULL,
  `pick_address` varchar(191) COLLATE utf8mb4_unicode_ci DEFAULT NULL,
  `drop_address` varchar(191) COLLATE utf8mb4_unicode_ci DEFAULT NULL,
  `created_at` timestamp NULL DEFAULT NULL,
  `updated_at` timestamp NULL DEFAULT NULL
) ENGINE=InnoDB DEFAULT CHARSET=utf8mb4 COLLATE=utf8mb4_unicode_ci;

--
-- Dumping data for table `request_places`
--

INSERT INTO `request_places` (`id`, `request_id`, `pick_lat`, `pick_lng`, `drop_lat`, `drop_lng`, `request_path`, `pick_address`, `drop_address`, `created_at`, `updated_at`) VALUES
(1, '0e431fdd-c8be-4c33-8d95-5eceba40dc9e', 12.92263730, 77.61744420, 12.97761460, 77.57225040, NULL, 'Madiwala, 1st Stage, BTM Layout, Bengaluru, Karnataka, India', 'Airport Bus Lounge, Kempegowda, Sevashrama, Bengaluru, Karnataka, India', '2022-11-28 10:27:40', '2022-11-28 10:27:40'),
(2, '5b923b3f-8cb4-4297-9109-0d36f2d8c732', 12.92424593, 77.61743288, 13.19890890, 77.70681310, NULL, '4/1,Popular Residency, 2nd Cross Rd, behind Ayyappa Temple, Old Madiwala, 1st Stage, BTM Layout, Bengaluru, Karnataka 560068, India', 'Kempegowda International Airport Bengaluru (BLR), KIAL Road, Devanahalli, Bengaluru, Karnataka, India', '2022-11-28 11:35:10', '2022-11-28 11:35:10'),
(3, '6b04b38a-376e-49d9-8d05-1745273f3efc', 12.92424528, 77.61743724, 13.19890890, 77.70681310, NULL, '4/1,Popular Residency, 2nd Cross Rd, behind Ayyappa Temple, Old Madiwala, 1st Stage, BTM Layout, Bengaluru, Karnataka 560068, India', 'Kempegowda International Airport Bengaluru (BLR), KIAL Road, Devanahalli, Bengaluru, Karnataka, India', '2022-11-28 12:24:33', '2022-11-28 12:24:33'),
(4, '8bd713f4-bdb9-4374-a26d-c71fde6ad44c', 12.91882161, 77.65185200, 13.19890890, 77.70681310, NULL, '417, 27th Main Rd, Sector 2, 1st Sector, HSR Layout, Bengaluru, Karnataka 560102, India', 'Kempegowda International Airport Bengaluru (BLR), KIAL Road, Devanahalli, Bengaluru, Karnataka, India', '2022-12-04 06:54:17', '2022-12-04 06:54:17'),
(5, '6cb24f7c-3616-46ae-9956-c2f5e58ec13a', 12.91877161, 77.65191637, 13.19890890, 77.70681310, NULL, '417, 4th floor, 27th Main Rd, 1st Sector, HSR Layout, Bengaluru, Karnataka 560102, India', 'Kempegowda International Airport Bengaluru (BLR), KIAL Road, Devanahalli, Bengaluru, Karnataka, India', '2022-12-04 06:55:59', '2022-12-04 06:55:59'),
(6, '0ff47071-1ea7-4c6f-aa4e-b744e333e65a', 12.91878501, 77.65173096, 13.19890890, 77.70681310, NULL, '417, 27th Main Rd, Sector 2, 1st Sector, HSR Layout, Bengaluru, Karnataka 560102, India', 'Kempegowda International Airport Bengaluru (BLR), KIAL Road, Devanahalli, Bengaluru, Karnataka, India', '2022-12-04 06:59:54', '2022-12-04 06:59:54'),
(7, 'e341d175-3e23-4ce0-9a10-d71aefd9ce52', 12.91885788, 77.65176114, 13.19890890, 77.70681310, NULL, '#419, Ground Floor, 27th Main Rd, 1st Sector, HSR Layout, Bengaluru, Karnataka 560102, India', 'Kempegowda International Airport Bengaluru (BLR), KIAL Road, Devanahalli, Bengaluru, Karnataka, India', '2022-12-04 07:00:54', '2022-12-04 07:00:54'),
(8, '956fdaeb-357c-4e53-bf47-9fdde4b920c2', 12.91882488, 77.65175074, 13.19890890, 77.70681310, NULL, '417, 27th Main Rd, Sector 2, 1st Sector, HSR Layout, Bengaluru, Karnataka 560102, India', 'Kempegowda International Airport Bengaluru (BLR), KIAL Road, Devanahalli, Bengaluru, Karnataka, India', '2022-12-04 07:01:34', '2022-12-04 07:01:34'),
(9, '735d23f4-7b48-4d23-8091-8e83000583af', 12.91875220, 77.65176890, 13.19890890, 77.70681310, NULL, '#677, 1st Floor, Suite No.873, 27th Main, 13th Cross Rd, 1st Sector, HSR Layout, Bengaluru, Karnataka 560102, India', 'Kempegowda International Airport Bengaluru (BLR), KIAL Road, Devanahalli, Bengaluru, Karnataka, India', '2022-12-04 07:02:02', '2022-12-04 07:02:02'),
(10, 'b96bd58e-8b22-46fc-b835-7a88d6fdca79', 12.92417502, 77.61748955, 13.19890890, 77.70681310, NULL, '116, 4th Main Rd, Old Madiwala, 1st Stage, BTM Layout, Bengaluru, Karnataka 560068, India', 'Kempegowda International Airport Bengaluru (BLR), KIAL Road, Devanahalli, Bengaluru, Karnataka, India', '2022-12-05 12:17:14', '2022-12-05 12:17:14'),
(11, 'd71df3f2-c6ee-434e-ae2b-0860b1119c45', 12.92409202, 77.61751235, 13.19890890, 77.70681310, NULL, 'WJF8+JX9, Old Madiwala, Madiwala, 1st Stage, BTM 1st Stage, Bengaluru, Karnataka 560068, India', 'Kempegowda International Airport Bengaluru (BLR), KIAL Road, Devanahalli, Bengaluru, Karnataka, India', '2022-12-05 12:19:27', '2022-12-05 12:19:27'),
(12, '7ffc4d0e-0cab-4142-a416-d0e62c8805f3', 12.92409202, 77.61751235, 13.19890890, 77.70681310, NULL, 'WJF8+JX9, Old Madiwala, Madiwala, 1st Stage, BTM 1st Stage, Bengaluru, Karnataka 560068, India', 'Kempegowda International Airport Bengaluru (BLR), KIAL Road, Devanahalli, Bengaluru, Karnataka, India', '2022-12-05 12:19:54', '2022-12-05 12:19:54'),
(13, '0c3daa20-4b6c-4934-b20d-672f01f1d012', 12.92409202, 77.61751235, 13.19890890, 77.70681310, NULL, 'WJF8+JX9, Old Madiwala, Madiwala, 1st Stage, BTM 1st Stage, Bengaluru, Karnataka 560068, India', 'Kempegowda International Airport Bengaluru (BLR), KIAL Road, Devanahalli, Bengaluru, Karnataka, India', '2022-12-05 12:20:35', '2022-12-05 12:20:35'),
(14, '7b74f246-bb72-49fa-b474-c59eb5db1b6a', 12.92425639, 77.61744261, 13.19890890, 77.70681310, NULL, '4/1,Popular Residency, 2nd Cross Rd, behind Ayyappa Temple, Old Madiwala, 1st Stage, BTM Layout, Bengaluru, Karnataka 560068, India', 'Kempegowda International Airport Bengaluru (BLR), KIAL Road, Devanahalli, Bengaluru, Karnataka, India', '2022-12-05 12:22:52', '2022-12-05 12:22:52');

-- --------------------------------------------------------

--
-- Table structure for table `request_ratings`
--

CREATE TABLE `request_ratings` (
  `id` int(10) UNSIGNED NOT NULL,
  `request_id` char(36) COLLATE utf8mb4_unicode_ci NOT NULL,
  `user_id` int(10) UNSIGNED DEFAULT NULL,
  `driver_id` int(10) UNSIGNED NOT NULL,
  `rating` double(8,2) NOT NULL DEFAULT 0.00,
  `comment` varchar(191) COLLATE utf8mb4_unicode_ci DEFAULT NULL,
  `user_rating` tinyint(1) NOT NULL DEFAULT 0,
  `driver_rating` tinyint(1) NOT NULL DEFAULT 0,
  `created_at` timestamp NULL DEFAULT NULL,
  `updated_at` timestamp NULL DEFAULT NULL
) ENGINE=InnoDB DEFAULT CHARSET=utf8mb4 COLLATE=utf8mb4_unicode_ci;

-- --------------------------------------------------------

--
-- Table structure for table `roles`
--

CREATE TABLE `roles` (
  `id` int(10) UNSIGNED NOT NULL,
  `slug` varchar(50) COLLATE utf8mb4_unicode_ci NOT NULL,
  `name` varchar(50) COLLATE utf8mb4_unicode_ci NOT NULL,
  `description` varchar(150) COLLATE utf8mb4_unicode_ci DEFAULT NULL,
  `all` tinyint(1) NOT NULL DEFAULT 0,
  `locked` tinyint(1) NOT NULL DEFAULT 0,
  `created_at` timestamp NULL DEFAULT NULL,
  `updated_at` timestamp NULL DEFAULT NULL
) ENGINE=InnoDB DEFAULT CHARSET=utf8mb4 COLLATE=utf8mb4_unicode_ci;

--
-- Dumping data for table `roles`
--

INSERT INTO `roles` (`id`, `slug`, `name`, `description`, `all`, `locked`, `created_at`, `updated_at`) VALUES
(1, 'super-admin', 'Super Admin', 'Admin group with unrestricted access', 1, 1, '2022-10-15 04:53:47', '2022-10-15 04:53:47'),
(2, 'user', 'Normal User', 'Normal user with standard access', 0, 1, '2022-10-15 04:53:47', '2022-10-15 04:53:47'),
(3, 'developer', 'Developer User', 'Normal user with standard access', 0, 1, '2022-10-15 04:53:47', '2022-10-15 04:53:47'),
(4, 'client', 'Client User', 'Normal user with standard access', 0, 1, '2022-10-15 04:53:47', '2022-10-15 04:53:47'),
(5, 'admin', 'Admin', 'Admin group with restricted access', 0, 1, '2022-10-15 04:53:47', '2022-10-15 04:53:47'),
(6, 'owner', 'Owner', 'Owner for company management', 0, 1, '2022-10-15 04:53:47', '2022-10-15 04:53:47'),
(7, 'driver', 'Driver', 'Driver user with standard access', 0, 1, '2022-10-15 04:53:47', '2022-10-15 04:53:47'),
(8, 'dispatcher', 'Dispatcher', 'Dispatcher user with standard access', 0, 1, '2022-10-15 04:53:47', '2022-10-15 04:53:47');

-- --------------------------------------------------------

--
-- Table structure for table `role_user`
--

CREATE TABLE `role_user` (
  `user_id` int(10) UNSIGNED NOT NULL,
  `role_id` int(10) UNSIGNED NOT NULL
) ENGINE=InnoDB DEFAULT CHARSET=utf8mb4 COLLATE=utf8mb4_unicode_ci;

--
-- Dumping data for table `role_user`
--

INSERT INTO `role_user` (`user_id`, `role_id`) VALUES
(1, 1),
(2, 7),
(3, 7),
(6, 6),
(7, 6),
(8, 7),
(10, 7),
(11, 7),
(12, 7),
(13, 7),
(14, 7),
(15, 8),
(16, 6),
(17, 7),
(18, 7),
(19, 2),
(20, 7),
(21, 7),
(22, 7),
(23, 7),
(24, 7),
(25, 7),
(26, 7),
(27, 7),
(28, 7),
(29, 7),
(30, 7),
(31, 2),
(32, 2);

-- --------------------------------------------------------

--
-- Table structure for table `service_locations`
--

CREATE TABLE `service_locations` (
  `id` char(36) COLLATE utf8mb4_unicode_ci NOT NULL,
  `company_key` varchar(191) COLLATE utf8mb4_unicode_ci DEFAULT NULL,
  `name` varchar(191) COLLATE utf8mb4_unicode_ci NOT NULL,
  `currency_name` varchar(191) COLLATE utf8mb4_unicode_ci DEFAULT NULL,
  `currency_code` varchar(191) COLLATE utf8mb4_unicode_ci DEFAULT NULL,
  `currency_symbol` varchar(191) COLLATE utf8mb4_unicode_ci DEFAULT NULL,
  `timezone` varchar(191) COLLATE utf8mb4_unicode_ci NOT NULL,
  `country` int(10) UNSIGNED NOT NULL,
  `active` tinyint(1) NOT NULL,
  `created_at` timestamp NULL DEFAULT NULL,
  `updated_at` timestamp NULL DEFAULT NULL,
  `deleted_at` timestamp NULL DEFAULT NULL
) ENGINE=InnoDB DEFAULT CHARSET=utf8mb4 COLLATE=utf8mb4_unicode_ci;

--
-- Dumping data for table `service_locations`
--

INSERT INTO `service_locations` (`id`, `company_key`, `name`, `currency_name`, `currency_code`, `currency_symbol`, `timezone`, `country`, `active`, `created_at`, `updated_at`, `deleted_at`) VALUES
('495241b1-10eb-4c2f-8548-b54660d8c695', NULL, 'Banglore', 'Indian rupee', 'INR', '', 'Asia/Kolkata', 102, 1, '2022-10-16 13:27:01', '2022-10-16 13:27:01', NULL),
('4aed39ce-63e5-47bf-8a01-ca940f2737d9', NULL, 'Kolkata', 'Indian rupee', 'INR', '', 'Asia/Kolkata', 102, 1, '2022-11-07 01:57:34', '2022-11-07 01:57:34', NULL),
('8d94677f-4ecb-46f4-a985-83634d5d01ff', NULL, 'Delhi', 'Indian rupee', 'INR', '', 'Asia/Kolkata', 102, 1, '2022-11-19 04:27:39', '2022-11-19 04:27:39', NULL);

-- --------------------------------------------------------

--
-- Table structure for table `settings`
--

CREATE TABLE `settings` (
  `id` int(10) UNSIGNED NOT NULL,
  `name` varchar(191) COLLATE utf8mb4_unicode_ci NOT NULL,
  `field` enum('select','text','file','password') COLLATE utf8mb4_unicode_ci NOT NULL DEFAULT 'text',
  `category` varchar(191) COLLATE utf8mb4_unicode_ci DEFAULT NULL,
  `value` varchar(191) COLLATE utf8mb4_unicode_ci DEFAULT NULL,
  `option_value` varchar(191) COLLATE utf8mb4_unicode_ci DEFAULT NULL,
  `group_name` varchar(191) COLLATE utf8mb4_unicode_ci DEFAULT NULL,
  `created_at` timestamp NULL DEFAULT NULL,
  `updated_at` timestamp NULL DEFAULT NULL
) ENGINE=InnoDB DEFAULT CHARSET=utf8mb4 COLLATE=utf8mb4_unicode_ci;

--
-- Dumping data for table `settings`
--

INSERT INTO `settings` (`id`, `name`, `field`, `category`, `value`, `option_value`, `group_name`, `created_at`, `updated_at`) VALUES
(1, 'service_tax', 'text', 'trip_settings', '30', NULL, NULL, '2022-10-15 04:53:50', '2022-10-15 04:53:50'),
(2, 'admin_commission_type', 'select', 'trip_settings', '1', '{\"percentage\":1,\"fixed\":2}', NULL, '2022-10-15 04:53:50', '2022-10-15 04:53:50'),
(3, 'admin_commission', 'text', 'trip_settings', '30', NULL, NULL, '2022-10-15 04:53:50', '2022-10-15 04:53:50'),
(4, 'minimum_wallet_amount_for_transfer', 'text', 'Wallet', '500', NULL, NULL, '2022-10-15 04:53:50', '2022-10-15 04:53:50'),
(5, 'driver_search_radius', 'text', 'trip_settings', '3', NULL, NULL, '2022-10-15 04:53:50', '2022-10-15 04:53:50'),
(6, 'user_can_make_a_ride_after_x_miniutes', 'text', 'trip_settings', '30', NULL, NULL, '2022-10-15 04:53:50', '2022-10-15 04:53:50'),
(7, 'minimum_time_for_search_drivers_for_schedule_ride', 'text', 'trip_settings', '30', NULL, NULL, '2022-10-15 04:53:50', '2022-10-15 04:53:50'),
(8, 'maximum_time_for_find_drivers_for_regular_ride', 'text', 'trip_settings', '5', NULL, NULL, '2022-10-15 04:53:50', '2022-10-15 04:53:50'),
(9, 'trip_accept_reject_duration_for_driver', 'text', 'trip_settings', '30', NULL, NULL, '2022-10-15 04:53:50', '2022-10-15 04:53:50'),
(10, 'logo', 'file', 'general', 'fR8cz82ASyiy72CkHGAoUHEJkJJAgUxYgOwosFBL.png', NULL, NULL, '2022-10-15 04:53:50', '2022-11-28 09:00:20'),
(11, 'favicon', 'file', 'general', 'IfwjEZIPpbWrpRGHHwXOcotDEIEUrj1gt6asOOSP.png', NULL, NULL, '2022-10-15 04:53:50', '2022-11-28 06:46:57'),
(12, 'app_name', 'text', 'general', 'Meta Citi', NULL, NULL, '2022-10-15 04:53:50', '2022-11-28 06:46:57'),
(13, 'currency_code', 'text', 'general', 'INR', NULL, NULL, '2022-10-15 04:53:50', '2022-10-15 04:53:50'),
(14, 'currency_symbol', 'text', 'general', '', NULL, NULL, '2022-10-15 04:53:50', '2022-10-15 04:53:50'),
(15, 'default_country_code_for_mobile_app', 'text', 'general', 'IN', NULL, NULL, '2022-10-15 04:53:50', '2022-10-15 04:53:50'),
(16, 'default_latitude', 'text', 'general', '11.21215', NULL, NULL, '2022-10-15 04:53:50', '2022-10-15 04:53:50'),
(17, 'default_longitude', 'text', 'general', '76.54545', NULL, NULL, '2022-10-15 04:53:50', '2022-10-15 04:53:50'),
(18, 'contact_us_mobile1', 'text', 'general', '', NULL, NULL, '2022-10-15 04:53:50', '2022-10-15 04:53:50'),
(19, 'contact_us_mobile2', 'text', 'general', '', NULL, NULL, '2022-10-15 04:53:50', '2022-10-15 04:53:50'),
(20, 'contact_us_link', 'text', 'general', '', NULL, NULL, '2022-10-15 04:53:50', '2022-10-15 04:53:50'),
(21, 'driver-wallet-minimum-amount-to-get-order', 'text', 'Wallet', '-10000', NULL, NULL, '2022-10-15 04:53:50', '2022-10-15 04:53:50'),
(22, 'owner-wallet-minimum-amount-to-get-order', 'text', 'Wallet', '-10000', NULL, NULL, '2022-10-15 04:53:50', '2022-10-15 04:53:50'),
(23, 'enable-stripe', 'select', 'installation', '1', '{\"yes\":1,\"no\":0}', 'stripe_settings', '2022-10-15 04:53:50', '2022-10-15 04:53:50'),
(24, 'stripe-environment', 'text', 'installation', 'test', '{\"test\":\"test\",\"production\":\"production\"}', 'stripe_settings', '2022-10-15 04:53:50', '2022-10-15 04:53:50'),
(25, 'stripe_test_publishable_key', 'text', 'installation', 'pk_test_51IuYWUSBCHfacuRqacrdy8IOlL3uUPq1XI0BZaRlqDPPcNsmywe6rSqjpM9HhVmELhXWhx95CH1pvNyQ8pvQEil900eGE0jXN8', NULL, 'stripe_settings', '2022-10-15 04:53:50', '2022-10-15 04:53:50'),
(26, 'stripe_live_publishable_key', 'text', 'installation', 'pk_test_51IuYWUSBCHfacuRqacrdy8IOlL3uUPq1XI0BZaRlqDPPcNsmywe6rSqjpM9HhVmELhXWhx95CH1pvNyQ8pvQEil900eGE0jXN8', NULL, 'stripe_settings', '2022-10-15 04:53:50', '2022-10-15 04:53:50'),
(27, 'stripe_test_secret_key', 'text', 'installation', 'sk_test_51IuYWUSBCHfacuRqT79sG9pzvqyQqpwClyvlcrEm4ZvshYDdS5TGkYfIS2uYbcxcwhNES1J2cI03l8zxFPelK0yk007d8XvEAd', NULL, 'stripe_settings', '2022-10-15 04:53:50', '2022-10-15 04:53:50'),
(28, 'stripe_live_secret_key', 'text', 'installation', 'sk_test_51IuYWUSBCHfacuRqT79sG9pzvqyQqpwClyvlcrEm4ZvshYDdS5TGkYfIS2uYbcxcwhNES1J2cI03l8zxFPelK0yk007d8XvEAd', NULL, 'stripe_settings', '2022-10-15 04:53:50', '2022-10-15 04:53:50'),
(29, 'enable-paystack', 'select', 'installation', '1', '{\"yes\":1,\"no\":0}', 'paystack_settings', '2022-10-15 04:53:50', '2022-10-15 04:53:50'),
(30, 'paystack-environment', 'text', 'installation', 'test', '{\"test\":\"test\",\"production\":\"production\"}', 'paystack_settings', '2022-10-15 04:53:50', '2022-10-15 04:53:50'),
(31, 'paystack-test-secret-key', 'text', 'installation', 'sk_test_afe3ea4a86db618f26157dcbb69aa4998db4cb99', NULL, 'paystack_settings', '2022-10-15 04:53:50', '2022-10-15 04:53:50'),
(32, 'paystack-production-secret-key', 'text', 'installation', 'sk_test_afe3ea4a86db618f26157dcbb69aa4998db4cb99', NULL, 'paystack_settings', '2022-10-15 04:53:50', '2022-10-15 04:53:50'),
(33, 'paystack_test_publishable_key', 'text', 'installation', 'pk_test_b4cb479fa0d654cb6db52663b27a019973ecfaf5', NULL, 'paystack_settings', '2022-10-15 04:53:50', '2022-10-15 04:53:50'),
(34, 'paystack_production_publishable_key', 'text', 'installation', 'pk_test_b4cb479fa0d654cb6db52663b27a019973ecfaf5', NULL, 'paystack_settings', '2022-10-15 04:53:50', '2022-10-15 04:53:50'),
(35, 'enable-flutter-wave', 'select', 'installation', '1', '{\"yes\":1,\"no\":0}', 'flutter_wave_settings', '2022-10-15 04:53:50', '2022-10-15 04:53:50'),
(36, 'flutter-wave-environment', 'text', 'installation', 'test', '{\"test\":\"test\",\"production\":\"production\"}', 'flutter_wave_settings', '2022-10-15 04:53:50', '2022-10-15 04:53:50'),
(37, 'flutter-wave-test-secret-key', 'text', 'installation', 'FLWPUBK_TEST-9e6ca8625f1660a249809d7d979a0a72-X', NULL, 'flutter_wave_settings', '2022-10-15 04:53:50', '2022-10-15 04:53:50'),
(38, 'flutter-wave-production-secret-key', 'text', 'installation', 'FLWPUBK_TEST-9e6ca8625f1660a249809d7d979a0a72-X', NULL, 'flutter_wave_settings', '2022-10-15 04:53:50', '2022-10-15 04:53:50'),
(39, 'enable-cashfree', 'select', 'installation', '1', '{\"yes\":1,\"no\":0}', 'cashfree_settings', '2022-10-15 04:53:50', '2022-10-15 04:53:50'),
(40, 'cash_free_environment', 'select', 'installation', 'test', '{\"test\":\"test\",\"production\":\"production\"}', 'cashfree_settings', '2022-10-15 04:53:50', '2022-10-15 04:53:50'),
(41, 'cash_free_app_id', 'text', 'installation', '159508ae34a76191df96dff52d805951', NULL, 'cashfree_settings', '2022-10-15 04:53:50', '2022-10-15 04:53:50'),
(42, 'cash_free_production_app_id', 'text', 'installation', '159508ae34a76191df96dff52d805951', NULL, 'cashfree_settings', '2022-10-15 04:53:50', '2022-10-15 04:53:50'),
(43, 'cash_free_secret_key', 'text', 'installation', '9fbbd7bf43e9470cb3cc6e6a36839258ebcd5ebf', NULL, 'cashfree_settings', '2022-10-15 04:53:50', '2022-10-15 04:53:50'),
(44, 'cash_free_production_secret_key', 'text', 'installation', '9fbbd7bf43e9470cb3cc6e6a36839258ebcd5ebf', NULL, 'cashfree_settings', '2022-10-15 04:53:50', '2022-10-15 04:53:50'),
(45, 'enable-razor-pay', 'select', 'installation', '1', '{\"yes\":1,\"no\":0}', 'cashfree_settings', '2022-10-15 04:53:50', '2022-10-15 04:53:50'),
(46, 'razor_pay_environment', 'select', 'installation', 'test', '{\"test\":\"test\",\"production\":\"production\"}', 'cashfree_settings', '2022-10-15 04:53:50', '2022-10-15 04:53:50'),
(47, 'razor_pay_test_api_key', 'text', 'installation', 'rzp_test_L58xOhOjEMu6wF', NULL, 'cashfree_settings', '2022-10-15 04:53:50', '2022-10-15 04:53:50'),
(48, 'razor_pay_live_api_key', 'text', 'installation', 'rzp_test_L58xOhOjEMu6wF', NULL, 'cashfree_settings', '2022-10-15 04:53:50', '2022-10-15 04:53:50'),
(49, 'referral_commision_for_user', 'text', 'Referral', '30', NULL, NULL, '2022-10-15 04:53:50', '2022-10-15 04:53:50'),
(50, 'referral_commision_for_driver', 'text', 'Referral', '20', NULL, NULL, '2022-10-15 04:53:50', '2022-11-03 03:15:07'),
(51, 'google_map_key', 'password', 'map_settings', 'AIzaSyB8uMui2d0RADfQucm22_ogcZ5jaIbHjGQ', NULL, NULL, '2022-10-15 04:53:50', '2022-11-28 03:55:42'),
(52, 'google_map_key_for_distance_matrix', 'password', 'map_settings', 'AIzaSyB8uMui2d0RADfQucm22_ogcZ5jaIbHjGQ', NULL, NULL, '2022-10-15 04:53:50', '2022-11-28 03:55:42'),
(53, 'google_sheet_id', 'text', 'map_settings', '1sOIs6oiLv-xrc3cNq2rvOv9ItXoux2MZJE_gdnBT7co', NULL, NULL, '2022-10-15 04:53:50', '2022-10-15 04:53:50'),
(54, 'firebase-db-url', 'text', 'firebase_settings', 'https://metacitiapp-default-rtdb.firebaseio.com/', NULL, NULL, '2022-10-15 04:53:50', '2022-10-29 01:16:17'),
(55, 'firebase-api-key', 'password', 'firebase_settings', 'AIzaSyDOTI_DP0X-Btm5RoGvyP_CxO8-Y7jFfM4', NULL, NULL, '2022-10-15 04:53:50', '2022-10-29 01:16:17'),
(56, 'firebase-auth-domain', 'text', 'firebase_settings', 'metacitiapp.firebaseapp.com', NULL, NULL, '2022-10-15 04:53:50', '2022-10-29 01:16:17'),
(57, 'firebase-project-id', 'text', 'firebase_settings', 'metacitiapp', NULL, NULL, '2022-10-15 04:53:50', '2022-10-29 01:16:17'),
(58, 'firebase-storage-bucket', 'text', 'firebase_settings', 'metacitiapp.appspot.com', NULL, NULL, '2022-10-15 04:53:50', '2022-10-29 01:16:17'),
(59, 'firebase-messaging-sender-id', 'text', 'firebase_settings', '529874796738', NULL, NULL, '2022-10-15 04:53:50', '2022-10-29 01:16:17'),
(60, 'firebase-app-id', 'text', 'firebase_settings', '1:529874796738:web:83adc7cb858bf6fd933b5b', NULL, NULL, '2022-10-15 04:53:50', '2022-10-29 01:16:18'),
(61, 'firebase-measurement-id', 'text', 'firebase_settings', 'G-S8X5PZ4Q3X', NULL, NULL, '2022-10-15 04:53:50', '2022-10-29 01:16:18'),
(62, 'show_rental_ride_feature', 'select', 'general', '1', '{\"yes\":1,\"no\":0}', NULL, '2022-10-15 04:53:50', '2022-10-15 04:53:50'),
(63, 'show_ride_otp_feature', 'select', 'general', '1', '{\"yes\":1,\"no\":0}', NULL, '2022-10-15 04:53:50', '2022-10-15 04:53:50'),
(64, 'show_ride_later_feature', 'select', 'general', '1', '{\"yes\":1,\"no\":0}', NULL, '2022-10-15 04:53:50', '2022-10-15 04:53:50');

-- --------------------------------------------------------

--
-- Table structure for table `sos`
--

CREATE TABLE `sos` (
  `id` char(36) COLLATE utf8mb4_unicode_ci NOT NULL,
  `company_key` varchar(191) COLLATE utf8mb4_unicode_ci DEFAULT NULL,
  `service_location_id` char(36) COLLATE utf8mb4_unicode_ci DEFAULT NULL,
  `name` varchar(191) COLLATE utf8mb4_unicode_ci NOT NULL,
  `number` varchar(191) COLLATE utf8mb4_unicode_ci NOT NULL,
  `user_type` enum('admin','mobile-users') COLLATE utf8mb4_unicode_ci NOT NULL,
  `created_by` int(10) UNSIGNED DEFAULT NULL,
  `active` tinyint(1) NOT NULL DEFAULT 1,
  `created_at` timestamp NULL DEFAULT NULL,
  `updated_at` timestamp NULL DEFAULT NULL,
  `deleted_at` timestamp NULL DEFAULT NULL
) ENGINE=InnoDB DEFAULT CHARSET=utf8mb4 COLLATE=utf8mb4_unicode_ci;

-- --------------------------------------------------------

--
-- Table structure for table `states`
--

CREATE TABLE `states` (
  `id` char(36) COLLATE utf8mb4_unicode_ci NOT NULL,
  `slug` varchar(50) COLLATE utf8mb4_unicode_ci NOT NULL,
  `name` varchar(50) COLLATE utf8mb4_unicode_ci NOT NULL,
  `active` tinyint(1) NOT NULL DEFAULT 1
) ENGINE=InnoDB DEFAULT CHARSET=utf8mb4 COLLATE=utf8mb4_unicode_ci;

-- --------------------------------------------------------

--
-- Table structure for table `time_zones`
--

CREATE TABLE `time_zones` (
  `id` char(36) COLLATE utf8mb4_unicode_ci NOT NULL,
  `name` varchar(191) COLLATE utf8mb4_unicode_ci DEFAULT NULL,
  `timezone` varchar(191) COLLATE utf8mb4_unicode_ci DEFAULT NULL,
  `active` tinyint(1) NOT NULL DEFAULT 1,
  `created_at` timestamp NULL DEFAULT NULL,
  `updated_at` timestamp NULL DEFAULT NULL
) ENGINE=InnoDB DEFAULT CHARSET=utf8mb4 COLLATE=utf8mb4_unicode_ci;

--
-- Dumping data for table `time_zones`
--

INSERT INTO `time_zones` (`id`, `name`, `timezone`, `active`, `created_at`, `updated_at`) VALUES
('00b3df40-40f8-48a1-a4c6-07c23d48fc60', 'Macquarie', 'Antarctica/Macquarie', 1, NULL, NULL),
('00b44bdd-261e-4022-92f8-c50a529e61c3', 'Pontianak', 'Asia/Pontianak', 1, NULL, NULL),
('00f44d8c-2f0f-4b40-a5bf-772bb8d97b18', 'Guyana', 'America/Guyana', 1, NULL, NULL),
('010d244d-da89-4606-b28f-378379a533f6', 'St Helena', 'Atlantic/St_Helena', 1, NULL, NULL),
('02156471-af71-4295-b4e5-062be04495ba', 'Seoul', 'Asia/Seoul', 1, NULL, NULL),
('02766123-76b0-4727-bb76-87b73f6aa6c2', 'Goose Bay', 'America/Goose_Bay', 1, NULL, NULL),
('02972127-72d1-4c0b-98fe-fc2346cd44f2', 'Lindeman', 'Australia/Lindeman', 1, NULL, NULL),
('02bd3171-ccba-4c26-8de3-e0bc94054164', 'Brisbane', 'Australia/Brisbane', 1, NULL, NULL),
('0335331b-f821-4943-a2f7-77ccc24be84c', 'Dubai', 'Asia/Dubai', 1, NULL, NULL),
('034d7276-2a26-47ad-8193-feface5ee581', 'Yakutsk', 'Asia/Yakutsk', 1, NULL, NULL),
('03506596-7773-420e-bc6b-c796db704ae7', 'Belgrade', 'Europe/Belgrade', 1, NULL, NULL),
('0364c6c2-8cb5-47ab-85f5-4833f695ca40', 'Eirunepe', 'America/Eirunepe', 1, NULL, NULL),
('036f4040-15ee-4504-bbae-3df21cd7fae2', 'Argentina - Tucuman', 'America/Argentina/Tucuman', 1, NULL, NULL),
('04029577-3e3a-4f90-9bd3-1c0555611ebe', 'Aden', 'Asia/Aden', 1, NULL, NULL),
('04053ebb-ec2d-4d1a-8aea-ee72569a518c', 'Nipigon', 'America/Nipigon', 1, NULL, NULL),
('046195e1-ad50-4692-8926-7c3ecf6f49ad', 'Kentucky - Louisville', 'America/Kentucky/Louisville', 1, NULL, NULL),
('04c9f305-5bd4-4f05-8652-626c69541915', 'Sao Tome', 'Africa/Sao_Tome', 1, NULL, NULL),
('0523f053-c68e-472a-988f-0ce73d40a86b', 'Cancun', 'America/Cancun', 1, NULL, NULL),
('056402b8-9b03-4030-b99e-d3632a1e2ce6', 'Rio Branco', 'America/Rio_Branco', 1, NULL, NULL),
('060bf2f7-7263-4bbe-ac39-5969e3a0455d', 'Dominica', 'America/Dominica', 1, NULL, NULL),
('0669a1f8-c13d-46d6-9d9a-3a402acde155', 'Jayapura', 'Asia/Jayapura', 1, NULL, NULL),
('07edf453-fe49-4bf9-a1b0-8101d50d2cf1', 'Kathmandu', 'Asia/Kathmandu', 1, NULL, NULL),
('082d38f2-83b9-49c1-be20-27dfab14ee09', 'Bucharest', 'Europe/Bucharest', 1, NULL, NULL),
('08902082-33af-4707-9b4d-19eee117a617', 'Madeira', 'Atlantic/Madeira', 1, NULL, NULL),
('095e8b95-5d55-4a6b-8348-38b30cd1914d', 'Belfast', 'Europe/Belfast', 1, NULL, NULL),
('09638680-47a0-47b6-a0f7-761c68dd9614', 'Detroit', 'America/Detroit', 1, NULL, NULL),
('09c4142f-b779-4502-ba4a-878722bf8bdf', 'Belem', 'America/Belem', 1, NULL, NULL),
('0a0828a3-e452-4f93-bf5c-3ececb21808d', 'Jamaica', 'America/Jamaica', 1, NULL, NULL),
('0ae1dd5e-82fd-499d-9a0b-8cd37e57afda', 'Kolkata', 'Asia/Kolkata', 1, NULL, NULL),
('0afb665b-0009-4c0b-a3de-b7e0be18348f', 'Lisbon', 'Europe/Lisbon', 1, NULL, NULL),
('0cb63622-0b64-4ae5-86aa-7c2cb5774ce7', 'Cairo', 'Africa/Cairo', 1, NULL, NULL),
('0d7ee903-39eb-47ce-988f-e631b95e3f7f', 'Oslo', 'Europe/Oslo', 1, NULL, NULL),
('0e7590f3-5718-4e3f-b023-f5ebad58c5b2', 'Indianapolis', 'America/Indianapolis', 1, NULL, NULL),
('0fb8dac3-5a14-4181-86a4-ebbec6e50271', 'Ouagadougou', 'Africa/Ouagadougou', 1, NULL, NULL),
('0ff61af4-a3fc-465e-8d83-b11e46d0d7e3', 'Chatham', 'Pacific/Chatham', 1, NULL, NULL),
('1022e60a-4b5e-41b1-9112-e5dd55492e34', 'Jerusalem', 'Asia/Jerusalem', 1, NULL, NULL),
('114ae4a9-5ab4-4eb5-b0bc-3d38636daa29', 'Port of Spain', 'America/Port_of_Spain', 1, NULL, NULL),
('11b4e073-1d91-4d7f-aef7-bc5545388f3a', 'Thimbu', 'Asia/Thimbu', 1, NULL, NULL),
('12858bf2-2cd5-4dba-a737-edd8aa316cd5', 'Vatican', 'Europe/Vatican', 1, NULL, NULL),
('148ee59c-be9b-4f52-8e04-858255e52cac', 'Baghdad', 'Asia/Baghdad', 1, NULL, NULL),
('153e2da5-184c-4cff-bbca-77ad72e30abb', 'Bamako', 'Africa/Bamako', 1, NULL, NULL),
('169773cd-03c8-47bd-9051-98a819e32ef2', 'Madrid', 'Europe/Madrid', 1, NULL, NULL),
('18d57f15-37b9-4227-a2c2-9e6af29891a8', 'Atka', 'America/Atka', 1, NULL, NULL),
('19197f05-c1c9-44d3-b1a8-4074a6cb753a', 'Harare', 'Africa/Harare', 1, NULL, NULL),
('1be93f46-4a69-4968-b8d5-a71ad42b4fed', 'Faeroe', 'Atlantic/Faeroe', 1, NULL, NULL),
('1c0d5409-31b8-4fdc-be5a-23403908a306', 'Isle of Man', 'Europe/Isle_of_Man', 1, NULL, NULL),
('1c202016-041d-4d60-8d36-abc39146c3d2', 'Maseru', 'Africa/Maseru', 1, NULL, NULL),
('1c4c23c6-74fd-43b3-a012-1b5dcc7b7208', 'Vancouver', 'America/Vancouver', 1, NULL, NULL),
('1c91a4d0-d990-40a7-95e2-e76f5207d26a', 'Chihuahua', 'America/Chihuahua', 1, NULL, NULL),
('1d7262b2-b6d3-41b7-81a4-b32bcc523a47', 'Hovd', 'Asia/Hovd', 1, NULL, NULL),
('1d748f2b-942b-49b8-b788-3afea58b88f5', 'Tongatapu', 'Pacific/Tongatapu', 1, NULL, NULL),
('1d7dce91-d3c7-4725-aa17-2dc71e5c211e', 'Broken Hill', 'Australia/Broken_Hill', 1, NULL, NULL),
('1dca43e8-c710-4c00-b94c-4fb01c5fff8a', 'Santarem', 'America/Santarem', 1, NULL, NULL),
('1e0bc4e2-77f3-4a3d-a35f-295c1b39375c', 'Bujumbura', 'Africa/Bujumbura', 1, NULL, NULL),
('1e68e13b-79d0-4983-9dbd-3e6646d5efb9', 'St Thomas', 'America/St_Thomas', 1, NULL, NULL),
('1fde61f1-21fb-49c2-bc5b-3b6d302b25e8', 'Luanda', 'Africa/Luanda', 1, NULL, NULL),
('2015e733-96a7-424d-bd18-94f7473b2247', 'Menominee', 'America/Menominee', 1, NULL, NULL),
('21122689-d6ad-48e0-90f2-4b637ed07943', 'Zaporozhye', 'Europe/Zaporozhye', 1, NULL, NULL),
('21be9f1d-1d4e-4afc-aa55-ecb72745043b', 'Fortaleza', 'America/Fortaleza', 1, NULL, NULL),
('226f4b7c-8edc-48df-9b4d-d8a6b612714a', 'Bratislava', 'Europe/Bratislava', 1, NULL, NULL),
('23584601-bd3a-44d3-9f22-6a7b901aacfe', 'Palmer', 'Antarctica/Palmer', 1, NULL, NULL),
('237ea038-0380-4e5c-be0f-7269776c5ac2', 'Yellowknife', 'America/Yellowknife', 1, NULL, NULL),
('23c804ca-1835-4cde-a17b-38bcb30f5a1d', 'Dili', 'Asia/Dili', 1, NULL, NULL),
('24ea9b2f-dcce-4f53-9fb0-253ef80614e9', 'Bishkek', 'Asia/Bishkek', 1, NULL, NULL),
('253d412e-970f-4095-80bf-dd47632c217c', 'Gambier', 'Pacific/Gambier', 1, NULL, NULL),
('25b32d78-e4bf-4588-84e4-e2d0052b92ec', 'Norfolk', 'Pacific/Norfolk', 1, NULL, NULL),
('25d2e293-8993-48d7-b151-b4a8e433931d', 'Rosario', 'America/Rosario', 1, NULL, NULL),
('2651cbf4-9804-4a17-a6c0-d004f9faa16d', 'Pago Pago', 'Pacific/Pago_Pago', 1, NULL, NULL),
('2706faba-0f1c-4bb7-952d-812efdc97afb', 'Jakarta', 'Asia/Jakarta', 1, NULL, NULL),
('273d6187-5c46-4026-8f7d-0714fb0a5961', 'Hong Kong', 'Asia/Hong_Kong', 1, NULL, NULL),
('275d219a-c709-43a9-9f4c-339a33d8b9cb', 'Lord Howe', 'Australia/Lord_Howe', 1, NULL, NULL),
('276689e7-e5aa-4d4a-8bb3-61a77ce2664f', 'Mauritius', 'Indian/Mauritius', 1, NULL, NULL),
('278992fe-ec43-40c5-8706-76386fb62592', 'San Marino', 'Europe/San_Marino', 1, NULL, NULL),
('293e0328-4178-4edc-ad2e-8f3562b24b74', 'Novosibirsk', 'Asia/Novosibirsk', 1, NULL, NULL),
('29fbe32e-048e-4bf8-bc41-30df6680f9c7', 'Majuro', 'Pacific/Majuro', 1, NULL, NULL),
('2a217978-8451-4be2-81c5-84041d926b29', 'Prague', 'Europe/Prague', 1, NULL, NULL),
('2ac2aeb9-00cd-4afa-8ba9-c021e74e7078', 'Boa Vista', 'America/Boa_Vista', 1, NULL, NULL),
('2c1c388f-24a9-4a4a-8bff-5830cfcb64d6', 'Noronha', 'America/Noronha', 1, NULL, NULL),
('2c999d46-0691-4a6c-b97c-0fb36fc5813d', 'South', 'Australia/South', 1, NULL, NULL),
('2cd68491-0b9d-4794-b85d-429c963908ac', 'Tehran', 'Asia/Tehran', 1, NULL, NULL),
('2d96fb52-59c6-48e0-823b-7bd61e1548ac', 'Kashgar', 'Asia/Kashgar', 1, NULL, NULL),
('2e3d6b43-b73a-4f4f-8c77-456bbeccde78', 'Choibalsan', 'Asia/Choibalsan', 1, NULL, NULL),
('2ef2d59f-b2d8-4973-8bc1-43d7bf492333', 'Darwin', 'Australia/Darwin', 1, NULL, NULL),
('2f67c992-6828-462b-a3cf-be2fee11b1f9', 'Halifax', 'America/Halifax', 1, NULL, NULL),
('3029bbb6-5198-441a-a836-d4f1659fd6f5', 'Marigot', 'America/Marigot', 1, NULL, NULL),
('30517e03-a402-45fd-909e-504dc87e51f6', 'Lusaka', 'Africa/Lusaka', 1, NULL, NULL),
('314027a2-5c18-4e02-8dae-1750d24ff5d0', 'Khartoum', 'Africa/Khartoum', 1, NULL, NULL),
('3186129f-708e-4a18-a5d6-b1ceb6e47099', 'Easter', 'Pacific/Easter', 1, NULL, NULL),
('31ab09ab-6f17-4b5a-badb-b5d55d845f18', 'New York', 'America/New_York', 1, NULL, NULL),
('31bbdd46-b923-486f-afd9-56486866404f', 'South Georgia', 'Atlantic/South_Georgia', 1, NULL, NULL),
('321d60b4-051c-438e-88be-f907a1dda4f9', 'Glace Bay', 'America/Glace_Bay', 1, NULL, NULL),
('32b9a9fb-42f1-4dc5-949b-d0d3f64a0706', 'Zurich', 'Europe/Zurich', 1, NULL, NULL),
('32dbbd5d-cfd6-46e9-8d68-10a69b2adbbf', 'Mayotte', 'Indian/Mayotte', 1, NULL, NULL),
('345d6684-16cc-406d-91a5-8a51496b892a', 'Indiana - Winamac', 'America/Indiana/Winamac', 1, NULL, NULL),
('34d2ee99-1cb1-414f-b95a-ce4a3b3551c0', 'Cuiaba', 'America/Cuiaba', 1, NULL, NULL),
('352fbaaa-b39d-4d15-86b8-bc30fe358a93', 'Kerguelen', 'Indian/Kerguelen', 1, NULL, NULL),
('358302db-2531-4a1a-8a80-268874929d37', 'Fiji', 'Pacific/Fiji', 1, NULL, NULL),
('36261b5f-7ed8-475b-965f-89a00a99f5d5', 'Midway', 'Pacific/Midway', 1, NULL, NULL),
('36bdcf43-9f20-4f12-bd74-e758cbb18a41', 'Danmarkshavn', 'America/Danmarkshavn', 1, NULL, NULL),
('36daa284-c88c-44c5-8c83-7095a029373d', 'Montreal', 'America/Montreal', 1, NULL, NULL),
('37535a74-2b52-4208-8c1c-766506a4d370', 'Argentina - Rio Gallegos', 'America/Argentina/Rio_Gallegos', 1, NULL, NULL),
('378c4715-fb3f-4d0f-932c-927d940e3a05', 'Casey', 'Antarctica/Casey', 1, NULL, NULL),
('37fc9efa-0346-4141-ae90-92ace405c265', 'Comoro', 'Indian/Comoro', 1, NULL, NULL),
('38a975c7-4585-4bb6-8580-3ec9e1fb18de', 'Swift Current', 'America/Swift_Current', 1, NULL, NULL),
('3975b744-1bc7-4c8f-ba46-b07e79065100', 'Bangui', 'Africa/Bangui', 1, NULL, NULL),
('39aac3f0-4fe4-4c79-93bf-3e8cf61d0683', 'Reykjavik', 'Atlantic/Reykjavik', 1, NULL, NULL),
('3a549384-3797-449d-95f2-4980bc4da6a6', 'Ponape', 'Pacific/Ponape', 1, NULL, NULL),
('3a965bb4-3e32-4f87-99e8-ccf5048f926e', 'Malta', 'Europe/Malta', 1, NULL, NULL),
('3b97791f-f814-4e7f-b391-ab977885cc13', 'Tirane', 'Europe/Tirane', 1, NULL, NULL),
('3c0f330d-214a-4771-a4b3-6d5fa2cc89e4', 'Grenada', 'America/Grenada', 1, NULL, NULL),
('3ce1ce19-3871-4d0f-8e0c-1291fdf0f599', 'Guayaquil', 'America/Guayaquil', 1, NULL, NULL),
('3d3fa4be-03e9-40fb-b0d1-df79f63cddc4', 'Thunder Bay', 'America/Thunder_Bay', 1, NULL, NULL),
('3e3d1c7d-f2dd-4ca5-9331-48c2eaa995a3', 'Thule', 'America/Thule', 1, NULL, NULL),
('3e59e5f1-f9de-4d27-a183-1e8cef23fc60', 'Manila', 'Asia/Manila', 1, NULL, NULL),
('3eaf6809-8f77-4e67-9ef1-76de703813fa', 'Nairobi', 'Africa/Nairobi', 1, NULL, NULL),
('3f70a747-9a26-441d-8ffe-2f8399c514ab', 'Wake', 'Pacific/Wake', 1, NULL, NULL),
('3fb7fdb4-a6e3-4b49-a371-fb72f052d545', 'Tbilisi', 'Asia/Tbilisi', 1, NULL, NULL),
('41ad69de-15f7-4c3c-8081-0d8da60c76ab', 'North Dakota - New Salem', 'America/North_Dakota/New_Salem', 1, NULL, NULL),
('4255467e-3c3b-40c7-99f2-58cafd02a0ab', 'Panama', 'America/Panama', 1, NULL, NULL),
('4378c834-aaef-45f6-8b4d-b6047dfef377', 'Skopje', 'Europe/Skopje', 1, NULL, NULL),
('43ca869d-2a34-4841-a4fb-b32495485315', 'Antananarivo', 'Indian/Antananarivo', 1, NULL, NULL),
('444eaa96-416d-4c4a-ba30-a7a05e1e60d8', 'Santa Isabel', 'America/Santa_Isabel', 1, NULL, NULL),
('446d5f27-6ed9-435f-89d0-0a7184ff5303', 'Blanc-Sablon', 'America/Blanc-Sablon', 1, NULL, NULL),
('45256bae-7cca-4012-83f8-e504113140e1', 'Qatar', 'Asia/Qatar', 1, NULL, NULL),
('4608f7b7-5dfd-4475-a761-124f7c056f7a', 'Yakutat', 'America/Yakutat', 1, NULL, NULL),
('46310dc3-3420-485c-9f0b-2647f52175d9', 'Rarotonga', 'Pacific/Rarotonga', 1, NULL, NULL),
('4680c12c-5caf-43a8-abbe-df90dc7e357f', 'Ujung Pandang', 'Asia/Ujung_Pandang', 1, NULL, NULL),
('48037904-2b5a-4c71-afe5-8c37c4bbfb0b', 'Karachi', 'Asia/Karachi', 1, NULL, NULL),
('48ef4a0e-bbec-48b6-81dc-c0a18d1233be', 'Monaco', 'Europe/Monaco', 1, NULL, NULL),
('4909706d-59c5-4872-b6e9-a3989ea764f7', 'Argentina - Catamarca', 'America/Argentina/Catamarca', 1, NULL, NULL),
('495b1618-7928-45df-81c2-99c2b746f8f5', 'ACT', 'Australia/ACT', 1, NULL, NULL),
('4ba993c3-9ea7-4ae4-8db3-a55668006ca1', 'Nassau', 'America/Nassau', 1, NULL, NULL),
('4c785035-31dc-482e-b90d-0c82acab4bc9', 'Jujuy', 'America/Jujuy', 1, NULL, NULL),
('4dca88f3-51c2-4540-b4a2-0d607e1a0364', 'Denver', 'America/Denver', 1, NULL, NULL),
('4e3a87d0-ce49-4ef0-b18d-0467d7b1b8be', 'Winnipeg', 'America/Winnipeg', 1, NULL, NULL),
('4eaba44c-b631-4431-8a90-96e03ad64057', 'Argentina - Mendoza', 'America/Argentina/Mendoza', 1, NULL, NULL),
('500c7160-541e-4e1f-a6e5-c90d59713430', 'Pangnirtung', 'America/Pangnirtung', 1, NULL, NULL),
('50b7a4fe-1383-4a62-a3d9-6c6a90654b0b', 'Mawson', 'Antarctica/Mawson', 1, NULL, NULL),
('5382d588-ad18-4094-8d02-248725eae754', 'Moncton', 'America/Moncton', 1, NULL, NULL),
('53878f44-e28c-44d5-b74d-099c51bfde37', 'Honolulu (Hawaii)', 'Pacific/Honolulu', 1, NULL, NULL),
('53ae4e33-b6ab-4ee9-9215-fba692b37ebc', 'Novokuznetsk', 'Asia/Novokuznetsk', 1, NULL, NULL),
('54c665de-84e5-4072-ba1d-63eb4f4f6ce0', 'Blantyre', 'Africa/Blantyre', 1, NULL, NULL),
('54ccdfb6-d8f3-4cc1-b4b3-bf46d0637f82', 'Adak', 'America/Adak', 1, NULL, NULL),
('55815242-33a5-49f1-89b6-526c36beaa41', 'Mahe', 'Indian/Mahe', 1, NULL, NULL),
('558ab448-8538-45cd-91b5-c19b749058c3', 'Martinique', 'America/Martinique', 1, NULL, NULL),
('5603fdb7-f6bc-400f-994a-ffa0cfe0afae', 'Lima', 'America/Lima', 1, NULL, NULL),
('5664cd39-9a58-4a71-b389-0fd24a2bb91b', 'Tallinn', 'Europe/Tallinn', 1, NULL, NULL),
('56a5f970-c9e2-4433-948d-2208521b9c53', 'Enderbury', 'Pacific/Enderbury', 1, NULL, NULL),
('56b52905-e4dc-4eab-a2cb-d87ded35942d', 'Argentina - Salta', 'America/Argentina/Salta', 1, NULL, NULL),
('56f811ef-d305-45c9-9c65-67e4cf325b06', 'Dushanbe', 'Asia/Dushanbe', 1, NULL, NULL),
('56fcffe2-dfa2-47cb-89bd-468a882ad163', 'Colombo', 'Asia/Colombo', 1, NULL, NULL),
('5763effe-f256-4e80-acd5-98eabf5400bf', 'Dar es Salaam', 'Africa/Dar_es_Salaam', 1, NULL, NULL),
('57a73b51-5271-4322-b97f-2752f1851c0a', 'Singapore', 'Asia/Singapore', 1, NULL, NULL),
('5821be27-d922-4b14-89e2-6e308f45aae7', 'Porto Acre', 'America/Porto_Acre', 1, NULL, NULL),
('59fcde13-e2e6-469c-b760-058faea5ee65', 'Malabo', 'Africa/Malabo', 1, NULL, NULL),
('5a0e3386-7bd8-4a20-aa2d-4d42991de29d', 'Shiprock', 'America/Shiprock', 1, NULL, NULL),
('5a11f54a-c018-4000-b0c3-8655cdb81e89', 'Argentina - Buenos Aires', 'America/Argentina/Buenos_Aires', 1, NULL, NULL),
('5a2c700f-9201-4fd7-8721-a6ac54ab660c', 'Dhaka', 'Asia/Dhaka', 1, NULL, NULL),
('5a8dbc9f-fce5-4b69-97d5-536e1e733115', 'Kamchatka', 'Asia/Kamchatka', 1, NULL, NULL),
('5a8ed016-9f72-4433-8c81-fa1b6c8c4009', 'Zagreb', 'Europe/Zagreb', 1, NULL, NULL),
('5aab8dbc-92fa-485c-ba57-0c292b825740', 'St Lucia', 'America/St_Lucia', 1, NULL, NULL),
('5bec3c7d-e48c-4dc5-a82a-bf45ade1ad60', 'Calcutta', 'Asia/Calcutta', 1, NULL, NULL),
('5bee3760-7cc8-4565-9b49-c61544ea4a15', 'Chisinau', 'Europe/Chisinau', 1, NULL, NULL),
('5e788d04-f38d-4982-99e5-79f64d44e1c1', 'Omsk', 'Asia/Omsk', 1, NULL, NULL),
('5ea442b9-57ba-4925-abdb-e44590b16bf0', 'Cocos', 'Indian/Cocos', 1, NULL, NULL),
('5ed7a2cb-3904-413b-8e62-0a1a9b2ae65a', 'Urumqi', 'Asia/Urumqi', 1, NULL, NULL),
('5ee9726f-45a8-4acb-b205-978f0af22a12', 'Istanbul', 'Asia/Istanbul', 1, NULL, NULL),
('5fe6529f-6681-461d-ae5f-011fcfdbfc23', 'Reunion', 'Indian/Reunion', 1, NULL, NULL),
('600d0465-af82-431b-a783-ce67f8293ff5', 'Irkutsk', 'Asia/Irkutsk', 1, NULL, NULL),
('60a38d36-58ad-4592-b075-3777f0af9a1f', 'Honolulu', 'Pacific/Honolulu', 1, NULL, NULL),
('6134be14-6d2c-4111-b7e1-3dc27e463e95', 'Toronto', 'America/Toronto', 1, NULL, NULL),
('617e7263-c78e-44fc-b85f-db10373c16b0', 'Brunei', 'Asia/Brunei', 1, NULL, NULL),
('61b2209c-f6f8-43b6-ac4f-d41a7b801811', 'Phnom Penh', 'Asia/Phnom_Penh', 1, NULL, NULL),
('61cdecda-cbd4-4f5a-9961-5de6dd47f487', 'Indiana - Vincennes', 'America/Indiana/Vincennes', 1, NULL, NULL),
('625856c8-eca2-4e8e-b3b6-e05d81381504', 'Algiers', 'Africa/Algiers', 1, NULL, NULL),
('626da421-3cf7-4d1a-bf05-13b4f9354915', 'Edmonton', 'America/Edmonton', 1, NULL, NULL),
('62d93c38-e640-4eaa-9887-6052d38fe890', 'Samarkand', 'Asia/Samarkand', 1, NULL, NULL),
('63d49744-eb1e-4117-9d5e-30a19553d995', 'Asmara', 'Africa/Asmara', 1, NULL, NULL),
('63f6a002-51f3-438a-98e4-b35ee7241f6b', 'Paris', 'Europe/Paris', 1, NULL, NULL),
('6448e841-5cbe-49f4-9ba1-23179f90ed2d', 'Brazzaville', 'Africa/Brazzaville', 1, NULL, NULL),
('645434a7-4c77-4396-b941-6047d681e78c', 'Bogota', 'America/Bogota', 1, NULL, NULL),
('649bd6fe-f656-4e0b-93c9-26cb2d1fd25b', 'Vaduz', 'Europe/Vaduz', 1, NULL, NULL),
('650b1b06-4ac1-468b-a2ee-b2c7da62486e', 'North', 'Australia/North', 1, NULL, NULL),
('66366925-5c3d-4638-9cff-fce8737b80d7', 'Gaza', 'Asia/Gaza', 1, NULL, NULL),
('667315b1-5f4b-421e-99ff-2be294822ef0', 'Knox IN', 'America/Knox_IN', 1, NULL, NULL),
('66bddbce-b321-4609-b8e8-db14da71373e', 'Curacao', 'America/Curacao', 1, NULL, NULL),
('67671745-c3b9-415d-9adc-be7a68cf3c9a', 'London', 'Europe/London', 1, NULL, NULL),
('683707b7-1609-478e-879f-a3ee64a159ea', 'Kaliningrad', 'Europe/Kaliningrad', 1, NULL, NULL),
('687c3b65-0e6a-4c3a-a204-2482b88e394b', 'Athens', 'Europe/Athens', 1, NULL, NULL),
('698b2130-68c2-45c6-8452-1d88c2ad9357', 'Simferopol', 'Europe/Simferopol', 1, NULL, NULL),
('6a7dabf2-89bf-4ca0-959d-b07357ce082a', 'Hermosillo', 'America/Hermosillo', 1, NULL, NULL),
('6aa72ca4-ae9d-4119-a059-350c955631b5', 'Bahia', 'America/Bahia', 1, NULL, NULL),
('6b16c5f8-f57b-4ed0-b511-d9f2656b712b', 'Kabul', 'Asia/Kabul', 1, NULL, NULL),
('6ca56fd7-6abc-44ec-a838-63ab2c29b17a', 'Santo Domingo', 'America/Santo_Domingo', 1, NULL, NULL),
('6ce2119b-1ebb-4455-b643-ecf0cb5fdb40', 'Kiritimati', 'Pacific/Kiritimati', 1, NULL, NULL),
('6d631f34-05cf-48e3-b8c7-053897e3b3bd', 'Argentina - San Juan', 'America/Argentina/San_Juan', 1, NULL, NULL),
('6e1eeb6d-08aa-48c7-8435-47d3aae05fbe', 'Kwajalein', 'Pacific/Kwajalein', 1, NULL, NULL),
('6e67372f-32aa-44b2-80b2-13dc13328b04', 'Bissau', 'Africa/Bissau', 1, NULL, NULL),
('6f6ceb5c-3241-4280-adfa-81fbb0dc0623', 'Efate', 'Pacific/Efate', 1, NULL, NULL),
('710d2bdb-32e6-4da9-a5e3-04b86aaae95a', 'Montserrat', 'America/Montserrat', 1, NULL, NULL),
('71cc1ee4-e502-4f02-b326-1b17fbff4a18', 'Luxembourg', 'Europe/Luxembourg', 1, NULL, NULL),
('72194536-14fe-4d38-819e-7a11e8ae70a0', 'Fakaofo', 'Pacific/Fakaofo', 1, NULL, NULL),
('731d8c13-9056-46fc-b196-01de5179b920', 'Macau', 'Asia/Macau', 1, NULL, NULL),
('7564e4a6-7771-4547-9815-cf5438eb65b8', 'Campo Grande', 'America/Campo_Grande', 1, NULL, NULL),
('76511c9f-7fca-4b9a-9978-f2989bb5d4f0', 'Phoenix', 'America/Phoenix', 1, NULL, NULL),
('77cbff44-2939-40ad-8050-71e7ea4b187f', 'Paramaribo', 'America/Paramaribo', 1, NULL, NULL),
('780e7a3e-3a3c-43d8-ab7f-450674153cbc', 'Vientiane', 'Asia/Vientiane', 1, NULL, NULL),
('784691f5-66af-4401-91b7-813cd837e9e2', 'Nouakchott', 'Africa/Nouakchott', 1, NULL, NULL),
('78f6ea2b-0e06-46db-995f-ff6deacf8a7d', 'Los Angeles (Pacific)', 'America/Los_Angeles', 1, NULL, NULL),
('79bb360d-87d5-48d5-8608-75d9ec219f40', 'Bahrain', 'Asia/Bahrain', 1, NULL, NULL),
('79e76faa-1112-4610-883c-07e3857ac864', 'Eucla', 'Australia/Eucla', 1, NULL, NULL),
('7a4595db-6528-4204-ac1d-a13cec81ec57', 'Conakry', 'Africa/Conakry', 1, NULL, NULL),
('7a500b13-a5ee-4492-9029-a594ab0ad0a6', 'Guadeloupe', 'America/Guadeloupe', 1, NULL, NULL),
('7c170e79-69a2-4dbe-8c9c-82963c690719', 'Sydney', 'Australia/Sydney', 1, NULL, NULL),
('7d3ac5b5-5e21-4e61-8b10-c0bd1d670382', 'Mendoza', 'America/Mendoza', 1, NULL, NULL),
('7dfb4bf3-30d5-4c8b-9461-7eafcd5f3bde', 'Windhoek', 'Africa/Windhoek', 1, NULL, NULL),
('7e1bfe8d-4be5-47d4-982d-257e5d919293', 'Tripoli', 'Africa/Tripoli', 1, NULL, NULL),
('7ebbad5f-6341-4083-91fa-d639b3f49997', 'Kiev', 'Europe/Kiev', 1, NULL, NULL),
('7ebda265-1907-4320-8dcc-fcf9ae1517e7', 'Tiraspol', 'Europe/Tiraspol', 1, NULL, NULL),
('7ef56435-6ca3-43b8-9caa-84a18371c36a', 'Ashkhabad', 'Asia/Ashkhabad', 1, NULL, NULL),
('7f43f9bd-1a2b-4574-a297-96be1784d833', 'Andorra', 'Europe/Andorra', 1, NULL, NULL),
('7f77889f-2eed-4384-a5ca-e044eb77eb16', 'Douala', 'Africa/Douala', 1, NULL, NULL),
('7fbf65a8-1610-402d-a8cf-7fc9a980831d', 'Harbin', 'Asia/Harbin', 1, NULL, NULL),
('816ba52b-b492-41a0-b7bd-d26160afd74e', 'Qyzylorda', 'Asia/Qyzylorda', 1, NULL, NULL),
('818a6be8-72ae-42c4-ba78-f7231003cac4', 'Matamoros', 'America/Matamoros', 1, NULL, NULL),
('81c0e8f7-a5a9-48a1-affa-ab5e1ddb54b9', 'Inuvik', 'America/Inuvik', 1, NULL, NULL),
('81c775c9-a6a9-4177-8603-fc61aa332a03', 'Thimphu', 'Asia/Thimphu', 1, NULL, NULL),
('81d97356-da72-4a16-b32a-3698ef797348', 'Mogadishu', 'Africa/Mogadishu', 1, NULL, NULL),
('823e6963-9b27-485d-8afc-7c11e83bdcbc', 'Monterrey', 'America/Monterrey', 1, NULL, NULL),
('82b9f3ca-8feb-479c-b2c2-5a4dcbb95e84', 'Ulaanbaatar', 'Asia/Ulaanbaatar', 1, NULL, NULL),
('834c4387-d8e1-48a6-9d5a-0a6e47fd8015', 'Dublin', 'Europe/Dublin', 1, NULL, NULL),
('835a7b4e-b5d7-4579-a152-e4f6823f792d', 'Antigua', 'America/Antigua', 1, NULL, NULL),
('84083672-478e-4037-9b23-1e24182664ca', 'Araguaina', 'America/Araguaina', 1, NULL, NULL),
('84c24d25-347e-4201-843a-474631c361eb', 'Johannesburg', 'Africa/Johannesburg', 1, NULL, NULL),
('854bc9dc-7250-463b-a505-ddfced68f2b8', 'Ndjamena', 'Africa/Ndjamena', 1, NULL, NULL),
('8608f01a-911e-4aea-9be3-b03f61bab88c', 'Tortola', 'America/Tortola', 1, NULL, NULL),
('861f19f6-454b-4819-8783-954543a02dfa', 'Riga', 'Europe/Riga', 1, NULL, NULL),
('86d4461e-3070-4c5d-adbf-5748cd0bd02d', 'Cambridge Bay', 'America/Cambridge_Bay', 1, NULL, NULL),
('86dc6eee-f114-4ef0-90b4-5ac12007fe82', 'Taipei', 'Asia/Taipei', 1, NULL, NULL),
('879f0571-4d2f-4481-a3a3-948078c50e70', 'Anchorage', 'America/Anchorage', 1, NULL, NULL),
('87ae530b-a847-40f0-841f-85ef195473c5', 'Libreville', 'Africa/Libreville', 1, NULL, NULL),
('87c30d3f-9bc4-42dd-8faf-7c7c898df90b', 'North Dakota - Center', 'America/North_Dakota/Center', 1, NULL, NULL),
('87e7d9a6-f458-4df1-84fc-763444591d0a', 'Santiago', 'America/Santiago', 1, NULL, NULL),
('88b41950-0cb3-4d59-b65c-fe35d1a86abc', 'Dakar', 'Africa/Dakar', 1, NULL, NULL),
('89feb52d-1f9e-44f3-9bc9-eea085aa7d6e', 'Volgograd', 'Europe/Volgograd', 1, NULL, NULL),
('8a62a381-9930-41b4-a86b-1eb8b4b4b417', 'Argentina - Ushuaia', 'America/Argentina/Ushuaia', 1, NULL, NULL),
('8b6ae100-8a0b-4a25-b5e2-bf472db79dc4', 'Abidjan', 'Africa/Abidjan', 1, NULL, NULL),
('8bf420a3-8c8e-42b0-8b19-fcba9661aa9c', 'Anadyr', 'Asia/Anadyr', 1, NULL, NULL),
('8c2e7f8f-0123-432b-93b8-8a97a5284730', 'Argentina - Cordoba', 'America/Argentina/Cordoba', 1, NULL, NULL),
('8c8704c9-ba33-4ed7-addf-3c8ed41ccce6', 'Perth', 'Australia/Perth', 1, NULL, NULL),
('8ca78550-53c3-467e-87f5-de6fc17e71b5', 'Regina', 'America/Regina', 1, NULL, NULL),
('8d8a29d6-8bd0-416e-b4da-2060c32b10db', 'Marquesas', 'Pacific/Marquesas', 1, NULL, NULL),
('8dc59229-cc15-4612-b5bb-1f9de00e582a', 'Anguilla', 'America/Anguilla', 1, NULL, NULL),
('8dd1c4dd-afcf-47cf-8825-c421edc2972a', 'UTC', 'UTC', 1, NULL, NULL),
('8e099e82-e3b2-4743-aae4-3be31feb6d6e', 'Stanley', 'Atlantic/Stanley', 1, NULL, NULL),
('8e16e43c-fa59-4aae-acd8-1286b414435c', 'Anchorage (Alaska)', 'America/Anchorage', 1, NULL, NULL),
('8e21543b-4eb9-4cd9-87e2-ecaf05651140', 'Longyearbyen', 'Arctic/Longyearbyen', 1, NULL, NULL),
('8ea4545d-1776-40f2-9af8-e7fced44c88a', 'Hobart', 'Australia/Hobart', 1, NULL, NULL),
('8f28625c-88fa-4f0c-bc77-374f605ec0da', 'Bangkok', 'Asia/Bangkok', 1, NULL, NULL),
('8f475c31-68ec-4100-bc1c-8fbb2c01f0e9', 'Baku', 'Asia/Baku', 1, NULL, NULL),
('92a2a59b-8900-4e9f-a84a-02004774c328', 'Mexico City', 'America/Mexico_City', 1, NULL, NULL),
('93974121-0cab-4120-9cc5-e24e0c5ef36a', 'Podgorica', 'Europe/Podgorica', 1, NULL, NULL),
('947ec384-61c6-4996-8692-ed61ff1b80ea', 'Barbados', 'America/Barbados', 1, NULL, NULL),
('957f69e9-753e-4127-9d2f-9161871a2eea', 'Merida', 'America/Merida', 1, NULL, NULL),
('9680cbec-074e-4171-8c63-121b460a737c', 'Queensland', 'Australia/Queensland', 1, NULL, NULL),
('9707be01-97a4-4a54-a72c-8ae22d7c8649', 'Funafuti', 'Pacific/Funafuti', 1, NULL, NULL),
('970d99aa-c84a-4efb-bd3a-92893842cc5d', 'Berlin', 'Europe/Berlin', 1, NULL, NULL),
('976006b9-b948-47cb-b549-37ed46025ad0', 'Saigon', 'Asia/Saigon', 1, NULL, NULL),
('976cd92d-c39c-4d00-a9e8-d6ba736f21d6', 'Phoenix (MST)', 'America/Phoenix', 1, NULL, NULL),
('9782e629-4dea-40b5-9f6a-4ca8b33e9577', 'Macao', 'Asia/Macao', 1, NULL, NULL),
('98120a42-6454-436a-8f3a-41b77fa9f5a9', 'Amsterdam', 'Europe/Amsterdam', 1, NULL, NULL),
('989e78d8-b5c9-4ef8-aff4-28d734ddc547', 'Beirut', 'Asia/Beirut', 1, NULL, NULL),
('997c2780-262c-433b-81ca-0abf8c65fb36', 'Freetown', 'Africa/Freetown', 1, NULL, NULL),
('99912eec-2fc3-4561-95a9-bebb39d448de', 'Kampala', 'Africa/Kampala', 1, NULL, NULL),
('9a49b7e6-43c7-4331-881c-c3c9ffea5dce', 'Denver (Mountain)', 'America/Denver', 1, NULL, NULL),
('9a5fd69c-bdfa-4224-8ff3-8fa82a141b86', 'Samara', 'Europe/Samara', 1, NULL, NULL),
('9ab6479f-5c2f-48a4-977f-b0a3401d0a4d', 'Atikokan', 'America/Atikokan', 1, NULL, NULL),
('9d3e2315-9b5b-40d4-b6a1-131a7a4281d5', 'Copenhagen', 'Europe/Copenhagen', 1, NULL, NULL),
('9dc0fe07-3e76-47b8-bb92-797ea67526b0', 'Managua', 'America/Managua', 1, NULL, NULL),
('9fb6e5ce-b204-4377-b9e1-e0fbac4856e4', 'Noumea', 'Pacific/Noumea', 1, NULL, NULL),
('a1109cfe-28a2-487e-a621-fab8c590423a', 'Magadan', 'Asia/Magadan', 1, NULL, NULL),
('a11fa993-ff3d-4580-ae1a-ad25a751b214', 'Guatemala', 'America/Guatemala', 1, NULL, NULL),
('a1e3ef12-7bb9-4539-b5e0-9abae31ce716', 'Syowa', 'Antarctica/Syowa', 1, NULL, NULL),
('a28a4cd6-d076-41db-b7d8-545e29fe5b57', 'Stockholm', 'Europe/Stockholm', 1, NULL, NULL),
('a2a32175-35e8-4c7f-bc49-fecfb6495d9e', 'LHI', 'Australia/LHI', 1, NULL, NULL),
('a4487dfe-9d14-4548-a3a6-45c9c787bd1c', 'Guadalcanal', 'Pacific/Guadalcanal', 1, NULL, NULL),
('a4d60fe9-5c85-4f35-b73c-c37a9ccd14c2', 'Addis Ababa', 'Africa/Addis_Ababa', 1, NULL, NULL),
('a56975e4-28b9-4b34-9204-45f2dc5f757f', 'Indiana - Petersburg', 'America/Indiana/Petersburg', 1, NULL, NULL),
('a59808a9-f20e-4b53-8a5d-bdceeb31be3e', 'Chicago', 'America/Chicago', 1, NULL, NULL),
('a61e5a1f-7abf-4ccd-a6c2-ee827993c872', 'Faroe', 'Atlantic/Faroe', 1, NULL, NULL),
('a707d728-88ee-4f7a-b3e3-3db7673c3271', 'Kosrae', 'Pacific/Kosrae', 1, NULL, NULL),
('a98db4e4-16ed-4316-a384-97c6e7fc3440', 'Rangoon', 'Asia/Rangoon', 1, NULL, NULL),
('a98eef38-6b53-409d-9969-21dff90fdf58', 'Porto Velho', 'America/Porto_Velho', 1, NULL, NULL),
('a9bda2ed-b0cc-42f1-b37f-f7e0cf5b741e', 'McMurdo', 'Antarctica/McMurdo', 1, NULL, NULL),
('aa29d39f-aed6-4d90-a89e-da47251bef92', 'Nauru', 'Pacific/Nauru', 1, NULL, NULL),
('aa3e500b-e56b-4c06-a6f5-ed67cca58215', 'Mazatlan', 'America/Mazatlan', 1, NULL, NULL),
('aa5251a6-31aa-4a9b-9c2b-e2aa84576763', 'Chicago (Central)', 'America/Chicago', 1, NULL, NULL),
('aabea235-7c99-4698-b7d7-d316233c4fb8', 'Boise', 'America/Boise', 1, NULL, NULL),
('aba78f00-ef0a-45fe-896f-5c0b20b6879a', 'St Kitts', 'America/St_Kitts', 1, NULL, NULL),
('ac51a498-648d-4aba-b69a-6e7714e7bae8', 'Scoresbysund', 'America/Scoresbysund', 1, NULL, NULL),
('ac941bff-c48f-47cd-8073-315888b694f7', 'Mariehamn', 'Europe/Mariehamn', 1, NULL, NULL),
('acc615c1-609e-40b7-8097-03d71ab389fb', 'Budapest', 'Europe/Budapest', 1, NULL, NULL),
('acec819f-4587-4c4b-8f88-1b523bd4320f', 'Port Moresby', 'Pacific/Port_Moresby', 1, NULL, NULL),
('ada2cb92-f543-4b14-8850-ff5aec2c6661', 'St Vincent', 'America/St_Vincent', 1, NULL, NULL),
('adcc43cb-dad5-48c8-9af8-51ff328c5a00', 'Lagos', 'Africa/Lagos', 1, NULL, NULL),
('ae4d3353-78c1-4631-8e71-3b93d73c4ea8', 'Canberra', 'Australia/Canberra', 1, NULL, NULL),
('aeb550d7-b173-4081-bc74-c9498756e127', 'Tokyo', 'Asia/Tokyo', 1, NULL, NULL),
('afa41a4e-8dbe-400b-ba6d-0e61c1476bf4', 'Kinshasa', 'Africa/Kinshasa', 1, NULL, NULL),
('afd07c85-f08c-4d46-8f7e-5be26ff6f4fa', 'Ljubljana', 'Europe/Ljubljana', 1, NULL, NULL),
('b0521b8e-0885-40fa-8b21-d85b5117e2c1', 'Gibraltar', 'Europe/Gibraltar', 1, NULL, NULL),
('b09e164d-8498-4f72-ba87-00e984941a1b', 'St Johns', 'America/St_Johns', 1, NULL, NULL),
('b1610aa6-2d42-4a85-8aa8-188e24bd3d55', 'Dawson Creek', 'America/Dawson_Creek', 1, NULL, NULL),
('b21b48e8-6ce7-4758-ab2b-6b8fee28c4f9', 'Godthab', 'America/Godthab', 1, NULL, NULL),
('b2204b38-a305-4f81-a59f-d3580056c372', 'Ensenada', 'America/Ensenada', 1, NULL, NULL),
('b300b01f-27d8-4988-8f50-73d7d8238611', 'Timbuktu', 'Africa/Timbuktu', 1, NULL, NULL),
('b4e97f18-1a22-4781-a2a3-65735da43093', 'Virgin', 'America/Virgin', 1, NULL, NULL),
('b5139dd2-9e7d-447a-abe1-4251c6aacbc6', 'New York (Eastern)', 'America/New_York', 1, NULL, NULL),
('b518f052-5aa1-4cb8-9ee4-904b91cb793d', 'Maceio', 'America/Maceio', 1, NULL, NULL),
('b56e0f65-5739-469a-bd18-7af0ac89df4f', 'Monrovia', 'Africa/Monrovia', 1, NULL, NULL),
('b5d9808f-de7d-4233-a236-c330ff3b3cf9', 'Niue', 'Pacific/Niue', 1, NULL, NULL),
('b5e443dd-5caf-464c-8868-6aa5bd237d08', 'Indiana - Marengo', 'America/Indiana/Marengo', 1, NULL, NULL),
('b61ae7f2-e234-4469-8723-87e0c2da9cc4', 'Argentina - Jujuy', 'America/Argentina/Jujuy', 1, NULL, NULL),
('b6ab065f-f2dc-4262-adf1-7bc45aad8c67', 'Chongqing', 'Asia/Chongqing', 1, NULL, NULL),
('b7062e6d-8a8f-482c-ba3e-f6c5034b661b', 'Cayman', 'America/Cayman', 1, NULL, NULL),
('b80d040f-28bb-4be4-9b31-0251af4618b2', 'Manaus', 'America/Manaus', 1, NULL, NULL),
('b8fca057-cc03-4dc9-8adb-1bece5eb6899', 'El Aaiun', 'Africa/El_Aaiun', 1, NULL, NULL),
('b96f780e-89cc-41d9-89df-c35f76e0b259', 'La Paz', 'America/La_Paz', 1, NULL, NULL),
('b9ef68f2-2178-40c3-b76c-24d64f083db2', 'Amman', 'Asia/Amman', 1, NULL, NULL),
('ba787252-14bc-48fe-b0e9-95c6931df837', 'Chagos', 'Indian/Chagos', 1, NULL, NULL),
('ba93de3e-10c0-45f0-9658-1e23134a0ce4', 'Port-au-Prince', 'America/Port-au-Prince', 1, NULL, NULL),
('bae8a4e3-b763-4681-81f2-cafd66ffb977', 'Vladivostok', 'Asia/Vladivostok', 1, NULL, NULL),
('baf33865-b975-4066-bdec-93623877bd97', 'Asuncion', 'America/Asuncion', 1, NULL, NULL),
('bb66415c-c3b1-4b89-8de9-d3c01f35fea8', 'Catamarca', 'America/Catamarca', 1, NULL, NULL),
('bc082914-dcb3-4c50-bea0-d0d236402dfd', 'Kentucky - Monticello', 'America/Kentucky/Monticello', 1, NULL, NULL),
('bd7e9581-add1-4569-a1b0-13b39ac6250e', 'Porto-Novo', 'Africa/Porto-Novo', 1, NULL, NULL),
('bf011ed2-b8ba-4daf-b39b-808ac9ab117f', 'Tahiti', 'Pacific/Tahiti', 1, NULL, NULL),
('bfb09141-b36e-4b10-a5d4-444aee63eb25', 'Yekaterinburg', 'Asia/Yekaterinburg', 1, NULL, NULL),
('c0140cc7-e403-42f3-ab79-897b6026512f', 'Currie', 'Australia/Currie', 1, NULL, NULL),
('c0220210-b103-4f56-bcf5-8848ec6d7096', 'Tegucigalpa', 'America/Tegucigalpa', 1, NULL, NULL),
('c05e3979-c19f-4062-a0cc-4d254888af7d', 'Guam', 'Pacific/Guam', 1, NULL, NULL),
('c067b57d-af53-4111-9294-d5298b0e53df', 'Aqtobe', 'Asia/Aqtobe', 1, NULL, NULL),
('c10c0213-d80a-4e94-981f-f2d9da64bc44', 'Yerevan', 'Asia/Yerevan', 1, NULL, NULL),
('c1488879-c5cc-4f2f-8d95-fd43216e8b75', 'Samoa', 'Pacific/Samoa', 1, NULL, NULL),
('c254606f-1257-4b44-baa9-4d06ca220b37', 'West', 'Australia/West', 1, NULL, NULL),
('c2d6cb1f-e55c-468d-a134-f4d518af1083', 'Tarawa', 'Pacific/Tarawa', 1, NULL, NULL),
('c3650b79-f1f0-491f-b6c5-57a8cc0ee702', 'Riyadh', 'Asia/Riyadh', 1, NULL, NULL),
('c44be938-5825-49fc-b292-f7f612ffc619', 'Victoria', 'Australia/Victoria', 1, NULL, NULL),
('c4a656f4-42ca-4949-8e91-b987d1d0bb61', 'Moscow', 'Europe/Moscow', 1, NULL, NULL),
('c4eeee3d-bd29-4f03-852c-03088ea11c48', 'Brussels', 'Europe/Brussels', 1, NULL, NULL),
('c51a16a1-37e5-461f-933c-1f7394f57e5f', 'Vilnius', 'Europe/Vilnius', 1, NULL, NULL),
('c5b37cca-00f6-4630-bb72-fce5c499a896', 'Dawson', 'America/Dawson', 1, NULL, NULL),
('c629d11c-0d3b-4662-9207-f7eecb8ad147', 'Galapagos', 'Pacific/Galapagos', 1, NULL, NULL),
('c7013c14-804b-4314-8bb7-104a3396813a', 'Resolute', 'America/Resolute', 1, NULL, NULL),
('c715eab7-4611-49ff-8f4c-c7bc08537e16', 'Kigali', 'Africa/Kigali', 1, NULL, NULL),
('c78b7043-41e1-4611-bc94-6421310440fe', 'Tel Aviv', 'Asia/Tel_Aviv', 1, NULL, NULL),
('c790fd1c-26d3-41d3-b637-9e88e57daabc', 'Pyongyang', 'Asia/Pyongyang', 1, NULL, NULL),
('c7aa3976-cca5-4fdc-84b4-21848be9e313', 'Argentina - La Rioja', 'America/Argentina/La_Rioja', 1, NULL, NULL),
('c97a0c93-42d8-49c4-b5b7-ce08a5ad8a8d', 'Banjul', 'Africa/Banjul', 1, NULL, NULL),
('c988a4e8-0b53-48a1-84cb-b1c726b76554', 'Sofia', 'Europe/Sofia', 1, NULL, NULL),
('ca232426-8b6a-4452-88bb-b71b000d1849', 'Helsinki', 'Europe/Helsinki', 1, NULL, NULL),
('ca68c965-b96d-4935-a2e1-9b8a19ff51a6', 'Argentina - ComodRivadavia', 'America/Argentina/ComodRivadavia', 1, NULL, NULL),
('cbb517e0-0bc7-4051-af1c-7884f5fdf444', 'Aruba', 'America/Aruba', 1, NULL, NULL),
('cca2a71c-4be0-4123-bde7-637fcc18cadf', 'Davis', 'Antarctica/Davis', 1, NULL, NULL),
('ccb43084-2d14-4a73-a4c6-f80a53a2de39', 'Djibouti', 'Africa/Djibouti', 1, NULL, NULL),
('cd99caa7-c730-4d41-b93b-a0c12dcf743f', 'NSW', 'Australia/NSW', 1, NULL, NULL),
('cdbaa49c-faa3-4c88-b830-2be462fe6d18', 'Asmera', 'Africa/Asmera', 1, NULL, NULL),
('cef6bfdd-329b-486f-8513-f75b38d86eda', 'Miquelon', 'America/Miquelon', 1, NULL, NULL),
('cf11b0fe-8dfc-4890-97af-00c126d34f62', 'Belize', 'America/Belize', 1, NULL, NULL),
('d1e506a9-864c-4c3f-9731-28d7b3aaeb22', 'Jan Mayen', 'Atlantic/Jan_Mayen', 1, NULL, NULL),
('d2154a25-9dcc-454d-808b-56bacf404279', 'Truk', 'Pacific/Truk', 1, NULL, NULL),
('d3a47485-8eda-4a6a-978b-b5c126e7e667', 'Tunis', 'Africa/Tunis', 1, NULL, NULL),
('d44951f4-f9cb-4279-83ec-a97864305628', 'Sakhalin', 'Asia/Sakhalin', 1, NULL, NULL),
('d452a585-81f7-4c91-9dc6-20220d946f4d', 'Tijuana', 'America/Tijuana', 1, NULL, NULL),
('d52b9372-8a44-4e6e-9da9-4e0f6e0e11c9', 'Argentina - San Luis', 'America/Argentina/San_Luis', 1, NULL, NULL),
('d552d45c-c7f3-4270-b087-af1483c86256', 'Oral', 'Asia/Oral', 1, NULL, NULL),
('d5c9ea2e-beea-48e8-b345-3855d816ea7c', 'Puerto Rico', 'America/Puerto_Rico', 1, NULL, NULL),
('d748fba2-78f4-485d-a6a8-f52b94ebc54b', 'Lome', 'Africa/Lome', 1, NULL, NULL),
('d770b3e9-6df2-43e5-beb9-67cb4bc43d8f', 'Ulan Bator', 'Asia/Ulan_Bator', 1, NULL, NULL),
('d7ca9f0d-36a0-4f40-a8cb-9953450f5a1e', 'Muscat', 'Asia/Muscat', 1, NULL, NULL),
('d90f4681-2f9f-4d87-a3d6-fae3b18a55b8', 'Wallis', 'Pacific/Wallis', 1, NULL, NULL),
('d9509a75-eb5a-4160-9d34-5beffa955e5c', 'Buenos Aires', 'America/Buenos_Aires', 1, NULL, NULL),
('d965ce0e-8ca2-4f21-95cb-bb0352c340ca', 'Cordoba', 'America/Cordoba', 1, NULL, NULL),
('d9e16d42-4b13-448d-bfd1-d93461f779c9', 'Apia', 'Pacific/Apia', 1, NULL, NULL),
('db7dd03b-8163-4993-a6e2-021a4258ebd4', 'Sao Paulo', 'America/Sao_Paulo', 1, NULL, NULL),
('df700923-9db2-4195-a306-0bb9d6320217', 'Guernsey', 'Europe/Guernsey', 1, NULL, NULL),
('df9b8d7f-3e96-4ca7-a563-56e9c37ad4b9', 'Lubumbashi', 'Africa/Lubumbashi', 1, NULL, NULL),
('e0030742-a602-4fe6-bebf-cf9fa11fffba', 'El Salvador', 'America/El_Salvador', 1, NULL, NULL),
('e0156819-d59d-4f9c-9e4a-b7e955ffcbb9', 'Nicosia', 'Asia/Nicosia', 1, NULL, NULL),
('e0d16d18-a157-4ff6-8996-31ad761673a4', 'Warsaw', 'Europe/Warsaw', 1, NULL, NULL),
('e166b124-3189-4d31-9cee-dde63a53b01d', 'Grand Turk', 'America/Grand_Turk', 1, NULL, NULL),
('e1a0be02-a7dd-43ac-8f88-23dd25a137d3', 'Gaborone', 'Africa/Gaborone', 1, NULL, NULL),
('e2337db9-9857-4dc1-a38d-8fe1e527ad72', 'Yap', 'Pacific/Yap', 1, NULL, NULL),
('e2992a21-c239-40b0-ab57-9e31499115aa', 'Vostok', 'Antarctica/Vostok', 1, NULL, NULL),
('e2dce073-a852-4922-8822-255149353045', 'South Pole', 'Antarctica/South_Pole', 1, NULL, NULL),
('e2fc8c3a-e85b-43c6-bc33-dd07266cb06d', 'Almaty', 'Asia/Almaty', 1, NULL, NULL),
('e393867e-8139-4134-ac8f-f9fdab263567', 'Dacca', 'Asia/Dacca', 1, NULL, NULL),
('e4306f62-f749-4b30-ba05-fce1ad589c97', 'Indiana - Vevay', 'America/Indiana/Vevay', 1, NULL, NULL),
('e545da03-1d9c-4ca3-b682-cca44354c723', 'Pitcairn', 'Pacific/Pitcairn', 1, NULL, NULL),
('e553b8bf-561b-4d02-99e1-f1bcf8a97384', 'Coral Harbour', 'America/Coral_Harbour', 1, NULL, NULL),
('e614bebd-127a-4372-83ef-8a479f6a62e6', 'Caracas', 'America/Caracas', 1, NULL, NULL),
('e69758b8-aa44-4c77-a564-86947c92cb09', 'Uzhgorod', 'Europe/Uzhgorod', 1, NULL, NULL),
('e69d899d-0d42-4cd7-bfdb-57a4c9c44f73', 'Istanbul', 'Europe/Istanbul', 1, NULL, NULL),
('e6ca264d-f7d0-4e46-a89a-857715408f39', 'Iqaluit', 'America/Iqaluit', 1, NULL, NULL),
('e6ceb47c-21b9-4103-88db-77aff5b29818', 'St Barthelemy', 'America/St_Barthelemy', 1, NULL, NULL),
('e6f4adfc-7460-4f24-ae68-ae749afb069d', 'Rome', 'Europe/Rome', 1, NULL, NULL),
('e716011c-8680-4bf4-a773-73d181ab52c9', 'Sarajevo', 'Europe/Sarajevo', 1, NULL, NULL),
('e7ac06da-76c5-487a-89ee-c2460ec4923a', 'Rainy River', 'America/Rainy_River', 1, NULL, NULL),
('e805b1bf-e712-4907-9f6f-3759a703f7ec', 'Puerto Rico (Atlantic)', 'America/Puerto_Rico', 1, NULL, NULL),
('e98f9388-bbd2-419b-92b7-3a310abd2483', 'Nicosia', 'Europe/Nicosia', 1, NULL, NULL),
('e9aed874-17e1-445d-a1d8-e36e9f353f24', 'Recife', 'America/Recife', 1, NULL, NULL),
('e9d15a1a-31c2-40b0-a919-261aec11171c', 'Minsk', 'Europe/Minsk', 1, NULL, NULL),
('ea53970e-cd62-4f59-bf84-f0186d44ca9c', 'DumontDUrville', 'Antarctica/DumontDUrville', 1, NULL, NULL),
('eab3eaf2-52f0-453a-8322-b0d06e8469b3', 'Nome', 'America/Nome', 1, NULL, NULL),
('eadb172f-ff8f-4e23-8be9-628f08c1259a', 'Kuching', 'Asia/Kuching', 1, NULL, NULL),
('eae92b70-4d56-4648-9d89-2e2672026abe', 'Los Angeles', 'America/Los_Angeles', 1, NULL, NULL),
('eb36b1de-aa38-44ab-beef-afa74127b0e9', 'Krasnoyarsk', 'Asia/Krasnoyarsk', 1, NULL, NULL),
('eb54fe41-7d9f-4529-8dd7-edd757d8c826', 'Tashkent', 'Asia/Tashkent', 1, NULL, NULL),
('eb5dee92-d19a-4fa5-add9-c1fba1728313', 'Melbourne', 'Australia/Melbourne', 1, NULL, NULL),
('eb5ee37f-30ab-4622-9e54-aa79a1a4d03f', 'Maldives', 'Indian/Maldives', 1, NULL, NULL),
('ebe61cca-2e02-4594-b3d8-bf48cd43d89b', 'Ashgabat', 'Asia/Ashgabat', 1, NULL, NULL),
('ebe78240-4476-4078-97c7-667a6008bd6e', 'Johnston', 'Pacific/Johnston', 1, NULL, NULL),
('ec098679-4156-42a8-9c92-058fb982b0fa', 'Palau', 'Pacific/Palau', 1, NULL, NULL),
('ec4ddb3f-42ef-4962-85e9-29850e9360e3', 'Rankin Inlet', 'America/Rankin_Inlet', 1, NULL, NULL),
('ed1ff4a0-d346-424d-a19b-f84f6de80d4c', 'Ho Chi Minh', 'Asia/Ho_Chi_Minh', 1, NULL, NULL),
('ed43527b-b70f-4048-abe4-b448bcb03c85', 'Bermuda', 'Atlantic/Bermuda', 1, NULL, NULL),
('ed81dbda-b247-442b-90e8-610155d64239', 'Ceuta', 'Africa/Ceuta', 1, NULL, NULL),
('edbe4da3-dea0-428b-9e46-7dd366dad3e2', 'Cape Verde', 'Atlantic/Cape_Verde', 1, NULL, NULL),
('ee02b58a-dbae-4747-adf3-8f020b6f02b4', 'Kuwait', 'Asia/Kuwait', 1, NULL, NULL),
('ef4cf356-ea06-4251-b27a-f4f686f130f4', 'Jersey', 'Europe/Jersey', 1, NULL, NULL),
('f035c5c0-7fb2-4bfd-83b4-075143a7e0f5', 'Canary', 'Atlantic/Canary', 1, NULL, NULL),
('f0bb08d5-9141-4970-88b4-56f21ee24fb7', 'Fort Wayne', 'America/Fort_Wayne', 1, NULL, NULL),
('f0f307ae-ddd0-46a4-ae48-6706f22665d5', 'Indiana - Tell City', 'America/Indiana/Tell_City', 1, NULL, NULL),
('f0f6b017-6ac7-4060-a87c-b5362c0c8b4b', 'Indiana - Indianapolis', 'America/Indiana/Indianapolis', 1, NULL, NULL),
('f0fc903e-7b97-4b6f-a4b4-38283766a55c', 'Havana', 'America/Havana', 1, NULL, NULL),
('f11d6a07-5887-4e9e-9e97-e11d65a54560', 'Christmas', 'Indian/Christmas', 1, NULL, NULL),
('f1280770-384b-4b1b-8d10-e9fb9147a222', 'Vienna', 'Europe/Vienna', 1, NULL, NULL),
('f21450c9-b30e-46b7-9a78-d976a1f99aa2', 'Indiana - Knox', 'America/Indiana/Knox', 1, NULL, NULL),
('f2fa5f50-c486-461f-b947-8b76a30b715b', 'Katmandu', 'Asia/Katmandu', 1, NULL, NULL),
('f34253c4-bc7d-4525-bef3-5e0345b14c38', 'Azores', 'Atlantic/Azores', 1, NULL, NULL),
('f38ac772-3676-4a10-b95f-1f92bb9625cf', 'Adelaide', 'Australia/Adelaide', 1, NULL, NULL),
('f44b260f-7680-4f6a-bd34-a0bdf46f55d7', 'Mbabane', 'Africa/Mbabane', 1, NULL, NULL),
('f4589601-0528-4955-bcba-f5de1e698944', 'Tasmania', 'Australia/Tasmania', 1, NULL, NULL),
('f549c9f7-0442-491d-a87a-11fce94638ee', 'Chungking', 'Asia/Chungking', 1, NULL, NULL),
('f562315c-3bd0-4756-9c79-be5f2fad9efb', 'Saipan', 'Pacific/Saipan', 1, NULL, NULL),
('f72189d0-8704-41d2-acc2-a7bfd9ddaf33', 'Niamey', 'Africa/Niamey', 1, NULL, NULL),
('f7e7d072-e425-4153-a0ea-6b543b2f6e2a', 'Makassar', 'Asia/Makassar', 1, NULL, NULL),
('f86209c2-02e0-4f6b-bbf7-5af11e34f25d', 'Maputo', 'Africa/Maputo', 1, NULL, NULL),
('f9136622-8bd2-4823-b870-6f98774eeedb', 'Kuala Lumpur', 'Asia/Kuala_Lumpur', 1, NULL, NULL),
('f9e42cba-431f-44f1-9829-0315a4868d88', 'Rothera', 'Antarctica/Rothera', 1, NULL, NULL),
('fa2a1449-7eca-4016-8dc5-1dbb6d9988ed', 'Casablanca', 'Africa/Casablanca', 1, NULL, NULL),
('fa50cd9d-507c-41cb-9b73-996257f02de5', 'Cayenne', 'America/Cayenne', 1, NULL, NULL),
('fae5594f-ce45-4ed8-a58c-2e3513edd0f9', 'Aqtau', 'Asia/Aqtau', 1, NULL, NULL),
('fb419142-608d-4f67-aa5b-f057e24ceaa9', 'Whitehorse', 'America/Whitehorse', 1, NULL, NULL),
('fd0afb44-202f-461a-a1fc-e77b18f51246', 'Louisville', 'America/Louisville', 1, NULL, NULL),
('fd49964c-c384-4b18-9af3-641053e866a9', 'Shanghai', 'Asia/Shanghai', 1, NULL, NULL),
('fdd63e31-95ec-42df-9249-da35cc6405b6', 'Damascus', 'Asia/Damascus', 1, NULL, NULL),
('fe1f5538-1144-4b53-8be6-717d69314834', 'Accra', 'Africa/Accra', 1, NULL, NULL),
('fe380a11-f26a-4fd0-bf2e-25546bf2c4b0', 'Costa Rica', 'America/Costa_Rica', 1, NULL, NULL),
('fe4cbff4-668a-42b6-8cf6-0a5a398af5e3', 'Montevideo', 'America/Montevideo', 1, NULL, NULL),
('ff38cda1-983d-4427-92f2-f9a38d616b2a', 'Ojinaga', 'America/Ojinaga', 1, NULL, NULL),
('ff5020b4-d251-42a6-b827-28ea513e8456', 'Juneau', 'America/Juneau', 1, NULL, NULL),
('ff651dbc-0892-4af9-a86b-c4780d8ab890', 'Yancowinna', 'Australia/Yancowinna', 1, NULL, NULL),
('ff855452-a520-4570-b13e-6a6758ed1bac', 'Auckland', 'Pacific/Auckland', 1, NULL, NULL);

-- --------------------------------------------------------

--
-- Table structure for table `users`
--

CREATE TABLE `users` (
  `id` int(10) UNSIGNED NOT NULL,
  `name` varchar(50) COLLATE utf8mb4_unicode_ci NOT NULL,
  `company_key` varchar(191) COLLATE utf8mb4_unicode_ci DEFAULT NULL,
  `username` varchar(25) COLLATE utf8mb4_unicode_ci DEFAULT NULL,
  `email` varchar(150) COLLATE utf8mb4_unicode_ci DEFAULT NULL,
  `password` varchar(191) COLLATE utf8mb4_unicode_ci DEFAULT NULL,
  `mobile` varchar(14) COLLATE utf8mb4_unicode_ci NOT NULL,
  `profile_picture` varchar(191) COLLATE utf8mb4_unicode_ci DEFAULT NULL,
  `country` int(10) UNSIGNED DEFAULT NULL,
  `timezone` varchar(191) COLLATE utf8mb4_unicode_ci DEFAULT NULL,
  `active` tinyint(1) NOT NULL DEFAULT 1,
  `email_confirmed` tinyint(1) NOT NULL DEFAULT 0,
  `mobile_confirmed` tinyint(1) NOT NULL DEFAULT 0,
  `email_confirmation_token` varchar(191) COLLATE utf8mb4_unicode_ci DEFAULT NULL,
  `fcm_token` varchar(191) COLLATE utf8mb4_unicode_ci DEFAULT NULL,
  `apn_token` varchar(191) COLLATE utf8mb4_unicode_ci DEFAULT NULL,
  `refferal_code` varchar(191) COLLATE utf8mb4_unicode_ci DEFAULT NULL,
  `referred_by` int(10) UNSIGNED DEFAULT NULL,
  `rating` double(8,2) NOT NULL DEFAULT 0.00,
  `lang` varchar(191) COLLATE utf8mb4_unicode_ci DEFAULT NULL,
  `rating_total` double(8,2) NOT NULL DEFAULT 0.00,
  `no_of_ratings` int(11) NOT NULL DEFAULT 0,
  `login_by` enum('android','ios') COLLATE utf8mb4_unicode_ci DEFAULT NULL,
  `remember_token` varchar(100) COLLATE utf8mb4_unicode_ci DEFAULT NULL,
  `last_known_ip` varchar(45) COLLATE utf8mb4_unicode_ci DEFAULT NULL,
  `last_login_at` timestamp NULL DEFAULT NULL,
  `social_provider` varchar(191) COLLATE utf8mb4_unicode_ci DEFAULT NULL,
  `social_nickname` varchar(191) COLLATE utf8mb4_unicode_ci DEFAULT NULL,
  `social_id` varchar(191) COLLATE utf8mb4_unicode_ci DEFAULT NULL,
  `social_token` longtext COLLATE utf8mb4_unicode_ci DEFAULT NULL,
  `social_token_secret` longtext COLLATE utf8mb4_unicode_ci DEFAULT NULL,
  `social_refresh_token` longtext COLLATE utf8mb4_unicode_ci DEFAULT NULL,
  `social_expires_in` varchar(191) COLLATE utf8mb4_unicode_ci DEFAULT NULL,
  `social_avatar` varchar(191) COLLATE utf8mb4_unicode_ci DEFAULT NULL,
  `social_avatar_original` varchar(191) COLLATE utf8mb4_unicode_ci DEFAULT NULL,
  `created_at` timestamp NULL DEFAULT NULL,
  `updated_at` timestamp NULL DEFAULT NULL,
  `driver_referred_by` bigint(20) DEFAULT NULL COMMENT 'driver user id who refered this',
  `referral_commission_for_driver` bigint(20) DEFAULT NULL COMMENT 'at commission percent'
) ENGINE=InnoDB DEFAULT CHARSET=utf8mb4 COLLATE=utf8mb4_unicode_ci;

--
-- Dumping data for table `users`
--

INSERT INTO `users` (`id`, `name`, `company_key`, `username`, `email`, `password`, `mobile`, `profile_picture`, `country`, `timezone`, `active`, `email_confirmed`, `mobile_confirmed`, `email_confirmation_token`, `fcm_token`, `apn_token`, `refferal_code`, `referred_by`, `rating`, `lang`, `rating_total`, `no_of_ratings`, `login_by`, `remember_token`, `last_known_ip`, `last_login_at`, `social_provider`, `social_nickname`, `social_id`, `social_token`, `social_token_secret`, `social_refresh_token`, `social_expires_in`, `social_avatar`, `social_avatar_original`, `created_at`, `updated_at`, `driver_referred_by`, `referral_commission_for_driver`) VALUES
(1, 'admin ', NULL, NULL, 'admin@admin.com', '$2y$10$AgojjsF6S6anSZPkYCx4q.IESZbn0z4L17fsfEhJq2EGVdksO4he2', '9999999999', NULL, NULL, NULL, 1, 0, 1, NULL, NULL, NULL, 'democode', NULL, 0.00, NULL, 0.00, 0, NULL, NULL, '49.207.225.148', '2022-12-07 13:08:42', NULL, NULL, NULL, NULL, NULL, NULL, NULL, NULL, NULL, '2022-10-15 04:53:48', '2022-12-07 13:08:42', NULL, NULL),
(2, 'Demo Driver', NULL, NULL, 'driver@gmail.com', '$2y$10$9N/fj/z9pXITmEYxrj6zqOzWDNLkSiQKPly9e07SfWnq3xmoFwX2.', '7004920897', 'JjDO0CBWdBD0nnC9MFNuudm6muiUut150aSnvPRt.jpg', 102, NULL, 1, 0, 1, NULL, 'eQ5wEPhqQMCQccBnzFMnjH:APA91bFHw5oqvsMVcB3w509dgpVF-vK2HGqtMrokVRIM5IsUxSx2o6czyEkzlPMVFigC5hcQFNjpSFMaFy-PKGy2mSPmQsK4qfOdowBcfdHhJVXKXhruzrZdW_yXwcXXQ2UaY7Tm2Ttq', NULL, 'v88MJ1', 1, 0.00, NULL, 0.00, 0, 'android', NULL, '157.50.12.244', '2022-12-04 06:55:21', NULL, NULL, NULL, NULL, NULL, NULL, NULL, NULL, NULL, '2022-10-16 13:55:59', '2022-12-04 06:55:21', NULL, NULL),
(3, 'sd sfd df', NULL, NULL, 'nancy@gmail.com', '$2y$10$dLpHEh8MtgrqPPZhJ0i6Ueh5m/r6GxvYCRuCYENSNduHzLLF2hW3q', '9898989898', NULL, 102, NULL, 1, 0, 1, NULL, NULL, NULL, '234567', NULL, 0.00, NULL, 0.00, 0, NULL, NULL, NULL, NULL, NULL, NULL, NULL, NULL, NULL, NULL, NULL, NULL, NULL, '2022-10-28 13:18:37', '2022-11-21 02:22:13', 2, 30),
(6, 'Deepesh', NULL, NULL, 'owner@gmail.com', '$2y$10$X1o5n/n4lLIDIZlPLi1TSuZ91j0p0tvEnfTXblg0.qBoFjD071/lu', '1234567890', NULL, NULL, NULL, 1, 0, 1, '$2y$10$n/ujJxnsxj6ptMeEqLHaE.CcRts.RNbcpgSg4CCDOOKP3We/oYLSu', NULL, NULL, NULL, NULL, 0.00, NULL, 0.00, 0, NULL, NULL, NULL, NULL, NULL, NULL, NULL, NULL, NULL, NULL, NULL, NULL, NULL, '2022-10-29 05:41:31', '2022-10-29 05:41:31', NULL, NULL),
(7, 'Deepesh', NULL, NULL, 'nancyma@gmail.com', '$2y$10$pOLZdqndsaH.zEvvh5gC2OEkw9uiwLQ3ut.HerGu.4n.xJWaXc9CG', '0000000001', NULL, NULL, NULL, 1, 0, 1, '$2y$10$ihTfXDWOgWssWk.SrQHEo.0yZPsw5hPnetY0WfBYO.irKqhncCpfe', NULL, NULL, NULL, NULL, 0.00, NULL, 0.00, 0, NULL, NULL, NULL, NULL, NULL, NULL, NULL, NULL, NULL, NULL, NULL, NULL, NULL, '2022-11-19 06:53:59', '2022-11-19 06:53:59', NULL, NULL),
(8, 'dededede', NULL, NULL, 'deepesh@dgl.biz', '$2y$10$llBogJk5pKZSe17rJHLBZeYZWcZlIVbOZGl/tRCqvIBozcF8N/VLK', '098765432', NULL, 102, NULL, 1, 0, 1, NULL, NULL, NULL, 'ga67Jq', NULL, 0.00, NULL, 0.00, 0, NULL, NULL, NULL, NULL, NULL, NULL, NULL, NULL, NULL, NULL, NULL, NULL, NULL, '2022-11-21 01:45:46', '2022-11-21 01:45:46', NULL, NULL),
(10, 'Jose', NULL, NULL, 'infostalin@gmail.com', '$2y$10$Q7tFeUWxXrewzEkbvAyHX.KaGnZKpmoN49UnkU0NyCo.BMy81/USS', '8088352708', 'yF2Z0fCg8NueLkQDVa9Tp7X2Q1htsWSMGBeOs7Ou.jpg', 102, 'Asia/Kolkata', 1, 0, 1, NULL, 'c_hRawsMSpe8ewjfexOsS3:APA91bEH5QdqPpE2ssdNju54guEMq2Rno7fffZuq3AJsOz1y7CPA_QX6Z4sY78JFeBLoWHUDDYAYf7NDdrlugM8YCppfqRKzP3vBs6c8JwuwzXtCyZGo2VYoKQtQr6yg46kjqLXPTVtQ', NULL, '14TyQ5', NULL, 0.00, 'en', 0.00, 0, 'android', NULL, '157.45.218.133', '2022-11-29 08:10:32', NULL, NULL, NULL, NULL, NULL, NULL, NULL, NULL, NULL, '2022-11-25 02:10:55', '2022-11-29 08:10:32', NULL, NULL),
(11, 'stalin', NULL, NULL, 'stalin@gouremt.in', '$2y$10$MjuMQi0IRl9ERW1VsMp4uO37n79z/swMUsHHtXviCZT0IQWAmz//G', '9677956853', 'hc8UTqKeYSmpm1mrwW5twcTNzNFfVlmAJzXqcf3o.jpg', 102, 'Asia/Kolkata', 1, 0, 1, NULL, 'cvFugRGOR3mLFSqNN56JdW:APA91bGpsLtz43Lg71zLKCMjivAuIEc3EP9acwwXcHUDr1WKjRUPishOWHMcX8qTEYsLmbBsPrfIsRnWsMfDd9tOThV9IfSBCUziYHP-WMetvesYx5nUg4f2K2G7nRgSEGx3vSwSPfTb', NULL, 'gOEGUA', NULL, 0.00, 'en', 0.00, 0, 'android', NULL, '101.0.63.169', '2022-11-25 07:34:51', NULL, NULL, NULL, NULL, NULL, NULL, NULL, NULL, NULL, '2022-11-25 07:34:50', '2022-11-25 07:34:51', NULL, NULL),
(12, 'joe', NULL, NULL, 'joe@gm.com', '$2y$10$Su9lthU.Ii7iFnHV8sav8.iOJD2yp0bqNdV/Yqbf/ZD5cxbg76YLq', '1234567899', 'KvmneBBLi03B1TJz4HgwQObULHy8CnW8AEw7meTu.jpg', 102, 'Asia/Kolkata', 1, 0, 1, NULL, 'cyyumqSeNaL1Oj_mhRusJF:APA91bGbVuyJkC8NjXFXUplqJpGAaEg7fY648RTwljwShxLokF67Z_4nmr7DAaK1YaYYLNJOxKqNBrwrXZSF2BEAPwMj3gg42d2AYKoDNWHxbgC3soT4c6jZn39ZsgyV3JfLyDv4FfrP', NULL, 'uJRS2L', NULL, 0.00, 'en', 0.00, 0, 'android', NULL, '49.207.231.27', '2022-12-04 06:49:27', NULL, NULL, NULL, NULL, NULL, NULL, NULL, NULL, NULL, '2022-11-25 12:25:55', '2022-12-04 06:49:27', 10, 20),
(13, 'deepu', NULL, NULL, 'deepeshinfo22@gmail.com', '$2y$10$vMWuC2ZiM8V.8G1ikSHxt.c0joi9UsjL9cNJz/X2g9.kn2mBBkVXm', '9876543210', 'tdRGUDLjs6TdpZUmbmXyyIOPJR7hY1Fb6BKClcJL.jpg', 102, 'Asia/Kolkata', 1, 0, 1, NULL, 'etUcRYKgTf2YmRo0fkia_A:APA91bEaTmfj6BJMlad2iPgksGsnpZLy8cLVZFO12dVR-kvwc7DQEUxj1YXg_oyzsZKsO6Dv681GQLdm_mvyVyPWXQYVlCpEhqIbzY97jLdg658h3PBiVeRCR6FIecwo0y9JiEC0jXS5', NULL, 'wWxZ7o', NULL, 0.00, 'en', 0.00, 0, 'android', NULL, '157.45.184.50', '2022-11-25 13:18:50', NULL, NULL, NULL, NULL, NULL, NULL, NULL, NULL, NULL, '2022-11-25 13:18:50', '2022-11-25 13:19:05', 2, 20),
(14, 'Mohammed Nasar', NULL, NULL, 'nasarfaridi@hotmail.com', '$2y$10$v9WyoKdknGV.wROPGa9mXe7AkaiSHGIpWnPl0UsxkS5zTUZVoTway', '8884446570', 'n3nfjhYExGMojLd0HDegm5V0V3ECYXoWrcWKTgQw.jpg', 102, 'Asia/Kolkata', 1, 0, 1, NULL, 'cAviYxofT9OOFhQh8fMETH:APA91bEqAH48cBBuVA9JIl1pLsHbV3oY2SeAd1hlR6BTMDB8Ma6MvOWJQmpz1mbI7r9dEofL0v2NHI5AQkYn4WWLgxUwXZyhznH7aKEk5-XlWBbVvAHwM49gFvZO5dmvS8ZOI3FVdqX6', NULL, '7scspN', NULL, 0.00, 'en', 0.00, 0, 'android', NULL, '51.187.172.107', '2022-11-27 11:12:22', NULL, NULL, NULL, NULL, NULL, NULL, NULL, NULL, NULL, '2022-11-27 11:12:21', '2022-11-27 11:12:41', 14, 20),
(15, 'admin', NULL, NULL, 'admin1@admin.com', '$2y$10$D9g/qYNwYOk85ylmGYIda.e25H99QNZEDslqNXQTIS3JKDUZpSb7W', '9999999990', NULL, 102, 'Asia/Kolkata', 1, 0, 1, NULL, NULL, NULL, NULL, NULL, 0.00, NULL, 0.00, 0, NULL, NULL, '49.207.214.179', '2022-11-28 05:37:32', NULL, NULL, NULL, NULL, NULL, NULL, NULL, NULL, NULL, '2022-11-27 11:55:50', '2022-11-28 05:37:32', NULL, NULL),
(16, 'deepu owner', NULL, NULL, 'abc@def.com', NULL, '7004920898', NULL, 102, 'Asia/Kolkata', 1, 0, 1, NULL, 'eTsqaeR9RfW08DEtFazK4Q:APA91bHKImteJ0L22Pr-9kbgbNkTyx9BzJy5n1poQTZPgL9JaM-nr-8uXb3ev1dsw0wllU3I7PksMTlmvdViI-gKar_p3E04K1vgm308vYgQq3IZDM7TnZJoGLM_wYsK-cIxzjAcKxUI', NULL, 'BSjt6d', NULL, 0.00, NULL, 0.00, 0, 'android', NULL, '157.45.42.130', '2022-11-28 05:21:11', NULL, NULL, NULL, NULL, NULL, NULL, NULL, NULL, NULL, '2022-11-28 05:19:42', '2022-11-28 05:21:11', 2, 20),
(17, 'j', NULL, NULL, 'g@gm.in', '$2y$10$hyB5drphrvIot1NqdSrlwuFV8gg9B3ahnn0Pq1rOHjPHnP0LkAFwG', '8088352707', 'ySWqCSvPkloUEHVmCvVhpV2GfdrmdJek9x3Krep5.jpg', 102, 'Asia/Kolkata', 1, 0, 1, NULL, 'fX3KSK7CS3GJvwdcS1PLVy:APA91bE5f9bRijMCnhLHBiIv_sEOmZjii8rDW7bQ5UC6TH6-j4FBUo2lugCgz3SDaoQnvBiJQ-qxYXRzezY-AgL0g1E_QF9pSVGRNkzbBiUw-MrZURogPJvx8xm45o8eOItN5V_4Smjh', NULL, 'H1JZex', NULL, 0.00, 'en', 0.00, 0, 'android', NULL, '101.0.63.111', '2022-11-28 06:20:43', NULL, NULL, NULL, NULL, NULL, NULL, NULL, NULL, NULL, '2022-11-28 06:20:43', '2022-11-28 06:22:58', 17, 20),
(18, 'test', NULL, NULL, 'absd@def.com', '$2y$10$mGL/CYjNMxFSfk9b2UFAAuo1Bk82dKtGu8swMogpvRB3YYd.9np1.', '1234567897', 'p3WrNbCD4CHFVtr9EKsEGvEfEyfZeq6KFhP0B9Wv.jpg', 102, 'Asia/Kolkata', 1, 0, 1, NULL, 'eQ5wEPhqQMCQccBnzFMnjH:APA91bFHw5oqvsMVcB3w509dgpVF-vK2HGqtMrokVRIM5IsUxSx2o6czyEkzlPMVFigC5hcQFNjpSFMaFy-PKGy2mSPmQsK4qfOdowBcfdHhJVXKXhruzrZdW_yXwcXXQ2UaY7Tm2Ttq', NULL, 'xnpNbp', NULL, 0.00, 'en', 0.00, 0, 'android', NULL, '157.50.12.244', '2022-12-04 06:53:30', NULL, NULL, NULL, NULL, NULL, NULL, NULL, NULL, NULL, '2022-11-28 09:27:26', '2022-12-04 06:53:30', 2, 20),
(19, 'Deepesh', NULL, NULL, 'demo@gmail.com', NULL, '7004920897', 'Ge4FQQ1QAiSEjzwrb3KYL8QX9Vbha6F0JY3qrNtz.jpg', 102, 'Asia/Kolkata', 1, 0, 1, NULL, 'fT6MlaHcRW6qouxpNd49ea:APA91bHM4QGmqC-qFWwSWnDVtLa1HDaPiOBY5uITQA4E9j3p0BvyYyHeZL2MFCBmLjudbhrrMT2rJNKq_f8veDOAa-50_T-5WDjvjQcsWQdqSFmHb_OjB3es4KRpxNi5YehGfhg3rGFL', NULL, 'FztsU1', NULL, 0.00, 'en', 0.00, 0, 'android', NULL, '157.50.46.227', '2022-12-05 12:21:40', NULL, NULL, NULL, NULL, NULL, NULL, NULL, NULL, NULL, '2022-11-28 10:24:08', '2022-12-05 12:21:40', NULL, NULL),
(20, 'bzkz', NULL, NULL, 'hxxkkd@gmail.com', '$2y$10$LzitTVUzMsu/e7w4/5YtTe4vq6E/VcewF0KIpXh/r6hTaHV/XZ5Va', '1234567891', 'CRUaiPwlx402Ec9OucKBZM0qp24RKIMicLBoXJum.jpg', 102, 'Asia/Kolkata', 1, 0, 1, NULL, 'fWL5dUudQYuTDPBXhmFn5A:APA91bElIOKvpHO5JTZnE7F3E3-oMKAB-K41vIEtVlngC_aQambCMlFLEl1dPR7gCxOMk_xPWDM-duP8Nc-slX01PtlTOxm0SOo61aJgn8vcUbBRi189m2cLOpao9fSoBmzPKZvx1SEQ', NULL, 'SjdAUP', NULL, 0.00, 'en', 0.00, 0, 'android', NULL, '157.45.163.75', '2022-11-29 05:41:37', NULL, NULL, NULL, NULL, NULL, NULL, NULL, NULL, NULL, '2022-11-28 12:03:07', '2022-11-29 05:41:37', 20, 20),
(21, 'gjj', NULL, NULL, 'gui@gjj.vom', '$2y$10$kiQhTo8jqMbffq75q1MSF.EB3mIGXOi.jRu6DR0v/X1DpCisPj6M.', '12345678922', 'WUaBv5GKiqKqFRfDdUsNSRfe9qCHaahqyt4tC2t7.jpg', 102, 'Asia/Kolkata', 1, 0, 1, NULL, 'e60XqixeSMmaBEPWuhxisJ:APA91bEM-aXdThboCKhZrt4ZDHlY88nhBdCmNz39wWgC5z5cUvFCqOLEz-gr7tek8Qtzr5vzYEbn8iuStE4MRAtgVABBTo3EctWNFLfFtC7naAEk7ooPsRwVx5gMjJ0yU2K07_JZiXfE', NULL, 'lBMN1R', NULL, 0.00, 'en', 0.00, 0, 'android', NULL, '49.207.201.188', '2022-11-28 12:29:24', NULL, NULL, NULL, NULL, NULL, NULL, NULL, NULL, NULL, '2022-11-28 12:29:23', '2022-11-28 12:30:19', 21, 20),
(22, 'gjj', NULL, NULL, 'gui@gjj.vom', '$2y$10$Wg6G2w6XBFveMCzqZaDMjOy0SLYhuaaGGtw8m3fHSd8dYI10Hj.2u', '12345678922', 'qtSOy9wjrlFogP4ZSus5svm1BmA0vCZfoSHjhbsF.jpg', 102, 'Asia/Kolkata', 1, 0, 1, NULL, 'e60XqixeSMmaBEPWuhxisJ:APA91bEM-aXdThboCKhZrt4ZDHlY88nhBdCmNz39wWgC5z5cUvFCqOLEz-gr7tek8Qtzr5vzYEbn8iuStE4MRAtgVABBTo3EctWNFLfFtC7naAEk7ooPsRwVx5gMjJ0yU2K07_JZiXfE', NULL, 'Kka0kC', NULL, 0.00, 'en', 0.00, 0, 'android', NULL, '49.207.201.188', '2022-11-28 12:29:24', NULL, NULL, NULL, NULL, NULL, NULL, NULL, NULL, NULL, '2022-11-28 12:29:23', '2022-11-28 12:29:24', NULL, NULL),
(23, 'joe', NULL, NULL, 'gft@gmail.com', '$2y$10$ooO1aFo451vRzBXp.SIqY.fJyuLgLeLHbg0JPkhHuu1zKVcbChvGi', '1236547890', 'QmK3eNUfVdv9BBJdPVP5lKbgSpE2xfaOELXipJG9.jpg', 102, 'Asia/Kolkata', 1, 0, 1, NULL, 'fIIcEA-CRvmvRwKZLkOb95:APA91bH0ufkSH1tJy_Wd7uORmbd_a6wlWcwrGMMVz0IH9qBpaysHLJwSzB3EyDjNfD2nQE73xdNTupjDDxUD2WqBqtRQRoZoUraf2JIbH-pPe_ssuM9-7G029B6kY6iQ220wwyQIb-A1', NULL, 'nep3cM', NULL, 0.00, 'en', 0.00, 0, 'android', NULL, '101.0.63.43', '2022-11-29 00:47:55', NULL, NULL, NULL, NULL, NULL, NULL, NULL, NULL, NULL, '2022-11-29 00:47:55', '2022-11-29 00:50:23', 23, 20),
(24, 'joi', NULL, NULL, 'ji@gmail.com', '$2y$10$wYY/YG7Rnp7ixwNeB0fOjuzSB62vjUBxSR/lAY76NJz/xLfKCy3BS', '1472583690', 'iRmauW12uu65iV5sQGvuXHJEbiCXO5F4mXJxiEcs.jpg', 102, 'Asia/Kolkata', 1, 0, 1, NULL, 'e3XNBnuKSqm9tWeoLKUKno:APA91bEcAfepYpJx1ieq00zJYEVyW-sTaqXBv4Wyhuo_toeERLNfXQwFZc-UdK00ZN5tgYV-nxpWwMjJDZ8pLrbtAZVN3tVueAP9hYdQGYteST_vLh0ADnlT2YfGBFsmbCC9AKKMHvjh', NULL, '8GAy5L', NULL, 0.00, 'en', 0.00, 0, 'android', NULL, '101.0.63.43', '2022-11-29 00:58:17', NULL, NULL, NULL, NULL, NULL, NULL, NULL, NULL, NULL, '2022-11-29 00:58:17', '2022-11-29 00:58:32', 24, 20),
(25, 'joi', NULL, NULL, 'tnc@gmail.com', '$2y$10$BarLKdvkG/HyP8zRuU.sDeQTSPfVka45Th2F0./xRlDMNdXYmbUAK', '1472580369', 'BAjEWs5GMDxSjRDTGeyzY0yJD25yRVBrLVzxDgPX.jpg', 102, 'Asia/Kolkata', 1, 0, 1, NULL, 'erekQQ6JRCqb5WqZDyJu98:APA91bFqCAjsijrnlXS34gY-uJvYdI0VRUOsgIFwqiNcD_B7Ro3bGp80wjdhiz2NmBTt_HCaGuD9nURQHznZcYiybx16BxEOaky0vGVnCMJuFq9qtaiJYl8lZjW5_iseK-FWdptd6b8H', NULL, 'MiGuzJ', NULL, 0.00, 'en', 0.00, 0, 'android', NULL, '101.0.63.43', '2022-11-29 01:01:23', NULL, NULL, NULL, NULL, NULL, NULL, NULL, NULL, NULL, '2022-11-29 01:01:22', '2022-11-29 01:02:01', 25, 20),
(26, 'goi', NULL, NULL, 'goi@gmail.com', '$2y$10$tgE5Akitcf4S6s7ienZ2H.WpLAnKBP6/AOOxvGH8SfxePiHaJhseO', '9630852741', 'aIj7TxoQuacy9gI8vXFDctTnBRLYaCrsig9IyS27.jpg', 102, 'Asia/Kolkata', 1, 0, 1, NULL, 'd9NvUcv2T2CqqSNOUz4Ztj:APA91bEH99a-FN9BLsPyYPpb7KvbDU7pLVgVes5PPJ1I_5VH46AXdBFwEp-fEmenmpYU2sBojQANhxKiDPkbxhJiiJ8QINB8uI8WRZzpaR9OHGT8dXRFM58247e1kXGvjcMKgF1MTBOy', NULL, 'yRaHo3', NULL, 0.00, 'en', 0.00, 0, 'android', NULL, '101.0.63.43', '2022-11-29 01:12:52', NULL, NULL, NULL, NULL, NULL, NULL, NULL, NULL, NULL, '2022-11-29 01:12:51', '2022-11-29 01:12:52', NULL, NULL),
(27, 'joi', NULL, NULL, 'jiu@gmail.com', '$2y$10$SNQj81y9oJLEFJdOUFfyeObAoGcxykuRc4J85y03x/SGtZ0JJtYaW', '9677956852', 'kOw2xEAqEMP3eoV7FCqCLyJ0LaNcz1i3xF1MRDJy.jpg', 102, 'Asia/Kolkata', 1, 0, 1, NULL, 'eNZE9zMRTJejal57rG0W2X:APA91bFzOqUpRQzp_cefs0klF6gXsojVaaXesC19rwsdWhuSlpwIhe9WWuKO6GPnzCTRCEhXhOnsS6Lxa_83w8Io3_JqX2grbOyA_mBOJUgV8Y17HwmjQQJMBnxXT_MgVKLtn1SUHQGH', NULL, 'Rxw2lk', NULL, 0.00, 'en', 0.00, 0, 'android', NULL, '101.0.63.43', '2022-11-29 01:42:19', NULL, NULL, NULL, NULL, NULL, NULL, NULL, NULL, NULL, '2022-11-29 01:42:17', '2022-11-29 01:42:46', 27, 20),
(28, 'joi', NULL, NULL, 'in@gmail.com', '$2y$10$g9bYIc5gZClFHjglcm/XXO5DAaLxmsRLLZ.NDpATXyuKM6vQDN4yi', '9677956851', 'gjjTh63zqKh0S6yUYOU3RqUBMwgVwiTh1bLS8ypK.jpg', 102, 'Asia/Kolkata', 1, 0, 1, NULL, 'd3J7KStSS2e4sAN0yYha5c:APA91bHxFnL7hE7Sv4rZNaMTRYMqAPCuMRZxVRz1WURR00xbgtHyGsVmvj-tAQHrfsmrDQGPkVgWhNwGNSXFsPfl76R9_ASlP1Mrn2DdLKEn9ablo8rQoAFglLjSFY8UsEFe4kLlFyP1', NULL, 'adCXyL', NULL, 0.00, 'en', 0.00, 0, 'android', NULL, '101.0.63.43', '2022-11-29 01:53:33', NULL, NULL, NULL, NULL, NULL, NULL, NULL, NULL, NULL, '2022-11-29 01:53:33', '2022-11-29 01:55:08', 10, 20),
(29, 'test', NULL, NULL, 'hzksnsns@hekdms.djdms', '$2y$10$XNAKmruwX4s9jU8aYTl4f.6VMniwrYbEaTbI4x2qZu4mLo4tGF.we', '1234567893', 'oGpkO3v6fIl0yVYuP1OmYfc5gttlr8D6YNdcLUR1.jpg', 102, 'Asia/Kolkata', 1, 0, 1, NULL, 'eQ5wEPhqQMCQccBnzFMnjH:APA91bFHw5oqvsMVcB3w509dgpVF-vK2HGqtMrokVRIM5IsUxSx2o6czyEkzlPMVFigC5hcQFNjpSFMaFy-PKGy2mSPmQsK4qfOdowBcfdHhJVXKXhruzrZdW_yXwcXXQ2UaY7Tm2Ttq', NULL, 'l0L8ok', NULL, 0.00, 'en', 0.00, 0, 'android', NULL, '157.50.12.244', '2022-12-04 06:56:27', NULL, NULL, NULL, NULL, NULL, NULL, NULL, NULL, NULL, '2022-11-29 03:06:59', '2022-12-04 06:56:27', 12, 20),
(30, 'ryu', NULL, NULL, 'fuijfxxgi@fhuj.cgu', '$2y$10$rtSJh9zfYkisFW6kab/vpeTHpJX6CadYr4SSpp6gdJJWmyjWHtZK.', '1234567894', '1VVWv0drWnuT4uVcD0zLrMGj0BSZ2tVbuHCj0eMo.jpg', 102, 'Asia/Kolkata', 1, 0, 1, NULL, 'dSFK7ABURYuWLCE7i4Fi5K:APA91bHACnXB54KpZgu7_mOa9-fxGGzVDUZpPL7wvjp4lwadEKMFKFGX0FH-1FTyaEw2TI7Uf0NaU-J9DIMCmbjTfYs0F59R0WrcocHML457lDhEzT25zFYeLn6asAb-dhcRbfvzjQ8d', NULL, 'O1TBUX', NULL, 0.00, 'en', 0.00, 0, 'android', NULL, '157.45.163.75', '2022-11-29 03:15:45', NULL, NULL, NULL, NULL, NULL, NULL, NULL, NULL, NULL, '2022-11-29 03:15:45', '2022-11-29 03:16:06', 29, 20),
(31, 'deepesh', NULL, NULL, 'deepesh@dgl.biz', NULL, '1234567890', 'XfVnaZZyiVW9fW5auemPgJyawvr6IEdaPQ8n6ldg.jpg', 102, 'Asia/Kolkata', 1, 0, 1, NULL, 'fT6MlaHcRW6qouxpNd49ea:APA91bHM4QGmqC-qFWwSWnDVtLa1HDaPiOBY5uITQA4E9j3p0BvyYyHeZL2MFCBmLjudbhrrMT2rJNKq_f8veDOAa-50_T-5WDjvjQcsWQdqSFmHb_OjB3es4KRpxNi5YehGfhg3rGFL', NULL, 'PDwsFK', NULL, 0.00, 'en', 0.00, 0, 'android', NULL, '157.50.46.227', '2022-12-05 12:21:27', NULL, NULL, NULL, NULL, NULL, NULL, NULL, NULL, NULL, '2022-12-04 06:59:28', '2022-12-05 12:21:27', NULL, NULL),
(32, 'hsis', NULL, NULL, 'hzksnsns@hekdms.djdms', NULL, '7004920898', 'S88DTH0FYxUPOR4K1oM9tGq4ykMAoKyYHdAQJ9cV.jpg', 102, 'Asia/Kolkata', 1, 0, 1, NULL, 'fT6MlaHcRW6qouxpNd49ea:APA91bHM4QGmqC-qFWwSWnDVtLa1HDaPiOBY5uITQA4E9j3p0BvyYyHeZL2MFCBmLjudbhrrMT2rJNKq_f8veDOAa-50_T-5WDjvjQcsWQdqSFmHb_OjB3es4KRpxNi5YehGfhg3rGFL', NULL, 'j4FKBa', NULL, 0.00, 'en', 0.00, 0, 'android', NULL, '157.50.46.227', '2022-12-05 12:22:27', NULL, NULL, NULL, NULL, NULL, NULL, NULL, NULL, NULL, '2022-12-05 12:22:27', '2022-12-05 12:22:52', NULL, NULL);

-- --------------------------------------------------------

--
-- Table structure for table `users_bank_info`
--

CREATE TABLE `users_bank_info` (
  `id` char(36) COLLATE utf8mb4_unicode_ci NOT NULL,
  `user_id` int(10) UNSIGNED NOT NULL,
  `account_name` varchar(191) COLLATE utf8mb4_unicode_ci NOT NULL,
  `account_no` varchar(191) COLLATE utf8mb4_unicode_ci NOT NULL,
  `bank_code` varchar(191) COLLATE utf8mb4_unicode_ci NOT NULL,
  `bank_name` varchar(191) COLLATE utf8mb4_unicode_ci NOT NULL,
  `created_at` timestamp NULL DEFAULT NULL,
  `updated_at` timestamp NULL DEFAULT NULL
) ENGINE=InnoDB DEFAULT CHARSET=utf8mb4 COLLATE=utf8mb4_unicode_ci;

-- --------------------------------------------------------

--
-- Table structure for table `user_details`
--

CREATE TABLE `user_details` (
  `id` char(36) COLLATE utf8mb4_unicode_ci NOT NULL,
  `user_id` int(10) UNSIGNED NOT NULL,
  `name` varchar(191) COLLATE utf8mb4_unicode_ci NOT NULL,
  `mobile` varchar(191) COLLATE utf8mb4_unicode_ci NOT NULL,
  `email` varchar(150) COLLATE utf8mb4_unicode_ci NOT NULL,
  `address` varchar(500) COLLATE utf8mb4_unicode_ci DEFAULT NULL,
  `state` varchar(50) COLLATE utf8mb4_unicode_ci DEFAULT NULL,
  `city` varchar(50) COLLATE utf8mb4_unicode_ci DEFAULT NULL,
  `country` int(10) UNSIGNED NOT NULL,
  `country_code` varchar(191) COLLATE utf8mb4_unicode_ci DEFAULT NULL,
  `gender` enum('male','fe-male','others') COLLATE utf8mb4_unicode_ci NOT NULL,
  `profile` varchar(191) COLLATE utf8mb4_unicode_ci DEFAULT NULL,
  `token` varchar(191) COLLATE utf8mb4_unicode_ci DEFAULT NULL,
  `token_expiry` timestamp NULL DEFAULT NULL,
  `device_token` varchar(191) COLLATE utf8mb4_unicode_ci DEFAULT NULL,
  `login_by` varchar(191) COLLATE utf8mb4_unicode_ci DEFAULT NULL,
  `created_at` timestamp NULL DEFAULT NULL,
  `updated_at` timestamp NULL DEFAULT NULL,
  `deleted_at` timestamp NULL DEFAULT NULL
) ENGINE=InnoDB DEFAULT CHARSET=utf8mb4 COLLATE=utf8mb4_unicode_ci;

-- --------------------------------------------------------

--
-- Table structure for table `user_driver_notifications`
--

CREATE TABLE `user_driver_notifications` (
  `id` char(36) COLLATE utf8mb4_unicode_ci NOT NULL,
  `notify_id` char(36) COLLATE utf8mb4_unicode_ci NOT NULL,
  `user_id` int(10) UNSIGNED DEFAULT NULL,
  `driver_id` int(10) UNSIGNED DEFAULT NULL,
  `is_read` tinyint(1) NOT NULL DEFAULT 0,
  `read_at` timestamp NULL DEFAULT NULL,
  `push_enum` varchar(191) COLLATE utf8mb4_unicode_ci DEFAULT NULL,
  `title` varchar(191) COLLATE utf8mb4_unicode_ci DEFAULT NULL,
  `body` longtext COLLATE utf8mb4_unicode_ci DEFAULT NULL,
  `image` varchar(191) COLLATE utf8mb4_unicode_ci DEFAULT NULL,
  `data` longtext COLLATE utf8mb4_unicode_ci DEFAULT NULL,
  `created_at` timestamp NULL DEFAULT NULL,
  `updated_at` timestamp NULL DEFAULT NULL,
  `deleted_at` timestamp NULL DEFAULT NULL
) ENGINE=InnoDB DEFAULT CHARSET=utf8mb4 COLLATE=utf8mb4_unicode_ci;

--
-- Dumping data for table `user_driver_notifications`
--

INSERT INTO `user_driver_notifications` (`id`, `notify_id`, `user_id`, `driver_id`, `is_read`, `read_at`, `push_enum`, `title`, `body`, `image`, `data`, `created_at`, `updated_at`, `deleted_at`) VALUES
('ad4a5d05-1951-4a9f-af31-664db4fade69', '0c4929f4-4df3-44f0-a99c-ac8793ec974a', NULL, 1, 0, NULL, NULL, NULL, NULL, NULL, NULL, '2022-11-27 11:39:09', '2022-11-27 11:39:09', NULL),
('c7e3990d-1631-4ee9-b16d-daf5bc3b3a03', 'f265c269-746e-462d-ac3e-8996870e8fb5', NULL, 9, 0, NULL, NULL, NULL, NULL, NULL, NULL, '2022-11-27 11:39:29', '2022-11-27 11:39:29', NULL);

-- --------------------------------------------------------

--
-- Table structure for table `user_wallet`
--

CREATE TABLE `user_wallet` (
  `id` char(36) COLLATE utf8mb4_unicode_ci NOT NULL,
  `user_id` int(10) UNSIGNED NOT NULL,
  `amount_added` double(10,2) NOT NULL DEFAULT 0.00,
  `amount_balance` double(10,2) NOT NULL DEFAULT 0.00,
  `amount_spent` double(10,2) NOT NULL DEFAULT 0.00,
  `created_at` timestamp NULL DEFAULT NULL,
  `updated_at` timestamp NULL DEFAULT NULL
) ENGINE=InnoDB DEFAULT CHARSET=utf8mb4 COLLATE=utf8mb4_unicode_ci;

--
-- Dumping data for table `user_wallet`
--

INSERT INTO `user_wallet` (`id`, `user_id`, `amount_added`, `amount_balance`, `amount_spent`, `created_at`, `updated_at`) VALUES
('2f068a30-6f19-47a6-a385-f2eebd113d1e', 32, 0.00, 0.00, 0.00, '2022-12-05 12:22:27', '2022-12-05 12:22:27'),
('4c0708f6-9f4a-4ac1-9684-bf7d695effbe', 19, 0.00, 0.00, 0.00, '2022-11-28 10:24:08', '2022-11-28 10:24:08'),
('58c9e6eb-6510-4b2f-ac21-d905e607a69d', 31, 0.00, 0.00, 0.00, '2022-12-04 06:59:28', '2022-12-04 06:59:28');

-- --------------------------------------------------------

--
-- Table structure for table `user_wallet_history`
--

CREATE TABLE `user_wallet_history` (
  `id` char(36) COLLATE utf8mb4_unicode_ci NOT NULL,
  `user_id` int(10) UNSIGNED NOT NULL,
  `card_id` char(36) COLLATE utf8mb4_unicode_ci DEFAULT NULL,
  `request_id` char(36) COLLATE utf8mb4_unicode_ci DEFAULT NULL,
  `refferal_code` varchar(191) COLLATE utf8mb4_unicode_ci DEFAULT NULL,
  `transaction_id` varchar(191) COLLATE utf8mb4_unicode_ci DEFAULT NULL,
  `amount` double(10,2) NOT NULL DEFAULT 0.00,
  `conversion` varchar(191) COLLATE utf8mb4_unicode_ci DEFAULT NULL,
  `merchant` varchar(191) COLLATE utf8mb4_unicode_ci DEFAULT NULL,
  `remarks` varchar(191) COLLATE utf8mb4_unicode_ci DEFAULT NULL,
  `is_credit` tinyint(1) NOT NULL DEFAULT 0,
  `admin_id` char(36) COLLATE utf8mb4_unicode_ci DEFAULT NULL,
  `created_at` timestamp NULL DEFAULT NULL,
  `updated_at` timestamp NULL DEFAULT NULL
) ENGINE=InnoDB DEFAULT CHARSET=utf8mb4 COLLATE=utf8mb4_unicode_ci;

-- --------------------------------------------------------

--
-- Table structure for table `vehicle_types`
--

CREATE TABLE `vehicle_types` (
  `id` char(36) COLLATE utf8mb4_unicode_ci NOT NULL,
  `company_key` varchar(191) COLLATE utf8mb4_unicode_ci DEFAULT NULL,
  `name` varchar(191) COLLATE utf8mb4_unicode_ci NOT NULL,
  `icon` varchar(191) COLLATE utf8mb4_unicode_ci DEFAULT NULL,
  `capacity` int(11) NOT NULL DEFAULT 0,
  `description` text COLLATE utf8mb4_unicode_ci DEFAULT NULL,
  `short_description` text COLLATE utf8mb4_unicode_ci DEFAULT NULL,
  `supported_vehicles` text COLLATE utf8mb4_unicode_ci DEFAULT NULL,
  `is_accept_share_ride` tinyint(1) NOT NULL DEFAULT 0,
  `active` tinyint(1) NOT NULL DEFAULT 1,
  `created_at` timestamp NULL DEFAULT NULL,
  `updated_at` timestamp NULL DEFAULT NULL,
  `deleted_at` timestamp NULL DEFAULT NULL,
  `is_taxi` enum('taxi','delivery') COLLATE utf8mb4_unicode_ci DEFAULT NULL
) ENGINE=InnoDB DEFAULT CHARSET=utf8mb4 COLLATE=utf8mb4_unicode_ci;

--
-- Dumping data for table `vehicle_types`
--

INSERT INTO `vehicle_types` (`id`, `company_key`, `name`, `icon`, `capacity`, `description`, `short_description`, `supported_vehicles`, `is_accept_share_ride`, `active`, `created_at`, `updated_at`, `deleted_at`, `is_taxi`) VALUES
('4cf69300-418e-4938-a3b5-d293b7474201', NULL, 'SUV', 'O0nZBev9d6O5tHfshrBk508wUuTphXkSH8c1bJSm.jpg', 6, 'Long Description for vehicle type', 'Short Desc', 'Audi', 0, 1, '2022-11-28 04:02:04', '2022-11-28 04:02:04', NULL, 'taxi'),
('eaa6f45a-2b88-4cbb-8b4a-f58b532be918', NULL, 'SUV', '7mbRPP00CSASYz3biI4ZYndwDa3jEbiywrhqd16o.jpg', 4, 'dfgh', 'sdfg', 'dfgh', 0, 1, '2022-11-07 02:03:45', '2022-11-07 02:03:45', NULL, 'taxi');

-- --------------------------------------------------------

--
-- Table structure for table `wallet_withdrawal_requests`
--

CREATE TABLE `wallet_withdrawal_requests` (
  `id` int(10) UNSIGNED NOT NULL,
  `user_id` int(10) UNSIGNED DEFAULT NULL,
  `driver_id` int(10) UNSIGNED DEFAULT NULL,
  `owner_id` char(36) COLLATE utf8mb4_unicode_ci DEFAULT NULL,
  `requested_amount` double NOT NULL DEFAULT 0,
  `requested_currency` varchar(191) COLLATE utf8mb4_unicode_ci DEFAULT NULL,
  `status` tinyint(4) NOT NULL DEFAULT 0,
  `created_at` timestamp NULL DEFAULT NULL,
  `updated_at` timestamp NULL DEFAULT NULL
) ENGINE=InnoDB DEFAULT CHARSET=utf8mb4 COLLATE=utf8mb4_unicode_ci;

-- --------------------------------------------------------

--
-- Table structure for table `websockets_statistics_entries`
--

CREATE TABLE `websockets_statistics_entries` (
  `id` int(10) UNSIGNED NOT NULL,
  `app_id` varchar(191) COLLATE utf8mb4_unicode_ci NOT NULL,
  `peak_connection_count` int(11) NOT NULL,
  `websocket_message_count` int(11) NOT NULL,
  `api_message_count` int(11) NOT NULL,
  `created_at` timestamp NULL DEFAULT NULL,
  `updated_at` timestamp NULL DEFAULT NULL
) ENGINE=InnoDB DEFAULT CHARSET=utf8mb4 COLLATE=utf8mb4_unicode_ci;

-- --------------------------------------------------------

--
-- Table structure for table `zones`
--

CREATE TABLE `zones` (
  `id` char(36) COLLATE utf8mb4_unicode_ci NOT NULL,
  `company_key` varchar(191) COLLATE utf8mb4_unicode_ci DEFAULT NULL,
  `service_location_id` char(36) COLLATE utf8mb4_unicode_ci NOT NULL,
  `name` varchar(191) COLLATE utf8mb4_unicode_ci NOT NULL,
  `unit` tinyint(4) NOT NULL,
  `coordinates` multipolygon DEFAULT NULL,
  `active` tinyint(1) NOT NULL DEFAULT 1,
  `default_vehicle_type` char(36) COLLATE utf8mb4_unicode_ci DEFAULT NULL,
  `created_at` timestamp NULL DEFAULT NULL,
  `updated_at` timestamp NULL DEFAULT NULL,
  `lat` double(15,8) NOT NULL DEFAULT 11.01595600,
  `lng` double(15,8) NOT NULL DEFAULT 76.96898500
) ENGINE=InnoDB DEFAULT CHARSET=utf8mb4 COLLATE=utf8mb4_unicode_ci;

--
-- Dumping data for table `zones`
--

INSERT INTO `zones` (`id`, `company_key`, `service_location_id`, `name`, `unit`, `coordinates`, `active`, `default_vehicle_type`, `created_at`, `updated_at`, `lat`, `lng`) VALUES
('590072f0-bdae-4c08-9be7-53eb679db19c', NULL, '4aed39ce-63e5-47bf-8a01-ca940f2737d9', 'Kolkata Region', 1, 0x0000000001060000000100000001030000000100000007000000551d7c4633385640349d559a12073740441d7c4640ef5540f1ea4bc23f0c3740321d7c46e9eb55402aceff4252623640321d7c46651556405972df8ce84a3640321d7c46354556405e033a956b5e3640211d7c468a3b564074312072dfe03640551d7c4633385640349d559a12073740, 1, 'eaa6f45a-2b88-4cbb-8b4a-f58b532be918', '2022-11-28 03:58:11', '2022-11-28 04:03:23', 23.02762761, 88.87812960),
('7dd52706-f186-4548-a4f6-32b803fa784b', NULL, '495241b1-10eb-4c2f-8548-b54660d8c695', 'Banglore Zone', 1, 0x0000000001060000000100000001030000000100000008000000873b77e10bc753408d8e78f9a2802b40873b77e1f7175340c461ac372c7b2b40873b77e1af05534075d2ff83159a2840643b77e1591f534023d21f5c6ddb2740873b77e1bbda5340c9900e8870f12740873b77e183d65340a91144c8a8002a40873b77e19fd85340dfa6f15e67642b40873b77e10bc753408d8e78f9a2802b40, 1, 'eaa6f45a-2b88-4cbb-8b4a-f58b532be918', '2022-11-19 06:48:43', '2022-11-28 05:26:31', 13.75124340, 79.11010014);

-- --------------------------------------------------------

--
-- Table structure for table `zone_bounds`
--

CREATE TABLE `zone_bounds` (
  `id` char(36) COLLATE utf8mb4_unicode_ci NOT NULL,
  `zone_id` char(36) COLLATE utf8mb4_unicode_ci NOT NULL,
  `north` double(8,2) DEFAULT NULL,
  `east` double(8,2) DEFAULT NULL,
  `south` double(8,2) DEFAULT NULL,
  `west` double(8,2) DEFAULT NULL,
  `created_at` timestamp NULL DEFAULT NULL,
  `updated_at` timestamp NULL DEFAULT NULL
) ENGINE=InnoDB DEFAULT CHARSET=utf8mb4 COLLATE=utf8mb4_unicode_ci;

-- --------------------------------------------------------

--
-- Table structure for table `zone_surge_prices`
--

CREATE TABLE `zone_surge_prices` (
  `id` bigint(20) UNSIGNED NOT NULL,
  `zone_id` char(36) COLLATE utf8mb4_unicode_ci NOT NULL,
  `start_time` time NOT NULL,
  `end_time` time NOT NULL,
  `value` int(11) NOT NULL COMMENT 'In percentage',
  `created_at` timestamp NULL DEFAULT NULL,
  `updated_at` timestamp NULL DEFAULT NULL,
  `deleted_at` timestamp NULL DEFAULT NULL
) ENGINE=InnoDB DEFAULT CHARSET=utf8mb4 COLLATE=utf8mb4_unicode_ci;

-- --------------------------------------------------------

--
-- Table structure for table `zone_types`
--

CREATE TABLE `zone_types` (
  `id` char(36) COLLATE utf8mb4_unicode_ci NOT NULL,
  `zone_id` char(36) COLLATE utf8mb4_unicode_ci NOT NULL,
  `type_id` char(36) COLLATE utf8mb4_unicode_ci NOT NULL,
  `bill_status` tinyint(1) NOT NULL DEFAULT 0 COMMENT '0 => Not show,1 => show bill',
  `payment_type` varchar(191) COLLATE utf8mb4_unicode_ci NOT NULL COMMENT '1 => Card,2 => Cash,3 => Wallet',
  `active` tinyint(1) NOT NULL DEFAULT 1,
  `created_at` timestamp NULL DEFAULT NULL,
  `updated_at` timestamp NULL DEFAULT NULL,
  `deleted_at` timestamp NULL DEFAULT NULL
) ENGINE=InnoDB DEFAULT CHARSET=utf8mb4 COLLATE=utf8mb4_unicode_ci;

--
-- Dumping data for table `zone_types`
--

INSERT INTO `zone_types` (`id`, `zone_id`, `type_id`, `bill_status`, `payment_type`, `active`, `created_at`, `updated_at`, `deleted_at`) VALUES
('36a4407b-da20-4da8-89f4-f3b53eee50e3', '7dd52706-f186-4548-a4f6-32b803fa784b', 'eaa6f45a-2b88-4cbb-8b4a-f58b532be918', 1, 'cash', 1, '2022-11-19 07:03:35', '2022-11-19 07:03:35', NULL),
('663bfd6e-a49d-44eb-9036-4f85346d1a15', '590072f0-bdae-4c08-9be7-53eb679db19c', 'eaa6f45a-2b88-4cbb-8b4a-f58b532be918', 1, 'cash', 1, '2022-11-28 04:03:23', '2022-11-28 04:03:23', NULL);

-- --------------------------------------------------------

--
-- Table structure for table `zone_type_package_prices`
--

CREATE TABLE `zone_type_package_prices` (
  `id` char(36) COLLATE utf8mb4_unicode_ci NOT NULL,
  `zone_type_id` char(36) COLLATE utf8mb4_unicode_ci NOT NULL,
  `base_price` double(10,2) NOT NULL DEFAULT 0.00,
  `package_type_id` varchar(191) COLLATE utf8mb4_unicode_ci NOT NULL,
  `distance_price_per_km` varchar(191) COLLATE utf8mb4_unicode_ci NOT NULL,
  `time_price_per_min` varchar(191) COLLATE utf8mb4_unicode_ci NOT NULL,
  `cancellation_fee` varchar(191) COLLATE utf8mb4_unicode_ci NOT NULL,
  `free_distance` varchar(191) COLLATE utf8mb4_unicode_ci NOT NULL,
  `free_min` varchar(191) COLLATE utf8mb4_unicode_ci NOT NULL,
  `active` tinyint(1) NOT NULL DEFAULT 1,
  `created_at` timestamp NULL DEFAULT NULL,
  `updated_at` timestamp NULL DEFAULT NULL,
  `deleted_at` timestamp NULL DEFAULT NULL
) ENGINE=InnoDB DEFAULT CHARSET=utf8mb4 COLLATE=utf8mb4_unicode_ci;

--
-- Dumping data for table `zone_type_package_prices`
--

INSERT INTO `zone_type_package_prices` (`id`, `zone_type_id`, `base_price`, `package_type_id`, `distance_price_per_km`, `time_price_per_min`, `cancellation_fee`, `free_distance`, `free_min`, `active`, `created_at`, `updated_at`, `deleted_at`) VALUES
('694bf9f8-a9fa-4a1a-8dd5-a14f693937e1', '663bfd6e-a49d-44eb-9036-4f85346d1a15', 1.00, '1', '1', '1', '1', '1', '1', 1, '2022-11-28 04:03:41', '2022-11-28 04:03:41', NULL),
('6f9bad48-7a12-45dd-ab55-c9766fb9f8e2', '36a4407b-da20-4da8-89f4-f3b53eee50e3', 1.00, '1', '1', '1', '1', '1', '1', 1, '2022-11-28 04:04:22', '2022-11-28 04:04:22', NULL);

-- --------------------------------------------------------

--
-- Table structure for table `zone_type_price`
--

CREATE TABLE `zone_type_price` (
  `id` char(36) COLLATE utf8mb4_unicode_ci NOT NULL,
  `zone_type_id` char(36) COLLATE utf8mb4_unicode_ci NOT NULL,
  `price_type` int(11) DEFAULT NULL COMMENT '1 => Ridenow,2 => RideLater',
  `base_price` double(10,2) NOT NULL DEFAULT 0.00,
  `base_distance` int(11) NOT NULL,
  `price_per_distance` double(10,2) NOT NULL DEFAULT 0.00,
  `free_waiting_time_in_mins_before_trip_start` int(11) NOT NULL DEFAULT 0,
  `free_waiting_time_in_mins_after_trip_start` int(11) NOT NULL DEFAULT 0,
  `waiting_charge` double(10,2) NOT NULL DEFAULT 0.00,
  `price_per_time` double(10,2) NOT NULL DEFAULT 0.00,
  `cancellation_fee` double(10,2) NOT NULL DEFAULT 0.00,
  `active` tinyint(1) NOT NULL DEFAULT 1,
  `created_at` timestamp NULL DEFAULT NULL,
  `updated_at` timestamp NULL DEFAULT NULL,
  `deleted_at` timestamp NULL DEFAULT NULL
) ENGINE=InnoDB DEFAULT CHARSET=utf8mb4 COLLATE=utf8mb4_unicode_ci;

--
-- Dumping data for table `zone_type_price`
--

INSERT INTO `zone_type_price` (`id`, `zone_type_id`, `price_type`, `base_price`, `base_distance`, `price_per_distance`, `free_waiting_time_in_mins_before_trip_start`, `free_waiting_time_in_mins_after_trip_start`, `waiting_charge`, `price_per_time`, `cancellation_fee`, `active`, `created_at`, `updated_at`, `deleted_at`) VALUES
('4e815229-0c32-411c-8cdc-e2533499402b', '36a4407b-da20-4da8-89f4-f3b53eee50e3', 1, 1.00, 1, 10.00, 0, 0, 0.00, 0.00, 0.00, 1, '2022-11-19 07:03:35', '2022-11-19 07:03:35', NULL),
('600b0e64-77ab-4d79-9617-3a88f0fb10ba', '663bfd6e-a49d-44eb-9036-4f85346d1a15', 1, 1.00, 1, 10.00, 0, 0, 0.00, 1.00, 0.00, 1, '2022-11-28 04:03:23', '2022-11-28 04:03:23', NULL),
('95d88382-4123-44be-929d-733d4e483450', '36a4407b-da20-4da8-89f4-f3b53eee50e3', 2, 1.00, 1, 1.00, 0, 0, 0.00, 1.00, 0.00, 1, '2022-11-19 07:03:35', '2022-11-19 07:03:35', NULL),
('ff4908fe-54a0-44cd-8347-c5f950ca198a', '663bfd6e-a49d-44eb-9036-4f85346d1a15', 2, 1.00, 1, 1.00, 0, 0, 0.00, 1.00, 0.00, 1, '2022-11-28 04:03:23', '2022-11-28 04:03:23', NULL);

--
-- Indexes for dumped tables
--

--
-- Indexes for table `adhocs`
--
ALTER TABLE `adhocs`
  ADD PRIMARY KEY (`id`);

--
-- Indexes for table `adhoc_users`
--
ALTER TABLE `adhoc_users`
  ADD PRIMARY KEY (`id`),
  ADD KEY `adhoc_users_request_id_foreign` (`request_id`);

--
-- Indexes for table `admin_details`
--
ALTER TABLE `admin_details`
  ADD PRIMARY KEY (`id`),
  ADD UNIQUE KEY `admin_details_mobile_unique` (`mobile`),
  ADD KEY `admin_details_user_id_foreign` (`user_id`),
  ADD KEY `admin_details_service_location_id_foreign` (`service_location_id`);

--
-- Indexes for table `airports`
--
ALTER TABLE `airports`
  ADD PRIMARY KEY (`id`),
  ADD KEY `airports_service_location_id_foreign` (`service_location_id`);

--
-- Indexes for table `cancellation_reasons`
--
ALTER TABLE `cancellation_reasons`
  ADD PRIMARY KEY (`id`);

--
-- Indexes for table `card_info`
--
ALTER TABLE `card_info`
  ADD PRIMARY KEY (`id`),
  ADD KEY `card_info_user_id_foreign` (`user_id`);

--
-- Indexes for table `car_makes`
--
ALTER TABLE `car_makes`
  ADD PRIMARY KEY (`id`);

--
-- Indexes for table `car_models`
--
ALTER TABLE `car_models`
  ADD PRIMARY KEY (`id`),
  ADD KEY `car_models_make_id_foreign` (`make_id`);

--
-- Indexes for table `chats`
--
ALTER TABLE `chats`
  ADD PRIMARY KEY (`id`),
  ADD KEY `chats_request_id_foreign` (`request_id`),
  ADD KEY `chats_user_id_foreign` (`user_id`);

--
-- Indexes for table `cities`
--
ALTER TABLE `cities`
  ADD PRIMARY KEY (`id`),
  ADD UNIQUE KEY `cities_slug_unique` (`slug`),
  ADD KEY `cities_state_id_index` (`state_id`);

--
-- Indexes for table `companies`
--
ALTER TABLE `companies`
  ADD PRIMARY KEY (`id`),
  ADD KEY `companies_admin_id_foreign` (`admin_id`),
  ADD KEY `companies_country_foreign` (`country`);

--
-- Indexes for table `complaints`
--
ALTER TABLE `complaints`
  ADD PRIMARY KEY (`id`),
  ADD KEY `complaints_user_id_foreign` (`user_id`),
  ADD KEY `complaints_driver_id_foreign` (`driver_id`),
  ADD KEY `complaints_complaint_title_id_foreign` (`complaint_title_id`),
  ADD KEY `complaints_owner_id_foreign` (`owner_id`);

--
-- Indexes for table `complaint_titles`
--
ALTER TABLE `complaint_titles`
  ADD PRIMARY KEY (`id`);

--
-- Indexes for table `countries`
--
ALTER TABLE `countries`
  ADD PRIMARY KEY (`id`);

--
-- Indexes for table `developers`
--
ALTER TABLE `developers`
  ADD PRIMARY KEY (`id`),
  ADD UNIQUE KEY `developers_mobile_unique` (`mobile`),
  ADD KEY `developers_user_id_foreign` (`user_id`);

--
-- Indexes for table `distance_matrixes`
--
ALTER TABLE `distance_matrixes`
  ADD PRIMARY KEY (`id`);

--
-- Indexes for table `drivers`
--
ALTER TABLE `drivers`
  ADD PRIMARY KEY (`id`),
  ADD KEY `drivers_user_id_foreign` (`user_id`),
  ADD KEY `drivers_car_make_foreign` (`car_make`),
  ADD KEY `drivers_car_model_foreign` (`car_model`),
  ADD KEY `drivers_country_foreign` (`country`),
  ADD KEY `drivers_vehicle_type_foreign` (`vehicle_type`),
  ADD KEY `drivers_service_location_id_foreign` (`service_location_id`),
  ADD KEY `drivers_owner_id_foreign` (`owner_id`),
  ADD KEY `drivers_fleet_id_foreign` (`fleet_id`);

--
-- Indexes for table `driver_availabilities`
--
ALTER TABLE `driver_availabilities`
  ADD PRIMARY KEY (`id`);

--
-- Indexes for table `driver_details`
--
ALTER TABLE `driver_details`
  ADD PRIMARY KEY (`id`),
  ADD KEY `driver_details_company_foreign` (`company`),
  ADD KEY `driver_details_current_zone_foreign` (`current_zone`),
  ADD KEY `driver_details_driver_id_foreign` (`driver_id`);

--
-- Indexes for table `driver_documents`
--
ALTER TABLE `driver_documents`
  ADD PRIMARY KEY (`id`),
  ADD KEY `driver_documents_driver_id_foreign` (`driver_id`),
  ADD KEY `driver_documents_document_id_foreign` (`document_id`);

--
-- Indexes for table `driver_needed_documents`
--
ALTER TABLE `driver_needed_documents`
  ADD PRIMARY KEY (`id`);

--
-- Indexes for table `driver_privileged_vehicles`
--
ALTER TABLE `driver_privileged_vehicles`
  ADD PRIMARY KEY (`id`),
  ADD KEY `driver_privileged_vehicles_owner_id_foreign` (`owner_id`),
  ADD KEY `driver_privileged_vehicles_driver_id_foreign` (`driver_id`),
  ADD KEY `driver_privileged_vehicles_fleet_id_foreign` (`fleet_id`);

--
-- Indexes for table `driver_rejected_requests`
--
ALTER TABLE `driver_rejected_requests`
  ADD PRIMARY KEY (`id`),
  ADD KEY `driver_rejected_requests_request_id_foreign` (`request_id`),
  ADD KEY `driver_rejected_requests_driver_id_foreign` (`driver_id`);

--
-- Indexes for table `driver_subscriptions`
--
ALTER TABLE `driver_subscriptions`
  ADD PRIMARY KEY (`id`),
  ADD KEY `driver_subscriptions_driver_id_foreign` (`driver_id`);

--
-- Indexes for table `driver_wallet`
--
ALTER TABLE `driver_wallet`
  ADD PRIMARY KEY (`id`),
  ADD KEY `driver_wallet_user_id_foreign` (`user_id`);

--
-- Indexes for table `driver_wallet_history`
--
ALTER TABLE `driver_wallet_history`
  ADD PRIMARY KEY (`id`),
  ADD KEY `driver_wallet_history_card_id_foreign` (`card_id`),
  ADD KEY `driver_wallet_history_user_id_foreign` (`user_id`),
  ADD KEY `driver_wallet_history_admin_id_foreign` (`admin_id`),
  ADD KEY `driver_wallet_history_request_id_foreign` (`request_id`);

--
-- Indexes for table `failed_jobs`
--
ALTER TABLE `failed_jobs`
  ADD PRIMARY KEY (`id`);

--
-- Indexes for table `faqs`
--
ALTER TABLE `faqs`
  ADD PRIMARY KEY (`id`);

--
-- Indexes for table `favorite_places`
--
ALTER TABLE `favorite_places`
  ADD PRIMARY KEY (`id`),
  ADD KEY `favorite_places_user_id_foreign` (`user_id`);

--
-- Indexes for table `favourite_locations`
--
ALTER TABLE `favourite_locations`
  ADD PRIMARY KEY (`id`),
  ADD KEY `favourite_locations_user_id_foreign` (`user_id`);

--
-- Indexes for table `fleets`
--
ALTER TABLE `fleets`
  ADD PRIMARY KEY (`id`),
  ADD KEY `fleets_owner_id_foreign` (`owner_id`),
  ADD KEY `fleets_vehicle_type_foreign` (`vehicle_type`),
  ADD KEY `fleets_brand_foreign` (`brand`),
  ADD KEY `fleets_model_foreign` (`model`),
  ADD KEY `fleets_driver_id_foreign` (`driver_id`);

--
-- Indexes for table `fleet_documents`
--
ALTER TABLE `fleet_documents`
  ADD PRIMARY KEY (`id`),
  ADD KEY `fleet_documents_fleet_id_foreign` (`fleet_id`),
  ADD KEY `fleet_documents_document_id_foreign` (`document_id`);

--
-- Indexes for table `fleet_needed_documents`
--
ALTER TABLE `fleet_needed_documents`
  ADD PRIMARY KEY (`id`);

--
-- Indexes for table `jobs`
--
ALTER TABLE `jobs`
  ADD PRIMARY KEY (`id`),
  ADD KEY `jobs_queue_reserved_at_index` (`queue`,`reserved_at`);

--
-- Indexes for table `landingpagecms`
--
ALTER TABLE `landingpagecms`
  ADD PRIMARY KEY (`id`);

--
-- Indexes for table `linked_social_accounts`
--
ALTER TABLE `linked_social_accounts`
  ADD PRIMARY KEY (`id`),
  ADD UNIQUE KEY `linked_social_accounts_provider_id_unique` (`provider_id`);

--
-- Indexes for table `ltm_translations`
--
ALTER TABLE `ltm_translations`
  ADD PRIMARY KEY (`id`);

--
-- Indexes for table `migrations`
--
ALTER TABLE `migrations`
  ADD PRIMARY KEY (`id`);

--
-- Indexes for table `mobile_builds`
--
ALTER TABLE `mobile_builds`
  ADD PRIMARY KEY (`id`),
  ADD KEY `mobile_builds_project_id_foreign` (`project_id`),
  ADD KEY `mobile_builds_flavour_id_foreign` (`flavour_id`);

--
-- Indexes for table `mobile_otp_verifications`
--
ALTER TABLE `mobile_otp_verifications`
  ADD PRIMARY KEY (`id`),
  ADD UNIQUE KEY `mobile_otp_verifications_mobile_unique` (`mobile`);

--
-- Indexes for table `notifications`
--
ALTER TABLE `notifications`
  ADD PRIMARY KEY (`id`);

--
-- Indexes for table `oauth_access_tokens`
--
ALTER TABLE `oauth_access_tokens`
  ADD PRIMARY KEY (`id`),
  ADD KEY `oauth_access_tokens_user_id_index` (`user_id`);

--
-- Indexes for table `oauth_auth_codes`
--
ALTER TABLE `oauth_auth_codes`
  ADD PRIMARY KEY (`id`),
  ADD KEY `oauth_auth_codes_user_id_index` (`user_id`);

--
-- Indexes for table `oauth_clients`
--
ALTER TABLE `oauth_clients`
  ADD PRIMARY KEY (`id`),
  ADD KEY `oauth_clients_user_id_index` (`user_id`);

--
-- Indexes for table `oauth_personal_access_clients`
--
ALTER TABLE `oauth_personal_access_clients`
  ADD PRIMARY KEY (`id`);

--
-- Indexes for table `oauth_refresh_tokens`
--
ALTER TABLE `oauth_refresh_tokens`
  ADD PRIMARY KEY (`id`),
  ADD KEY `oauth_refresh_tokens_access_token_id_index` (`access_token_id`);

--
-- Indexes for table `owners`
--
ALTER TABLE `owners`
  ADD PRIMARY KEY (`id`),
  ADD KEY `owners_user_id_foreign` (`user_id`),
  ADD KEY `owners_service_location_id_foreign` (`service_location_id`);

--
-- Indexes for table `owner_documents`
--
ALTER TABLE `owner_documents`
  ADD PRIMARY KEY (`id`),
  ADD KEY `owner_documents_owner_id_foreign` (`owner_id`),
  ADD KEY `owner_documents_document_id_foreign` (`document_id`);

--
-- Indexes for table `owner_hired_drivers`
--
ALTER TABLE `owner_hired_drivers`
  ADD PRIMARY KEY (`id`),
  ADD KEY `owner_hired_drivers_owner_id_foreign` (`owner_id`),
  ADD KEY `owner_hired_drivers_driver_id_foreign` (`driver_id`);

--
-- Indexes for table `owner_needed_documents`
--
ALTER TABLE `owner_needed_documents`
  ADD PRIMARY KEY (`id`);

--
-- Indexes for table `owner_wallets`
--
ALTER TABLE `owner_wallets`
  ADD PRIMARY KEY (`id`),
  ADD KEY `owner_wallets_user_id_foreign` (`user_id`);

--
-- Indexes for table `owner_wallet_histories`
--
ALTER TABLE `owner_wallet_histories`
  ADD PRIMARY KEY (`id`),
  ADD KEY `owner_wallet_histories_card_id_foreign` (`card_id`),
  ADD KEY `owner_wallet_histories_user_id_foreign` (`user_id`),
  ADD KEY `owner_wallet_histories_admin_id_foreign` (`admin_id`),
  ADD KEY `owner_wallet_histories_request_id_foreign` (`request_id`);

--
-- Indexes for table `package_types`
--
ALTER TABLE `package_types`
  ADD PRIMARY KEY (`id`);

--
-- Indexes for table `permissions`
--
ALTER TABLE `permissions`
  ADD PRIMARY KEY (`id`),
  ADD UNIQUE KEY `permissions_slug_unique` (`slug`);

--
-- Indexes for table `permission_role`
--
ALTER TABLE `permission_role`
  ADD PRIMARY KEY (`role_id`,`permission_id`),
  ADD KEY `permission_role_permission_id_foreign` (`permission_id`);

--
-- Indexes for table `personal_access_tokens`
--
ALTER TABLE `personal_access_tokens`
  ADD PRIMARY KEY (`id`),
  ADD UNIQUE KEY `personal_access_tokens_token_unique` (`token`),
  ADD KEY `personal_access_tokens_tokenable_type_tokenable_id_index` (`tokenable_type`,`tokenable_id`);

--
-- Indexes for table `poc_clients`
--
ALTER TABLE `poc_clients`
  ADD PRIMARY KEY (`id`),
  ADD KEY `poc_clients_user_id_foreign` (`user_id`),
  ADD KEY `poc_clients_project_id_foreign` (`project_id`);

--
-- Indexes for table `projects`
--
ALTER TABLE `projects`
  ADD PRIMARY KEY (`id`);

--
-- Indexes for table `project_flavours`
--
ALTER TABLE `project_flavours`
  ADD PRIMARY KEY (`id`),
  ADD KEY `project_flavours_project_id_foreign` (`project_id`);

--
-- Indexes for table `promo`
--
ALTER TABLE `promo`
  ADD PRIMARY KEY (`id`),
  ADD KEY `promo_service_location_id_foreign` (`service_location_id`);

--
-- Indexes for table `promo_users`
--
ALTER TABLE `promo_users`
  ADD PRIMARY KEY (`id`),
  ADD KEY `promo_users_promo_code_id_foreign` (`promo_code_id`),
  ADD KEY `promo_users_user_id_foreign` (`user_id`),
  ADD KEY `promo_users_request_id_foreign` (`request_id`);

--
-- Indexes for table `requests`
--
ALTER TABLE `requests`
  ADD PRIMARY KEY (`id`),
  ADD KEY `requests_user_id_foreign` (`user_id`),
  ADD KEY `requests_promo_id_foreign` (`promo_id`),
  ADD KEY `requests_dispatcher_id_foreign` (`dispatcher_id`),
  ADD KEY `requests_zone_type_id_foreign` (`zone_type_id`),
  ADD KEY `requests_driver_id_foreign` (`driver_id`),
  ADD KEY `requests_service_location_id_foreign` (`service_location_id`),
  ADD KEY `requests_rental_package_id_foreign` (`rental_package_id`),
  ADD KEY `requests_owner_id_foreign` (`owner_id`),
  ADD KEY `requests_fleet_id_foreign` (`fleet_id`);

--
-- Indexes for table `requests_meta`
--
ALTER TABLE `requests_meta`
  ADD PRIMARY KEY (`id`),
  ADD KEY `requests_meta_request_id_foreign` (`request_id`),
  ADD KEY `requests_meta_user_id_foreign` (`user_id`),
  ADD KEY `requests_meta_driver_id_foreign` (`driver_id`);

--
-- Indexes for table `request_bills`
--
ALTER TABLE `request_bills`
  ADD PRIMARY KEY (`id`),
  ADD KEY `request_bills_request_id_foreign` (`request_id`);

--
-- Indexes for table `request_cancellation_fees`
--
ALTER TABLE `request_cancellation_fees`
  ADD PRIMARY KEY (`id`),
  ADD KEY `request_cancellation_fees_paid_request_id_foreign` (`paid_request_id`),
  ADD KEY `request_cancellation_fees_request_id_foreign` (`request_id`),
  ADD KEY `request_cancellation_fees_user_id_foreign` (`user_id`),
  ADD KEY `request_cancellation_fees_driver_id_foreign` (`driver_id`);

--
-- Indexes for table `request_places`
--
ALTER TABLE `request_places`
  ADD PRIMARY KEY (`id`),
  ADD KEY `request_places_request_id_foreign` (`request_id`);

--
-- Indexes for table `request_ratings`
--
ALTER TABLE `request_ratings`
  ADD PRIMARY KEY (`id`),
  ADD KEY `request_ratings_request_id_foreign` (`request_id`),
  ADD KEY `request_ratings_user_id_foreign` (`user_id`),
  ADD KEY `request_ratings_driver_id_foreign` (`driver_id`);

--
-- Indexes for table `roles`
--
ALTER TABLE `roles`
  ADD PRIMARY KEY (`id`),
  ADD UNIQUE KEY `roles_slug_unique` (`slug`);

--
-- Indexes for table `role_user`
--
ALTER TABLE `role_user`
  ADD PRIMARY KEY (`user_id`,`role_id`),
  ADD KEY `role_user_role_id_foreign` (`role_id`);

--
-- Indexes for table `service_locations`
--
ALTER TABLE `service_locations`
  ADD PRIMARY KEY (`id`),
  ADD KEY `service_locations_country_foreign` (`country`);

--
-- Indexes for table `settings`
--
ALTER TABLE `settings`
  ADD PRIMARY KEY (`id`);

--
-- Indexes for table `sos`
--
ALTER TABLE `sos`
  ADD PRIMARY KEY (`id`),
  ADD KEY `sos_service_location_id_foreign` (`service_location_id`),
  ADD KEY `sos_created_by_foreign` (`created_by`);

--
-- Indexes for table `states`
--
ALTER TABLE `states`
  ADD PRIMARY KEY (`id`),
  ADD UNIQUE KEY `states_slug_unique` (`slug`);

--
-- Indexes for table `time_zones`
--
ALTER TABLE `time_zones`
  ADD PRIMARY KEY (`id`);

--
-- Indexes for table `users`
--
ALTER TABLE `users`
  ADD PRIMARY KEY (`id`),
  ADD UNIQUE KEY `users_username_unique` (`username`),
  ADD KEY `users_country_foreign` (`country`);

--
-- Indexes for table `users_bank_info`
--
ALTER TABLE `users_bank_info`
  ADD PRIMARY KEY (`id`),
  ADD KEY `users_bank_info_user_id_foreign` (`user_id`);

--
-- Indexes for table `user_details`
--
ALTER TABLE `user_details`
  ADD PRIMARY KEY (`id`),
  ADD KEY `user_details_user_id_foreign` (`user_id`),
  ADD KEY `user_details_country_foreign` (`country`);

--
-- Indexes for table `user_driver_notifications`
--
ALTER TABLE `user_driver_notifications`
  ADD PRIMARY KEY (`id`),
  ADD KEY `user_driver_notifications_notify_id_foreign` (`notify_id`),
  ADD KEY `user_driver_notifications_user_id_foreign` (`user_id`),
  ADD KEY `user_driver_notifications_driver_id_foreign` (`driver_id`);

--
-- Indexes for table `user_wallet`
--
ALTER TABLE `user_wallet`
  ADD PRIMARY KEY (`id`),
  ADD KEY `user_wallet_user_id_foreign` (`user_id`);

--
-- Indexes for table `user_wallet_history`
--
ALTER TABLE `user_wallet_history`
  ADD PRIMARY KEY (`id`),
  ADD KEY `user_wallet_history_card_id_foreign` (`card_id`),
  ADD KEY `user_wallet_history_user_id_foreign` (`user_id`),
  ADD KEY `user_wallet_history_admin_id_foreign` (`admin_id`),
  ADD KEY `user_wallet_history_request_id_foreign` (`request_id`);

--
-- Indexes for table `vehicle_types`
--
ALTER TABLE `vehicle_types`
  ADD PRIMARY KEY (`id`);

--
-- Indexes for table `wallet_withdrawal_requests`
--
ALTER TABLE `wallet_withdrawal_requests`
  ADD PRIMARY KEY (`id`),
  ADD KEY `wallet_withdrawal_requests_driver_id_foreign` (`driver_id`),
  ADD KEY `wallet_withdrawal_requests_user_id_foreign` (`user_id`),
  ADD KEY `wallet_withdrawal_requests_owner_id_foreign` (`owner_id`);

--
-- Indexes for table `websockets_statistics_entries`
--
ALTER TABLE `websockets_statistics_entries`
  ADD PRIMARY KEY (`id`);

--
-- Indexes for table `zones`
--
ALTER TABLE `zones`
  ADD PRIMARY KEY (`id`),
  ADD KEY `zones_service_location_id_foreign` (`service_location_id`);

--
-- Indexes for table `zone_bounds`
--
ALTER TABLE `zone_bounds`
  ADD PRIMARY KEY (`id`),
  ADD KEY `zone_bounds_zone_id_foreign` (`zone_id`);

--
-- Indexes for table `zone_surge_prices`
--
ALTER TABLE `zone_surge_prices`
  ADD PRIMARY KEY (`id`),
  ADD KEY `zone_surge_prices_zone_id_foreign` (`zone_id`);

--
-- Indexes for table `zone_types`
--
ALTER TABLE `zone_types`
  ADD PRIMARY KEY (`id`),
  ADD KEY `zone_types_zone_id_foreign` (`zone_id`),
  ADD KEY `zone_types_type_id_foreign` (`type_id`);

--
-- Indexes for table `zone_type_package_prices`
--
ALTER TABLE `zone_type_package_prices`
  ADD PRIMARY KEY (`id`),
  ADD KEY `zone_type_package_prices_zone_type_id_foreign` (`zone_type_id`);

--
-- Indexes for table `zone_type_price`
--
ALTER TABLE `zone_type_price`
  ADD PRIMARY KEY (`id`),
  ADD KEY `zone_type_price_zone_type_id_foreign` (`zone_type_id`);

--
-- AUTO_INCREMENT for dumped tables
--

--
-- AUTO_INCREMENT for table `adhocs`
--
ALTER TABLE `adhocs`
  MODIFY `id` bigint(20) UNSIGNED NOT NULL AUTO_INCREMENT;

--
-- AUTO_INCREMENT for table `adhoc_users`
--
ALTER TABLE `adhoc_users`
  MODIFY `id` int(10) UNSIGNED NOT NULL AUTO_INCREMENT;

--
-- AUTO_INCREMENT for table `car_makes`
--
ALTER TABLE `car_makes`
  MODIFY `id` int(10) UNSIGNED NOT NULL AUTO_INCREMENT, AUTO_INCREMENT=52;

--
-- AUTO_INCREMENT for table `car_models`
--
ALTER TABLE `car_models`
  MODIFY `id` int(10) UNSIGNED NOT NULL AUTO_INCREMENT, AUTO_INCREMENT=800;

--
-- AUTO_INCREMENT for table `countries`
--
ALTER TABLE `countries`
  MODIFY `id` int(10) UNSIGNED NOT NULL AUTO_INCREMENT, AUTO_INCREMENT=247;

--
-- AUTO_INCREMENT for table `distance_matrixes`
--
ALTER TABLE `distance_matrixes`
  MODIFY `id` int(10) UNSIGNED NOT NULL AUTO_INCREMENT, AUTO_INCREMENT=6;

--
-- AUTO_INCREMENT for table `drivers`
--
ALTER TABLE `drivers`
  MODIFY `id` int(10) UNSIGNED NOT NULL AUTO_INCREMENT, AUTO_INCREMENT=23;

--
-- AUTO_INCREMENT for table `driver_availabilities`
--
ALTER TABLE `driver_availabilities`
  MODIFY `id` int(10) UNSIGNED NOT NULL AUTO_INCREMENT, AUTO_INCREMENT=51;

--
-- AUTO_INCREMENT for table `driver_needed_documents`
--
ALTER TABLE `driver_needed_documents`
  MODIFY `id` int(10) UNSIGNED NOT NULL AUTO_INCREMENT, AUTO_INCREMENT=3;

--
-- AUTO_INCREMENT for table `driver_privileged_vehicles`
--
ALTER TABLE `driver_privileged_vehicles`
  MODIFY `id` bigint(20) UNSIGNED NOT NULL AUTO_INCREMENT;

--
-- AUTO_INCREMENT for table `driver_rejected_requests`
--
ALTER TABLE `driver_rejected_requests`
  MODIFY `id` int(10) UNSIGNED NOT NULL AUTO_INCREMENT, AUTO_INCREMENT=2;

--
-- AUTO_INCREMENT for table `failed_jobs`
--
ALTER TABLE `failed_jobs`
  MODIFY `id` bigint(20) UNSIGNED NOT NULL AUTO_INCREMENT;

--
-- AUTO_INCREMENT for table `favorite_places`
--
ALTER TABLE `favorite_places`
  MODIFY `id` int(10) UNSIGNED NOT NULL AUTO_INCREMENT;

--
-- AUTO_INCREMENT for table `favourite_locations`
--
ALTER TABLE `favourite_locations`
  MODIFY `id` int(10) UNSIGNED NOT NULL AUTO_INCREMENT;

--
-- AUTO_INCREMENT for table `fleet_needed_documents`
--
ALTER TABLE `fleet_needed_documents`
  MODIFY `id` int(10) UNSIGNED NOT NULL AUTO_INCREMENT;

--
-- AUTO_INCREMENT for table `jobs`
--
ALTER TABLE `jobs`
  MODIFY `id` bigint(20) UNSIGNED NOT NULL AUTO_INCREMENT, AUTO_INCREMENT=3;

--
-- AUTO_INCREMENT for table `landingpagecms`
--
ALTER TABLE `landingpagecms`
  MODIFY `id` int(11) NOT NULL AUTO_INCREMENT, AUTO_INCREMENT=20;

--
-- AUTO_INCREMENT for table `linked_social_accounts`
--
ALTER TABLE `linked_social_accounts`
  MODIFY `id` int(10) UNSIGNED NOT NULL AUTO_INCREMENT;

--
-- AUTO_INCREMENT for table `ltm_translations`
--
ALTER TABLE `ltm_translations`
  MODIFY `id` bigint(20) UNSIGNED NOT NULL AUTO_INCREMENT;

--
-- AUTO_INCREMENT for table `migrations`
--
ALTER TABLE `migrations`
  MODIFY `id` int(10) UNSIGNED NOT NULL AUTO_INCREMENT, AUTO_INCREMENT=146;

--
-- AUTO_INCREMENT for table `mobile_builds`
--
ALTER TABLE `mobile_builds`
  MODIFY `id` int(10) UNSIGNED NOT NULL AUTO_INCREMENT;

--
-- AUTO_INCREMENT for table `oauth_clients`
--
ALTER TABLE `oauth_clients`
  MODIFY `id` bigint(20) UNSIGNED NOT NULL AUTO_INCREMENT, AUTO_INCREMENT=3;

--
-- AUTO_INCREMENT for table `oauth_personal_access_clients`
--
ALTER TABLE `oauth_personal_access_clients`
  MODIFY `id` bigint(20) UNSIGNED NOT NULL AUTO_INCREMENT, AUTO_INCREMENT=2;

--
-- AUTO_INCREMENT for table `owner_hired_drivers`
--
ALTER TABLE `owner_hired_drivers`
  MODIFY `id` bigint(20) UNSIGNED NOT NULL AUTO_INCREMENT;

--
-- AUTO_INCREMENT for table `owner_needed_documents`
--
ALTER TABLE `owner_needed_documents`
  MODIFY `id` int(10) UNSIGNED NOT NULL AUTO_INCREMENT, AUTO_INCREMENT=2;

--
-- AUTO_INCREMENT for table `package_types`
--
ALTER TABLE `package_types`
  MODIFY `id` int(10) UNSIGNED NOT NULL AUTO_INCREMENT, AUTO_INCREMENT=2;

--
-- AUTO_INCREMENT for table `permissions`
--
ALTER TABLE `permissions`
  MODIFY `id` int(10) UNSIGNED NOT NULL AUTO_INCREMENT, AUTO_INCREMENT=54;

--
-- AUTO_INCREMENT for table `personal_access_tokens`
--
ALTER TABLE `personal_access_tokens`
  MODIFY `id` bigint(20) UNSIGNED NOT NULL AUTO_INCREMENT;

--
-- AUTO_INCREMENT for table `projects`
--
ALTER TABLE `projects`
  MODIFY `id` int(10) UNSIGNED NOT NULL AUTO_INCREMENT;

--
-- AUTO_INCREMENT for table `project_flavours`
--
ALTER TABLE `project_flavours`
  MODIFY `id` int(10) UNSIGNED NOT NULL AUTO_INCREMENT;

--
-- AUTO_INCREMENT for table `promo_users`
--
ALTER TABLE `promo_users`
  MODIFY `id` int(10) UNSIGNED NOT NULL AUTO_INCREMENT;

--
-- AUTO_INCREMENT for table `requests_meta`
--
ALTER TABLE `requests_meta`
  MODIFY `id` int(10) UNSIGNED NOT NULL AUTO_INCREMENT, AUTO_INCREMENT=21;

--
-- AUTO_INCREMENT for table `request_bills`
--
ALTER TABLE `request_bills`
  MODIFY `id` int(10) UNSIGNED NOT NULL AUTO_INCREMENT;

--
-- AUTO_INCREMENT for table `request_cancellation_fees`
--
ALTER TABLE `request_cancellation_fees`
  MODIFY `id` int(10) UNSIGNED NOT NULL AUTO_INCREMENT;

--
-- AUTO_INCREMENT for table `request_places`
--
ALTER TABLE `request_places`
  MODIFY `id` int(10) UNSIGNED NOT NULL AUTO_INCREMENT, AUTO_INCREMENT=15;

--
-- AUTO_INCREMENT for table `request_ratings`
--
ALTER TABLE `request_ratings`
  MODIFY `id` int(10) UNSIGNED NOT NULL AUTO_INCREMENT;

--
-- AUTO_INCREMENT for table `roles`
--
ALTER TABLE `roles`
  MODIFY `id` int(10) UNSIGNED NOT NULL AUTO_INCREMENT, AUTO_INCREMENT=9;

--
-- AUTO_INCREMENT for table `settings`
--
ALTER TABLE `settings`
  MODIFY `id` int(10) UNSIGNED NOT NULL AUTO_INCREMENT, AUTO_INCREMENT=65;

--
-- AUTO_INCREMENT for table `users`
--
ALTER TABLE `users`
  MODIFY `id` int(10) UNSIGNED NOT NULL AUTO_INCREMENT, AUTO_INCREMENT=33;

--
-- AUTO_INCREMENT for table `wallet_withdrawal_requests`
--
ALTER TABLE `wallet_withdrawal_requests`
  MODIFY `id` int(10) UNSIGNED NOT NULL AUTO_INCREMENT;

--
-- AUTO_INCREMENT for table `websockets_statistics_entries`
--
ALTER TABLE `websockets_statistics_entries`
  MODIFY `id` int(10) UNSIGNED NOT NULL AUTO_INCREMENT;

--
-- AUTO_INCREMENT for table `zone_surge_prices`
--
ALTER TABLE `zone_surge_prices`
  MODIFY `id` bigint(20) UNSIGNED NOT NULL AUTO_INCREMENT;

--
-- Constraints for dumped tables
--

--
-- Constraints for table `adhoc_users`
--
ALTER TABLE `adhoc_users`
  ADD CONSTRAINT `adhoc_users_request_id_foreign` FOREIGN KEY (`request_id`) REFERENCES `requests` (`id`) ON DELETE CASCADE;

--
-- Constraints for table `admin_details`
--
ALTER TABLE `admin_details`
  ADD CONSTRAINT `admin_details_service_location_id_foreign` FOREIGN KEY (`service_location_id`) REFERENCES `service_locations` (`id`) ON DELETE CASCADE,
  ADD CONSTRAINT `admin_details_user_id_foreign` FOREIGN KEY (`user_id`) REFERENCES `users` (`id`) ON DELETE CASCADE;

--
-- Constraints for table `airports`
--
ALTER TABLE `airports`
  ADD CONSTRAINT `airports_service_location_id_foreign` FOREIGN KEY (`service_location_id`) REFERENCES `service_locations` (`id`) ON DELETE CASCADE;

--
-- Constraints for table `card_info`
--
ALTER TABLE `card_info`
  ADD CONSTRAINT `card_info_user_id_foreign` FOREIGN KEY (`user_id`) REFERENCES `users` (`id`) ON DELETE CASCADE;

--
-- Constraints for table `car_models`
--
ALTER TABLE `car_models`
  ADD CONSTRAINT `car_models_make_id_foreign` FOREIGN KEY (`make_id`) REFERENCES `car_makes` (`id`) ON DELETE CASCADE;

--
-- Constraints for table `chats`
--
ALTER TABLE `chats`
  ADD CONSTRAINT `chats_request_id_foreign` FOREIGN KEY (`request_id`) REFERENCES `requests` (`id`) ON DELETE CASCADE,
  ADD CONSTRAINT `chats_user_id_foreign` FOREIGN KEY (`user_id`) REFERENCES `users` (`id`) ON DELETE CASCADE;

--
-- Constraints for table `companies`
--
ALTER TABLE `companies`
  ADD CONSTRAINT `companies_admin_id_foreign` FOREIGN KEY (`admin_id`) REFERENCES `users` (`id`) ON DELETE CASCADE,
  ADD CONSTRAINT `companies_country_foreign` FOREIGN KEY (`country`) REFERENCES `countries` (`id`) ON DELETE CASCADE;

--
-- Constraints for table `complaints`
--
ALTER TABLE `complaints`
  ADD CONSTRAINT `complaints_complaint_title_id_foreign` FOREIGN KEY (`complaint_title_id`) REFERENCES `complaint_titles` (`id`) ON DELETE CASCADE,
  ADD CONSTRAINT `complaints_driver_id_foreign` FOREIGN KEY (`driver_id`) REFERENCES `drivers` (`id`) ON DELETE CASCADE,
  ADD CONSTRAINT `complaints_owner_id_foreign` FOREIGN KEY (`owner_id`) REFERENCES `owners` (`id`) ON DELETE CASCADE,
  ADD CONSTRAINT `complaints_user_id_foreign` FOREIGN KEY (`user_id`) REFERENCES `users` (`id`) ON DELETE CASCADE;

--
-- Constraints for table `developers`
--
ALTER TABLE `developers`
  ADD CONSTRAINT `developers_user_id_foreign` FOREIGN KEY (`user_id`) REFERENCES `users` (`id`) ON DELETE CASCADE;

--
-- Constraints for table `drivers`
--
ALTER TABLE `drivers`
  ADD CONSTRAINT `drivers_car_make_foreign` FOREIGN KEY (`car_make`) REFERENCES `car_makes` (`id`) ON DELETE CASCADE,
  ADD CONSTRAINT `drivers_car_model_foreign` FOREIGN KEY (`car_model`) REFERENCES `car_models` (`id`) ON DELETE CASCADE,
  ADD CONSTRAINT `drivers_country_foreign` FOREIGN KEY (`country`) REFERENCES `countries` (`id`) ON DELETE CASCADE,
  ADD CONSTRAINT `drivers_fleet_id_foreign` FOREIGN KEY (`fleet_id`) REFERENCES `fleets` (`id`) ON DELETE CASCADE,
  ADD CONSTRAINT `drivers_owner_id_foreign` FOREIGN KEY (`owner_id`) REFERENCES `owners` (`id`) ON DELETE CASCADE,
  ADD CONSTRAINT `drivers_service_location_id_foreign` FOREIGN KEY (`service_location_id`) REFERENCES `service_locations` (`id`) ON DELETE CASCADE,
  ADD CONSTRAINT `drivers_user_id_foreign` FOREIGN KEY (`user_id`) REFERENCES `users` (`id`) ON DELETE CASCADE,
  ADD CONSTRAINT `drivers_vehicle_type_foreign` FOREIGN KEY (`vehicle_type`) REFERENCES `vehicle_types` (`id`) ON DELETE CASCADE;

--
-- Constraints for table `driver_details`
--
ALTER TABLE `driver_details`
  ADD CONSTRAINT `driver_details_company_foreign` FOREIGN KEY (`company`) REFERENCES `companies` (`id`) ON DELETE SET NULL,
  ADD CONSTRAINT `driver_details_current_zone_foreign` FOREIGN KEY (`current_zone`) REFERENCES `zones` (`id`) ON DELETE SET NULL,
  ADD CONSTRAINT `driver_details_driver_id_foreign` FOREIGN KEY (`driver_id`) REFERENCES `drivers` (`id`) ON DELETE CASCADE;

--
-- Constraints for table `driver_documents`
--
ALTER TABLE `driver_documents`
  ADD CONSTRAINT `driver_documents_document_id_foreign` FOREIGN KEY (`document_id`) REFERENCES `driver_needed_documents` (`id`) ON DELETE CASCADE,
  ADD CONSTRAINT `driver_documents_driver_id_foreign` FOREIGN KEY (`driver_id`) REFERENCES `drivers` (`id`) ON DELETE CASCADE;

--
-- Constraints for table `driver_privileged_vehicles`
--
ALTER TABLE `driver_privileged_vehicles`
  ADD CONSTRAINT `driver_privileged_vehicles_driver_id_foreign` FOREIGN KEY (`driver_id`) REFERENCES `drivers` (`id`) ON DELETE CASCADE,
  ADD CONSTRAINT `driver_privileged_vehicles_fleet_id_foreign` FOREIGN KEY (`fleet_id`) REFERENCES `fleets` (`id`) ON DELETE CASCADE,
  ADD CONSTRAINT `driver_privileged_vehicles_owner_id_foreign` FOREIGN KEY (`owner_id`) REFERENCES `owners` (`id`) ON DELETE CASCADE;

--
-- Constraints for table `driver_rejected_requests`
--
ALTER TABLE `driver_rejected_requests`
  ADD CONSTRAINT `driver_rejected_requests_driver_id_foreign` FOREIGN KEY (`driver_id`) REFERENCES `drivers` (`id`) ON DELETE CASCADE,
  ADD CONSTRAINT `driver_rejected_requests_request_id_foreign` FOREIGN KEY (`request_id`) REFERENCES `requests` (`id`) ON DELETE CASCADE;

--
-- Constraints for table `driver_subscriptions`
--
ALTER TABLE `driver_subscriptions`
  ADD CONSTRAINT `driver_subscriptions_driver_id_foreign` FOREIGN KEY (`driver_id`) REFERENCES `drivers` (`id`) ON DELETE CASCADE;

--
-- Constraints for table `driver_wallet`
--
ALTER TABLE `driver_wallet`
  ADD CONSTRAINT `driver_wallet_user_id_foreign` FOREIGN KEY (`user_id`) REFERENCES `drivers` (`id`) ON DELETE CASCADE;

--
-- Constraints for table `driver_wallet_history`
--
ALTER TABLE `driver_wallet_history`
  ADD CONSTRAINT `driver_wallet_history_admin_id_foreign` FOREIGN KEY (`admin_id`) REFERENCES `admin_details` (`id`) ON DELETE CASCADE,
  ADD CONSTRAINT `driver_wallet_history_card_id_foreign` FOREIGN KEY (`card_id`) REFERENCES `card_info` (`id`) ON DELETE CASCADE,
  ADD CONSTRAINT `driver_wallet_history_request_id_foreign` FOREIGN KEY (`request_id`) REFERENCES `requests` (`id`) ON DELETE CASCADE,
  ADD CONSTRAINT `driver_wallet_history_user_id_foreign` FOREIGN KEY (`user_id`) REFERENCES `drivers` (`id`) ON DELETE CASCADE;

--
-- Constraints for table `favorite_places`
--
ALTER TABLE `favorite_places`
  ADD CONSTRAINT `favorite_places_user_id_foreign` FOREIGN KEY (`user_id`) REFERENCES `users` (`id`) ON DELETE CASCADE;

--
-- Constraints for table `favourite_locations`
--
ALTER TABLE `favourite_locations`
  ADD CONSTRAINT `favourite_locations_user_id_foreign` FOREIGN KEY (`user_id`) REFERENCES `users` (`id`) ON DELETE CASCADE;

--
-- Constraints for table `fleets`
--
ALTER TABLE `fleets`
  ADD CONSTRAINT `fleets_brand_foreign` FOREIGN KEY (`brand`) REFERENCES `car_makes` (`id`) ON DELETE CASCADE,
  ADD CONSTRAINT `fleets_driver_id_foreign` FOREIGN KEY (`driver_id`) REFERENCES `drivers` (`id`) ON DELETE CASCADE,
  ADD CONSTRAINT `fleets_model_foreign` FOREIGN KEY (`model`) REFERENCES `car_models` (`id`) ON DELETE CASCADE,
  ADD CONSTRAINT `fleets_owner_id_foreign` FOREIGN KEY (`owner_id`) REFERENCES `users` (`id`) ON DELETE CASCADE,
  ADD CONSTRAINT `fleets_vehicle_type_foreign` FOREIGN KEY (`vehicle_type`) REFERENCES `vehicle_types` (`id`) ON DELETE CASCADE;

--
-- Constraints for table `fleet_documents`
--
ALTER TABLE `fleet_documents`
  ADD CONSTRAINT `fleet_documents_document_id_foreign` FOREIGN KEY (`document_id`) REFERENCES `fleet_needed_documents` (`id`) ON DELETE CASCADE,
  ADD CONSTRAINT `fleet_documents_fleet_id_foreign` FOREIGN KEY (`fleet_id`) REFERENCES `fleets` (`id`) ON DELETE CASCADE;

--
-- Constraints for table `mobile_builds`
--
ALTER TABLE `mobile_builds`
  ADD CONSTRAINT `mobile_builds_flavour_id_foreign` FOREIGN KEY (`flavour_id`) REFERENCES `project_flavours` (`id`) ON DELETE CASCADE,
  ADD CONSTRAINT `mobile_builds_project_id_foreign` FOREIGN KEY (`project_id`) REFERENCES `projects` (`id`) ON DELETE CASCADE;

--
-- Constraints for table `owners`
--
ALTER TABLE `owners`
  ADD CONSTRAINT `owners_service_location_id_foreign` FOREIGN KEY (`service_location_id`) REFERENCES `service_locations` (`id`) ON DELETE CASCADE,
  ADD CONSTRAINT `owners_user_id_foreign` FOREIGN KEY (`user_id`) REFERENCES `users` (`id`) ON DELETE CASCADE;

--
-- Constraints for table `owner_documents`
--
ALTER TABLE `owner_documents`
  ADD CONSTRAINT `owner_documents_document_id_foreign` FOREIGN KEY (`document_id`) REFERENCES `owner_needed_documents` (`id`) ON DELETE CASCADE,
  ADD CONSTRAINT `owner_documents_owner_id_foreign` FOREIGN KEY (`owner_id`) REFERENCES `owners` (`id`) ON DELETE CASCADE;

--
-- Constraints for table `owner_hired_drivers`
--
ALTER TABLE `owner_hired_drivers`
  ADD CONSTRAINT `owner_hired_drivers_driver_id_foreign` FOREIGN KEY (`driver_id`) REFERENCES `drivers` (`id`) ON DELETE CASCADE,
  ADD CONSTRAINT `owner_hired_drivers_owner_id_foreign` FOREIGN KEY (`owner_id`) REFERENCES `owners` (`id`) ON DELETE CASCADE;

--
-- Constraints for table `owner_wallets`
--
ALTER TABLE `owner_wallets`
  ADD CONSTRAINT `owner_wallets_user_id_foreign` FOREIGN KEY (`user_id`) REFERENCES `owners` (`id`) ON DELETE CASCADE;

--
-- Constraints for table `owner_wallet_histories`
--
ALTER TABLE `owner_wallet_histories`
  ADD CONSTRAINT `owner_wallet_histories_admin_id_foreign` FOREIGN KEY (`admin_id`) REFERENCES `admin_details` (`id`) ON DELETE CASCADE,
  ADD CONSTRAINT `owner_wallet_histories_card_id_foreign` FOREIGN KEY (`card_id`) REFERENCES `card_info` (`id`) ON DELETE CASCADE,
  ADD CONSTRAINT `owner_wallet_histories_request_id_foreign` FOREIGN KEY (`request_id`) REFERENCES `requests` (`id`) ON DELETE CASCADE,
  ADD CONSTRAINT `owner_wallet_histories_user_id_foreign` FOREIGN KEY (`user_id`) REFERENCES `owners` (`id`) ON DELETE CASCADE;

--
-- Constraints for table `permission_role`
--
ALTER TABLE `permission_role`
  ADD CONSTRAINT `permission_role_permission_id_foreign` FOREIGN KEY (`permission_id`) REFERENCES `permissions` (`id`) ON DELETE CASCADE,
  ADD CONSTRAINT `permission_role_role_id_foreign` FOREIGN KEY (`role_id`) REFERENCES `roles` (`id`) ON DELETE CASCADE;

--
-- Constraints for table `poc_clients`
--
ALTER TABLE `poc_clients`
  ADD CONSTRAINT `poc_clients_project_id_foreign` FOREIGN KEY (`project_id`) REFERENCES `projects` (`id`) ON DELETE CASCADE,
  ADD CONSTRAINT `poc_clients_user_id_foreign` FOREIGN KEY (`user_id`) REFERENCES `users` (`id`) ON DELETE CASCADE;

--
-- Constraints for table `project_flavours`
--
ALTER TABLE `project_flavours`
  ADD CONSTRAINT `project_flavours_project_id_foreign` FOREIGN KEY (`project_id`) REFERENCES `projects` (`id`) ON DELETE CASCADE;

--
-- Constraints for table `promo`
--
ALTER TABLE `promo`
  ADD CONSTRAINT `promo_service_location_id_foreign` FOREIGN KEY (`service_location_id`) REFERENCES `service_locations` (`id`) ON DELETE CASCADE;

--
-- Constraints for table `promo_users`
--
ALTER TABLE `promo_users`
  ADD CONSTRAINT `promo_users_promo_code_id_foreign` FOREIGN KEY (`promo_code_id`) REFERENCES `promo` (`id`) ON DELETE CASCADE,
  ADD CONSTRAINT `promo_users_request_id_foreign` FOREIGN KEY (`request_id`) REFERENCES `requests` (`id`) ON DELETE CASCADE,
  ADD CONSTRAINT `promo_users_user_id_foreign` FOREIGN KEY (`user_id`) REFERENCES `users` (`id`) ON DELETE CASCADE;

--
-- Constraints for table `requests`
--
ALTER TABLE `requests`
  ADD CONSTRAINT `requests_dispatcher_id_foreign` FOREIGN KEY (`dispatcher_id`) REFERENCES `admin_details` (`id`) ON DELETE CASCADE,
  ADD CONSTRAINT `requests_driver_id_foreign` FOREIGN KEY (`driver_id`) REFERENCES `drivers` (`id`) ON DELETE CASCADE,
  ADD CONSTRAINT `requests_fleet_id_foreign` FOREIGN KEY (`fleet_id`) REFERENCES `fleets` (`id`) ON DELETE CASCADE,
  ADD CONSTRAINT `requests_owner_id_foreign` FOREIGN KEY (`owner_id`) REFERENCES `owners` (`id`) ON DELETE CASCADE,
  ADD CONSTRAINT `requests_promo_id_foreign` FOREIGN KEY (`promo_id`) REFERENCES `promo` (`id`) ON DELETE CASCADE,
  ADD CONSTRAINT `requests_rental_package_id_foreign` FOREIGN KEY (`rental_package_id`) REFERENCES `package_types` (`id`) ON DELETE CASCADE,
  ADD CONSTRAINT `requests_service_location_id_foreign` FOREIGN KEY (`service_location_id`) REFERENCES `service_locations` (`id`) ON DELETE CASCADE,
  ADD CONSTRAINT `requests_user_id_foreign` FOREIGN KEY (`user_id`) REFERENCES `users` (`id`) ON DELETE CASCADE,
  ADD CONSTRAINT `requests_zone_type_id_foreign` FOREIGN KEY (`zone_type_id`) REFERENCES `zone_types` (`id`) ON DELETE CASCADE;

--
-- Constraints for table `requests_meta`
--
ALTER TABLE `requests_meta`
  ADD CONSTRAINT `requests_meta_driver_id_foreign` FOREIGN KEY (`driver_id`) REFERENCES `drivers` (`id`) ON DELETE CASCADE,
  ADD CONSTRAINT `requests_meta_request_id_foreign` FOREIGN KEY (`request_id`) REFERENCES `requests` (`id`) ON DELETE CASCADE,
  ADD CONSTRAINT `requests_meta_user_id_foreign` FOREIGN KEY (`user_id`) REFERENCES `users` (`id`) ON DELETE CASCADE;

--
-- Constraints for table `request_bills`
--
ALTER TABLE `request_bills`
  ADD CONSTRAINT `request_bills_request_id_foreign` FOREIGN KEY (`request_id`) REFERENCES `requests` (`id`) ON DELETE CASCADE;

--
-- Constraints for table `request_cancellation_fees`
--
ALTER TABLE `request_cancellation_fees`
  ADD CONSTRAINT `request_cancellation_fees_driver_id_foreign` FOREIGN KEY (`driver_id`) REFERENCES `drivers` (`id`) ON DELETE CASCADE,
  ADD CONSTRAINT `request_cancellation_fees_paid_request_id_foreign` FOREIGN KEY (`paid_request_id`) REFERENCES `requests` (`id`) ON DELETE CASCADE,
  ADD CONSTRAINT `request_cancellation_fees_request_id_foreign` FOREIGN KEY (`request_id`) REFERENCES `requests` (`id`) ON DELETE CASCADE,
  ADD CONSTRAINT `request_cancellation_fees_user_id_foreign` FOREIGN KEY (`user_id`) REFERENCES `users` (`id`) ON DELETE CASCADE;

--
-- Constraints for table `request_places`
--
ALTER TABLE `request_places`
  ADD CONSTRAINT `request_places_request_id_foreign` FOREIGN KEY (`request_id`) REFERENCES `requests` (`id`) ON DELETE CASCADE;

--
-- Constraints for table `request_ratings`
--
ALTER TABLE `request_ratings`
  ADD CONSTRAINT `request_ratings_driver_id_foreign` FOREIGN KEY (`driver_id`) REFERENCES `drivers` (`id`) ON DELETE CASCADE,
  ADD CONSTRAINT `request_ratings_request_id_foreign` FOREIGN KEY (`request_id`) REFERENCES `requests` (`id`) ON DELETE CASCADE,
  ADD CONSTRAINT `request_ratings_user_id_foreign` FOREIGN KEY (`user_id`) REFERENCES `users` (`id`) ON DELETE CASCADE;

--
-- Constraints for table `role_user`
--
ALTER TABLE `role_user`
  ADD CONSTRAINT `role_user_role_id_foreign` FOREIGN KEY (`role_id`) REFERENCES `roles` (`id`) ON DELETE CASCADE,
  ADD CONSTRAINT `role_user_user_id_foreign` FOREIGN KEY (`user_id`) REFERENCES `users` (`id`) ON DELETE CASCADE;

--
-- Constraints for table `service_locations`
--
ALTER TABLE `service_locations`
  ADD CONSTRAINT `service_locations_country_foreign` FOREIGN KEY (`country`) REFERENCES `countries` (`id`) ON DELETE CASCADE;

--
-- Constraints for table `sos`
--
ALTER TABLE `sos`
  ADD CONSTRAINT `sos_created_by_foreign` FOREIGN KEY (`created_by`) REFERENCES `users` (`id`) ON DELETE CASCADE,
  ADD CONSTRAINT `sos_service_location_id_foreign` FOREIGN KEY (`service_location_id`) REFERENCES `service_locations` (`id`) ON DELETE CASCADE;

--
-- Constraints for table `users`
--
ALTER TABLE `users`
  ADD CONSTRAINT `users_country_foreign` FOREIGN KEY (`country`) REFERENCES `countries` (`id`) ON DELETE CASCADE;

--
-- Constraints for table `users_bank_info`
--
ALTER TABLE `users_bank_info`
  ADD CONSTRAINT `users_bank_info_user_id_foreign` FOREIGN KEY (`user_id`) REFERENCES `users` (`id`) ON DELETE CASCADE;

--
-- Constraints for table `user_details`
--
ALTER TABLE `user_details`
  ADD CONSTRAINT `user_details_country_foreign` FOREIGN KEY (`country`) REFERENCES `countries` (`id`) ON DELETE CASCADE,
  ADD CONSTRAINT `user_details_user_id_foreign` FOREIGN KEY (`user_id`) REFERENCES `users` (`id`) ON DELETE CASCADE;

--
-- Constraints for table `user_driver_notifications`
--
ALTER TABLE `user_driver_notifications`
  ADD CONSTRAINT `user_driver_notifications_driver_id_foreign` FOREIGN KEY (`driver_id`) REFERENCES `drivers` (`id`) ON DELETE CASCADE,
  ADD CONSTRAINT `user_driver_notifications_notify_id_foreign` FOREIGN KEY (`notify_id`) REFERENCES `notifications` (`id`) ON DELETE CASCADE,
  ADD CONSTRAINT `user_driver_notifications_user_id_foreign` FOREIGN KEY (`user_id`) REFERENCES `users` (`id`) ON DELETE CASCADE;

--
-- Constraints for table `user_wallet`
--
ALTER TABLE `user_wallet`
  ADD CONSTRAINT `user_wallet_user_id_foreign` FOREIGN KEY (`user_id`) REFERENCES `users` (`id`) ON DELETE CASCADE;

--
-- Constraints for table `user_wallet_history`
--
ALTER TABLE `user_wallet_history`
  ADD CONSTRAINT `user_wallet_history_admin_id_foreign` FOREIGN KEY (`admin_id`) REFERENCES `admin_details` (`id`) ON DELETE CASCADE,
  ADD CONSTRAINT `user_wallet_history_card_id_foreign` FOREIGN KEY (`card_id`) REFERENCES `card_info` (`id`) ON DELETE CASCADE,
  ADD CONSTRAINT `user_wallet_history_request_id_foreign` FOREIGN KEY (`request_id`) REFERENCES `requests` (`id`) ON DELETE CASCADE,
  ADD CONSTRAINT `user_wallet_history_user_id_foreign` FOREIGN KEY (`user_id`) REFERENCES `users` (`id`) ON DELETE CASCADE;

--
-- Constraints for table `wallet_withdrawal_requests`
--
ALTER TABLE `wallet_withdrawal_requests`
  ADD CONSTRAINT `wallet_withdrawal_requests_driver_id_foreign` FOREIGN KEY (`driver_id`) REFERENCES `drivers` (`id`) ON DELETE CASCADE,
  ADD CONSTRAINT `wallet_withdrawal_requests_owner_id_foreign` FOREIGN KEY (`owner_id`) REFERENCES `owners` (`id`) ON DELETE CASCADE,
  ADD CONSTRAINT `wallet_withdrawal_requests_user_id_foreign` FOREIGN KEY (`user_id`) REFERENCES `users` (`id`) ON DELETE CASCADE;

--
-- Constraints for table `zones`
--
ALTER TABLE `zones`
  ADD CONSTRAINT `zones_service_location_id_foreign` FOREIGN KEY (`service_location_id`) REFERENCES `service_locations` (`id`) ON DELETE CASCADE;

--
-- Constraints for table `zone_bounds`
--
ALTER TABLE `zone_bounds`
  ADD CONSTRAINT `zone_bounds_zone_id_foreign` FOREIGN KEY (`zone_id`) REFERENCES `zones` (`id`) ON DELETE CASCADE;

--
-- Constraints for table `zone_surge_prices`
--
ALTER TABLE `zone_surge_prices`
  ADD CONSTRAINT `zone_surge_prices_zone_id_foreign` FOREIGN KEY (`zone_id`) REFERENCES `zones` (`id`) ON DELETE CASCADE;

--
-- Constraints for table `zone_types`
--
ALTER TABLE `zone_types`
  ADD CONSTRAINT `zone_types_type_id_foreign` FOREIGN KEY (`type_id`) REFERENCES `vehicle_types` (`id`) ON DELETE CASCADE,
  ADD CONSTRAINT `zone_types_zone_id_foreign` FOREIGN KEY (`zone_id`) REFERENCES `zones` (`id`) ON DELETE CASCADE;

--
-- Constraints for table `zone_type_package_prices`
--
ALTER TABLE `zone_type_package_prices`
  ADD CONSTRAINT `zone_type_package_prices_zone_type_id_foreign` FOREIGN KEY (`zone_type_id`) REFERENCES `zone_types` (`id`) ON DELETE CASCADE;

--
-- Constraints for table `zone_type_price`
--
ALTER TABLE `zone_type_price`
  ADD CONSTRAINT `zone_type_price_zone_type_id_foreign` FOREIGN KEY (`zone_type_id`) REFERENCES `zone_types` (`id`) ON DELETE CASCADE;
COMMIT;

/*!40101 SET CHARACTER_SET_CLIENT=@OLD_CHARACTER_SET_CLIENT */;
/*!40101 SET CHARACTER_SET_RESULTS=@OLD_CHARACTER_SET_RESULTS */;
/*!40101 SET COLLATION_CONNECTION=@OLD_COLLATION_CONNECTION */;
